utc,f107_previous_day_sfu,f107_centered_81day_sfu,ap_daily,ap_current_3h,ap_3h_prior,ap_6h_prior,ap_9h_prior,ap_mean_12_33h,ap_mean_36_57h,interpolated_or_predicted
2025-03-20T00:00:00Z,179.500000,168.000000,5.000000,6.000000,15.000000,39.000000,18.000000,14.375000,13.875000,0
2025-03-20T03:00:00Z,179.500000,168.000000,5.000000,6.000000,6.000000,15.000000,39.000000,15.125000,13.500000,0
2025-03-20T06:00:00Z,179.500000,168.000000,5.000000,6.000000,6.000000,6.000000,15.000000,19.250000,12.000000,0
2025-03-20T09:00:00Z,179.500000,168.000000,5.000000,3.000000,6.000000,6.000000,6.000000,20.250000,11.375000,0
2025-03-20T12:00:00Z,179.500000,168.000000,5.000000,5.000000,3.000000,6.000000,6.000000,19.875000,10.625000,0
2025-03-20T15:00:00Z,179.500000,168.000000,5.000000,3.000000,5.000000,3.000000,6.000000,17.250000,12.125000,0
2025-03-20T18:00:00Z,179.500000,168.000000,5.000000,3.000000,3.000000,5.000000,3.000000,14.625000,14.375000,0
2025-03-20T21:00:00Z,179.500000,168.000000,5.000000,9.000000,3.000000,3.000000,5.000000,13.500000,14.750000,0
2025-03-21T00:00:00Z,170.200000,167.700000,24.000000,18.000000,9.000000,3.000000,3.000000,12.250000,14.375000,0
2025-03-21T03:00:00Z,170.200000,167.700000,24.000000,15.000000,18.000000,9.000000,3.000000,10.375000,15.125000,0
2025-03-21T06:00:00Z,170.200000,167.700000,24.000000,6.000000,15.000000,18.000000,9.000000,5.875000,19.250000,0
2025-03-21T09:00:00Z,170.200000,167.700000,24.000000,6.000000,6.000000,15.000000,18.000000,5.125000,20.250000,0
2025-03-21T12:00:00Z,170.200000,167.700000,24.000000,12.000000,6.000000,6.000000,15.000000,6.625000,19.875000,0
2025-03-21T15:00:00Z,170.200000,167.700000,24.000000,27.000000,12.000000,6.000000,6.000000,7.750000,17.250000,0
2025-03-21T18:00:00Z,170.200000,167.700000,24.000000,56.000000,27.000000,12.000000,6.000000,7.750000,14.625000,0
2025-03-21T21:00:00Z,170.200000,167.700000,24.000000,48.000000,56.000000,27.000000,12.000000,8.125000,13.500000,0
2025-03-22T00:00:00Z,165.300000,167.500000,32.000000,67.000000,48.000000,56.000000,27.000000,9.000000,12.250000,0
2025-03-22T03:00:00Z,165.300000,167.500000,32.000000,48.000000,67.000000,48.000000,56.000000,12.000000,10.375000,0
2025-03-22T06:00:00Z,165.300000,167.500000,32.000000,12.000000,48.000000,67.000000,48.000000,18.625000,5.875000,0
2025-03-22T09:00:00Z,165.300000,167.500000,32.000000,12.000000,12.000000,48.000000,67.000000,23.500000,5.125000,0
2025-03-22T12:00:00Z,165.300000,167.500000,32.000000,27.000000,12.000000,12.000000,48.000000,29.625000,6.625000,0
2025-03-22T15:00:00Z,165.300000,167.500000,32.000000,32.000000,27.000000,12.000000,12.000000,33.750000,7.750000,0
2025-03-22T18:00:00Z,165.300000,167.500000,32.000000,22.000000,32.000000,27.000000,12.000000,34.500000,7.750000,0
2025-03-22T21:00:00Z,165.300000,167.500000,32.000000,32.000000,22.000000,32.000000,27.000000,35.250000,8.125000,0
2025-03-23T00:00:00Z,177.900000,167.400000,9.000000,27.000000,32.000000,22.000000,32.000000,37.125000,9.000000,0
2025-03-23T03:00:00Z,177.900000,167.400000,9.000000,7.000000,27.000000,32.000000,22.000000,37.750000,12.000000,0
2025-03-23T06:00:00Z,177.900000,167.400000,9.000000,12.000000,7.000000,27.000000,32.000000,33.500000,18.625000,0
2025-03-23T09:00:00Z,177.900000,167.400000,9.000000,6.000000,12.000000,7.000000,27.000000,31.500000,23.500000,0
2025-03-23T12:00:00Z,177.900000,167.400000,9.000000,7.000000,6.000000,12.000000,7.000000,26.500000,29.625000,0
2025-03-23T15:00:00Z,177.900000,167.400000,9.000000,4.000000,7.000000,6.000000,12.000000,21.375000,33.750000,0
2025-03-23T18:00:00Z,177.900000,167.400000,9.000000,7.000000,4.000000,7.000000,6.000000,21.375000,34.500000,0
2025-03-23T21:00:00Z,177.900000,167.400000,9.000000,5.000000,7.000000,4.000000,7.000000,20.625000,35.250000,0
2025-03-24T00:00:00Z,168.100000,167.400000,18.000000,27.000000,5.000000,7.000000,4.000000,18.125000,37.125000,0
2025-03-24T03:00:00Z,168.100000,167.400000,18.000000,32.000000,27.000000,5.000000,7.000000,14.625000,37.750000,0
2025-03-24T06:00:00Z,168.100000,167.400000,18.000000,12.000000,32.000000,27.000000,5.000000,12.750000,33.500000,0
2025-03-24T09:00:00Z,168.100000,167.400000,18.000000,15.000000,12.000000,32.000000,27.000000,9.375000,31.500000,0
2025-03-24T12:00:00Z,168.100000,167.400000,18.000000,22.000000,15.000000,12.000000,32.000000,9.375000,26.500000,0
2025-03-24T15:00:00Z,168.100000,167.400000,18.000000,22.000000,22.000000,15.000000,12.000000,12.500000,21.375000,0
2025-03-24T18:00:00Z,168.100000,167.400000,18.000000,12.000000,22.000000,22.000000,15.000000,12.500000,21.375000,0
2025-03-24T21:00:00Z,168.100000,167.400000,18.000000,6.000000,12.000000,22.000000,22.000000,13.625000,20.625000,0
2025-03-25T00:00:00Z,156.000000,167.400000,14.000000,18.000000,6.000000,12.000000,22.000000,15.500000,18.125000,0
2025-03-25T03:00:00Z,156.000000,167.400000,14.000000,12.000000,18.000000,6.000000,12.000000,17.750000,14.625000,0
2025-03-25T06:00:00Z,156.000000,167.400000,14.000000,9.000000,12.000000,18.000000,6.000000,18.375000,12.750000,0
2025-03-25T09:00:00Z,156.000000,167.400000,14.000000,15.000000,9.000000,12.000000,18.000000,18.500000,9.375000,0
2025-03-25T12:00:00Z,156.000000,167.400000,14.000000,7.000000,15.000000,9.000000,12.000000,17.375000,9.375000,0
2025-03-25T15:00:00Z,156.000000,167.400000,14.000000,12.000000,7.000000,15.000000,9.000000,14.875000,12.500000,0
2025-03-25T18:00:00Z,156.000000,167.400000,14.000000,27.000000,12.000000,7.000000,15.000000,14.500000,12.500000,0
2025-03-25T21:00:00Z,156.000000,167.400000,14.000000,15.000000,27.000000,12.000000,7.000000,14.500000,13.625000,0
2025-03-26T00:00:00Z,156.100000,167.200000,40.000000,32.000000,15.000000,27.000000,12.000000,12.625000,15.500000,0
2025-03-26T03:00:00Z,156.100000,167.200000,40.000000,32.000000,32.000000,15.000000,27.000000,11.375000,17.750000,0
2025-03-26T06:00:00Z,156.100000,167.200000,40.000000,9.000000,32.000000,32.000000,15.000000,13.250000,18.375000,0
2025-03-26T09:00:00Z,156.100000,167.200000,40.000000,18.000000,9.000000,32.000000,32.000000,14.375000,18.500000,0
2025-03-26T12:00:00Z,156.100000,167.200000,40.000000,67.000000,18.000000,9.000000,32.000000,16.125000,17.375000,0
2025-03-26T15:00:00Z,156.100000,167.200000,40.000000,67.000000,67.000000,18.000000,9.000000,18.625000,14.875000,0
2025-03-26T18:00:00Z,156.100000,167.200000,40.000000,67.000000,67.000000,67.000000,18.000000,18.625000,14.500000,0
2025-03-26T21:00:00Z,156.100000,167.200000,40.000000,32.000000,67.000000,67.000000,67.000000,19.000000,14.500000,0
2025-03-27T00:00:00Z,152.300000,166.900000,30.000000,22.000000,32.000000,67.000000,67.000000,26.500000,12.625000,0
2025-03-27T03:00:00Z,152.300000,166.900000,30.000000,32.000000,22.000000,32.000000,67.000000,33.375000,11.375000,0
2025-03-27T06:00:00Z,152.300000,166.900000,30.000000,39.000000,32.000000,22.000000,32.000000,38.375000,13.250000,0
2025-03-27T09:00:00Z,152.300000,166.900000,30.000000,27.000000,39.000000,32.000000,22.000000,40.500000,14.375000,0
2025-03-27T12:00:00Z,152.300000,166.900000,30.000000,39.000000,27.000000,39.000000,32.000000,39.250000,16.125000,0
2025-03-27T15:00:00Z,152.300000,166.900000,30.000000,39.000000,39.000000,27.000000,39.000000,39.250000,18.625000,0
2025-03-27T18:00:00Z,152.300000,166.900000,30.000000,22.000000,39.000000,39.000000,27.000000,43.000000,18.625000,0
2025-03-27T21:00:00Z,152.300000,166.900000,30.000000,22.000000,22.000000,39.000000,39.000000,44.125000,19.000000,0
2025-03-28T00:00:00Z,152.600000,166.500000,14.000000,9.000000,22.000000,22.000000,39.000000,40.625000,26.500000,0
2025-03-28T03:00:00Z,152.600000,166.500000,14.000000,15.000000,9.000000,22.000000,22.000000,37.125000,33.375000,0
2025-03-28T06:00:00Z,152.600000,166.500000,14.000000,12.000000,15.000000,9.000000,22.000000,31.500000,38.375000,0
2025-03-28T09:00:00Z,152.600000,166.500000,14.000000,9.000000,12.000000,15.000000,9.000000,30.250000,40.500000,0
2025-03-28T12:00:00Z,152.600000,166.500000,14.000000,12.000000,9.000000,12.000000,15.000000,28.625000,39.250000,0
2025-03-28T15:00:00Z,152.600000,166.500000,14.000000,12.000000,12.000000,9.000000,12.000000,26.500000,39.250000,0
2025-03-28T18:00:00Z,152.600000,166.500000,14.000000,18.000000,12.000000,12.000000,9.000000,23.125000,43.000000,0
2025-03-28T21:00:00Z,152.600000,166.500000,14.000000,27.000000,18.000000,12.000000,12.000000,20.875000,44.125000,0
2025-03-29T00:00:00Z,160.400000,166.100000,7.000000,15.000000,27.000000,18.000000,12.000000,17.500000,40.625000,0
2025-03-29T03:00:00Z,160.400000,166.100000,7.000000,18.000000,15.000000,27.000000,18.000000,14.125000,37.125000,0
2025-03-29T06:00:00Z,160.400000,166.100000,7.000000,6.000000,18.000000,15.000000,27.000000,13.625000,31.500000,0
2025-03-29T09:00:00Z,160.400000,166.100000,7.000000,5.000000,6.000000,18.000000,15.000000,14.250000,30.250000,0
2025-03-29T12:00:00Z,160.400000,166.100000,7.000000,4.000000,5.000000,6.000000,18.000000,15.000000,28.625000,0
2025-03-29T15:00:00Z,160.400000,166.100000,7.000000,4.000000,4.000000,5.000000,6.000000,15.375000,26.500000,0
2025-03-29T18:00:00Z,160.400000,166.100000,7.000000,2.000000,4.000000,4.000000,5.000000,14.625000,23.125000,0
2025-03-29T21:00:00Z,160.400000,166.100000,7.000000,4.000000,2.000000,4.000000,4.000000,14.125000,20.875000,0
2025-03-30T00:00:00Z,156.600000,165.500000,5.000000,5.000000,4.000000,2.000000,4.000000,13.125000,17.500000,0
2025-03-30T03:00:00Z,156.600000,165.500000,5.000000,9.000000,5.000000,4.000000,2.000000,12.125000,14.125000,0
2025-03-30T06:00:00Z,156.600000,165.500000,5.000000,9.000000,9.000000,5.000000,4.000000,10.125000,13.625000,0
2025-03-30T09:00:00Z,156.600000,165.500000,5.000000,5.000000,9.000000,9.000000,5.000000,7.250000,14.250000,0
2025-03-30T12:00:00Z,156.600000,165.500000,5.000000,3.000000,5.000000,9.000000,9.000000,6.000000,15.000000,0
2025-03-30T15:00:00Z,156.600000,165.500000,5.000000,3.000000,3.000000,5.000000,9.000000,4.875000,15.375000,0
2025-03-30T18:00:00Z,156.600000,165.500000,5.000000,4.000000,3.000000,3.000000,5.000000,5.250000,14.625000,0
2025-03-30T21:00:00Z,156.600000,165.500000,5.000000,3.000000,4.000000,3.000000,3.000000,5.250000,14.125000,0
2025-03-31T00:00:00Z,171.100000,165.000000,5.000000,2.000000,3.000000,4.000000,3.000000,5.125000,13.125000,0
2025-03-31T03:00:00Z,171.100000,165.000000,5.000000,6.000000,2.000000,3.000000,4.000000,5.000000,12.125000,0
2025-03-31T06:00:00Z,171.100000,165.000000,5.000000,7.000000,6.000000,2.000000,3.000000,5.250000,10.125000,0
2025-03-31T09:00:00Z,171.100000,165.000000,5.000000,6.000000,7.000000,6.000000,2.000000,5.125000,7.250000,0
2025-03-31T12:00:00Z,171.100000,165.000000,5.000000,5.000000,6.000000,7.000000,6.000000,4.750000,6.000000,0
2025-03-31T15:00:00Z,171.100000,165.000000,5.000000,6.000000,5.000000,6.000000,7.000000,4.375000,4.875000,0
2025-03-31T18:00:00Z,171.100000,165.000000,5.000000,4.000000,6.000000,5.000000,6.000000,4.125000,5.250000,0
2025-03-31T21:00:00Z,171.100000,165.000000,5.000000,4.000000,4.000000,6.000000,5.000000,4.250000,5.250000,0
2025-04-01T00:00:00Z,171.900000,164.300000,5.000000,4.000000,4.000000,4.000000,6.000000,4.500000,5.125000,0
2025-04-01T03:00:00Z,171.900000,164.300000,5.000000,3.000000,4.000000,4.000000,4.000000,4.875000,5.000000,0
2025-04-01T06:00:00Z,171.900000,164.300000,5.000000,3.000000,3.000000,4.000000,4.000000,4.875000,5.250000,0
2025-04-01T09:00:00Z,171.900000,164.300000,5.000000,2.000000,3.000000,3.000000,4.000000,5.000000,5.125000,0
2025-04-01T12:00:00Z,171.900000,164.300000,5.000000,5.000000,2.000000,3.000000,3.000000,5.250000,4.750000,0
2025-04-01T15:00:00Z,171.900000,164.300000,5.000000,4.000000,5.000000,2.000000,3.000000,4.875000,4.375000,0
2025-04-01T18:00:00Z,171.900000,164.300000,5.000000,9.000000,4.000000,5.000000,2.000000,4.375000,4.125000,0
2025-04-01T21:00:00Z,171.900000,164.300000,5.000000,7.000000,9.000000,4.000000,5.000000,3.875000,4.250000,0
2025-04-02T00:00:00Z,181.900000,163.500000,17.000000,22.000000,7.000000,9.000000,4.000000,3.875000,4.500000,0
2025-04-02T03:00:00Z,181.900000,163.500000,17.000000,18.000000,22.000000,7.000000,9.000000,3.625000,4.875000,0
2025-04-02T06:00:00Z,181.900000,163.500000,17.000000,18.000000,18.000000,22.000000,7.000000,4.250000,4.875000,0
2025-04-02T09:00:00Z,181.900000,163.500000,17.000000,22.000000,18.000000,18.000000,22.000000,4.625000,5.000000,0
2025-04-02T12:00:00Z,181.900000,163.500000,17.000000,12.000000,22.000000,18.000000,18.000000,6.875000,5.250000,0
2025-04-02T15:00:00Z,181.900000,163.500000,17.000000,6.000000,12.000000,22.000000,18.000000,8.750000,4.875000,0
2025-04-02T18:00:00Z,181.900000,163.500000,17.000000,18.000000,6.000000,12.000000,22.000000,10.625000,4.375000,0
2025-04-02T21:00:00Z,181.900000,163.500000,17.000000,18.000000,18.000000,6.000000,12.000000,13.125000,3.875000,0
2025-04-03T00:00:00Z,179.900000,162.500000,21.000000,18.000000,18.000000,18.000000,6.000000,14.000000,3.875000,0
2025-04-03T03:00:00Z,179.900000,162.500000,21.000000,9.000000,18.000000,18.000000,18.000000,14.250000,3.625000,0
2025-04-03T06:00:00Z,179.900000,162.500000,21.000000,22.000000,9.000000,18.000000,18.000000,15.375000,4.250000,0
2025-04-03T09:00:00Z,179.900000,162.500000,21.000000,18.000000,22.000000,9.000000,18.000000,16.750000,4.625000,0
2025-04-03T12:00:00Z,179.900000,162.500000,21.000000,18.000000,18.000000,22.000000,9.000000,16.250000,6.875000,0
2025-04-03T15:00:00Z,179.900000,162.500000,21.000000,15.000000,18.000000,18.000000,22.000000,15.125000,8.750000,0
2025-04-03T18:00:00Z,179.900000,162.500000,21.000000,27.000000,15.000000,18.000000,18.000000,15.625000,10.625000,0
2025-04-03T21:00:00Z,179.900000,162.500000,21.000000,39.000000,27.000000,15.000000,18.000000,15.125000,13.125000,0
2025-04-04T00:00:00Z,178.400000,161.500000,32.000000,27.000000,39.000000,27.000000,15.000000,15.875000,14.000000,0
2025-04-04T03:00:00Z,178.400000,161.500000,32.000000,27.000000,27.000000,39.000000,27.000000,17.000000,14.250000,0
2025-04-04T06:00:00Z,178.400000,161.500000,32.000000,22.000000,27.000000,27.000000,39.000000,18.125000,15.375000,0
2025-04-04T09:00:00Z,178.400000,161.500000,32.000000,32.000000,22.000000,27.000000,27.000000,20.750000,16.750000,0
2025-04-04T12:00:00Z,178.400000,161.500000,32.000000,39.000000,32.000000,22.000000,27.000000,21.875000,16.250000,0
2025-04-04T15:00:00Z,178.400000,161.500000,32.000000,32.000000,39.000000,32.000000,22.000000,24.125000,15.125000,0
2025-04-04T18:00:00Z,178.400000,161.500000,32.000000,39.000000,32.000000,39.000000,32.000000,24.125000,15.625000,0
2025-04-04T21:00:00Z,178.400000,161.500000,32.000000,39.000000,39.000000,32.000000,39.000000,25.875000,15.125000,0
2025-04-05T00:00:00Z,180.400000,160.000000,40.000000,67.000000,39.000000,39.000000,32.000000,28.500000,15.875000,0
2025-04-05T03:00:00Z,180.400000,160.000000,40.000000,48.000000,67.000000,39.000000,39.000000,30.625000,17.000000,0
2025-04-05T06:00:00Z,180.400000,160.000000,40.000000,32.000000,48.000000,67.000000,39.000000,32.125000,18.125000,0
2025-04-05T09:00:00Z,180.400000,160.000000,40.000000,39.000000,32.000000,48.000000,67.000000,32.125000,20.750000,0
2025-04-05T12:00:00Z,180.400000,160.000000,40.000000,27.000000,39.000000,32.000000,48.000000,37.125000,21.875000,0
2025-04-05T15:00:00Z,180.400000,160.000000,40.000000,22.000000,27.000000,39.000000,32.000000,39.750000,24.125000,0
2025-04-05T18:00:00Z,180.400000,160.000000,40.000000,56.000000,22.000000,27.000000,39.000000,41.000000,24.125000,0
2025-04-05T21:00:00Z,180.400000,160.000000,40.000000,32.000000,56.000000,22.000000,27.000000,41.875000,25.875000,0
2025-04-06T00:00:00Z,184.400000,159.000000,21.000000,48.000000,32.000000,56.000000,22.000000,40.375000,28.500000,0
2025-04-06T03:00:00Z,184.400000,159.000000,21.000000,15.000000,48.000000,32.000000,56.000000,39.125000,30.625000,0
2025-04-06T06:00:00Z,184.400000,159.000000,21.000000,15.000000,15.000000,48.000000,32.000000,41.250000,32.125000,0
2025-04-06T09:00:00Z,184.400000,159.000000,21.000000,18.000000,15.000000,15.000000,48.000000,40.375000,32.125000,0
2025-04-06T12:00:00Z,184.400000,159.000000,21.000000,18.000000,18.000000,15.000000,15.000000,38.000000,37.125000,0
2025-04-06T15:00:00Z,184.400000,159.000000,21.000000,22.000000,18.000000,18.000000,15.000000,33.875000,39.750000,0
2025-04-06T18:00:00Z,184.400000,159.000000,21.000000,15.000000,22.000000,18.000000,18.000000,31.750000,41.000000,0
2025-04-06T21:00:00Z,184.400000,159.000000,21.000000,18.000000,15.000000,22.000000,18.000000,29.125000,41.875000,0
2025-04-07T00:00:00Z,167.000000,158.100000,13.000000,15.000000,18.000000,15.000000,22.000000,28.000000,40.375000,0
2025-04-07T03:00:00Z,167.000000,158.100000,13.000000,12.000000,15.000000,18.000000,15.000000,28.000000,39.125000,0
2025-04-07T06:00:00Z,167.000000,158.100000,13.000000,6.000000,12.000000,15.000000,18.000000,22.875000,41.250000,0
2025-04-07T09:00:00Z,167.000000,158.100000,13.000000,5.000000,6.000000,12.000000,15.000000,21.125000,40.375000,0
2025-04-07T12:00:00Z,167.000000,158.100000,13.000000,7.000000,5.000000,6.000000,12.000000,17.000000,38.000000,0
2025-04-07T15:00:00Z,167.000000,158.100000,13.000000,12.000000,7.000000,5.000000,6.000000,16.625000,33.875000,0
2025-04-07T18:00:00Z,167.000000,158.100000,13.000000,27.000000,12.000000,7.000000,5.000000,15.500000,31.750000,0
2025-04-07T21:00:00Z,167.000000,158.100000,13.000000,18.000000,27.000000,12.000000,7.000000,13.875000,29.125000,0
2025-04-08T00:00:00Z,162.300000,157.300000,22.000000,15.000000,18.000000,27.000000,12.000000,12.500000,28.000000,0
2025-04-08T03:00:00Z,162.300000,157.300000,22.000000,22.000000,15.000000,18.000000,27.000000,11.250000,28.000000,0
2025-04-08T06:00:00Z,162.300000,157.300000,22.000000,22.000000,22.000000,15.000000,18.000000,12.750000,22.875000,0
2025-04-08T09:00:00Z,162.300000,157.300000,22.000000,7.000000,22.000000,22.000000,15.000000,12.750000,21.125000,0
2025-04-08T12:00:00Z,162.300000,157.300000,22.000000,32.000000,7.000000,22.000000,22.000000,12.750000,17.000000,0
2025-04-08T15:00:00Z,162.300000,157.300000,22.000000,27.000000,32.000000,7.000000,22.000000,14.000000,16.625000,0
2025-04-08T18:00:00Z,162.300000,157.300000,22.000000,32.000000,27.000000,32.000000,7.000000,16.000000,15.500000,0
2025-04-08T21:00:00Z,162.300000,157.300000,22.000000,22.000000,32.000000,27.000000,32.000000,16.250000,13.875000,0
2025-04-09T00:00:00Z,158.600000,156.700000,20.000000,39.000000,22.000000,32.000000,27.000000,19.375000,12.500000,0
2025-04-09T03:00:00Z,158.600000,156.700000,20.000000,18.000000,39.000000,22.000000,32.000000,21.250000,11.250000,0
2025-04-09T06:00:00Z,158.600000,156.700000,20.000000,22.000000,18.000000,39.000000,22.000000,21.875000,12.750000,0
2025-04-09T09:00:00Z,158.600000,156.700000,20.000000,27.000000,22.000000,18.000000,39.000000,22.375000,12.750000,0
2025-04-09T12:00:00Z,158.600000,156.700000,20.000000,18.000000,27.000000,22.000000,18.000000,25.375000,12.750000,0
2025-04-09T15:00:00Z,158.600000,156.700000,20.000000,15.000000,18.000000,27.000000,22.000000,24.875000,14.000000,0
2025-04-09T18:00:00Z,158.600000,156.700000,20.000000,12.000000,15.000000,18.000000,27.000000,24.875000,16.000000,0
2025-04-09T21:00:00Z,158.600000,156.700000,20.000000,12.000000,12.000000,15.000000,18.000000,27.375000,16.250000,0
2025-04-10T00:00:00Z,166.800000,156.300000,16.000000,27.000000,12.000000,12.000000,15.000000,25.625000,19.375000,0
2025-04-10T03:00:00Z,166.800000,156.300000,16.000000,18.000000,27.000000,12.000000,12.000000,24.125000,21.250000,0
2025-04-10T06:00:00Z,166.800000,156.300000,16.000000,22.000000,18.000000,27.000000,12.000000,21.625000,21.875000,0
2025-04-10T09:00:00Z,166.800000,156.300000,16.000000,6.000000,22.000000,18.000000,27.000000,20.375000,22.375000,0
2025-04-10T12:00:00Z,166.800000,156.300000,16.000000,5.000000,6.000000,22.000000,18.000000,18.875000,25.375000,0
2025-04-10T15:00:00Z,166.800000,156.300000,16.000000,7.000000,5.000000,6.000000,22.000000,18.875000,24.875000,0
2025-04-10T18:00:00Z,166.800000,156.300000,16.000000,15.000000,7.000000,5.000000,6.000000,18.875000,24.875000,0
2025-04-10T21:00:00Z,166.800000,156.300000,16.000000,27.000000,15.000000,7.000000,5.000000,16.250000,27.375000,0
2025-04-11T00:00:00Z,152.600000,155.900000,15.000000,22.000000,27.000000,15.000000,7.000000,14.625000,25.625000,0
2025-04-11T03:00:00Z,152.600000,155.900000,15.000000,15.000000,22.000000,27.000000,15.000000,13.625000,24.125000,0
2025-04-11T06:00:00Z,152.600000,155.900000,15.000000,7.000000,15.000000,22.000000,27.000000,14.000000,21.625000,0
2025-04-11T09:00:00Z,152.600000,155.900000,15.000000,9.000000,7.000000,15.000000,22.000000,15.875000,20.375000,0
2025-04-11T12:00:00Z,152.600000,155.900000,15.000000,18.000000,9.000000,7.000000,15.000000,15.250000,18.875000,0
2025-04-11T15:00:00Z,152.600000,155.900000,15.000000,7.000000,18.000000,9.000000,7.000000,14.875000,18.875000,0
2025-04-11T18:00:00Z,152.600000,155.900000,15.000000,15.000000,7.000000,18.000000,9.000000,13.000000,18.875000,0
2025-04-11T21:00:00Z,152.600000,155.900000,15.000000,27.000000,15.000000,7.000000,18.000000,13.375000,16.250000,0
2025-04-12T00:00:00Z,170.100000,155.500000,16.000000,18.000000,27.000000,15.000000,7.000000,15.000000,14.625000,0
2025-04-12T03:00:00Z,170.100000,155.500000,16.000000,9.000000,18.000000,27.000000,15.000000,15.000000,13.625000,0
2025-04-12T06:00:00Z,170.100000,155.500000,16.000000,9.000000,9.000000,18.000000,27.000000,15.000000,14.000000,0
2025-04-12T09:00:00Z,170.100000,155.500000,16.000000,15.000000,9.000000,9.000000,18.000000,15.000000,15.875000,0
2025-04-12T12:00:00Z,170.100000,155.500000,16.000000,7.000000,15.000000,9.000000,9.000000,14.500000,15.250000,0
2025-04-12T15:00:00Z,170.100000,155.500000,16.000000,18.000000,7.000000,15.000000,9.000000,13.750000,14.875000,0
2025-04-12T18:00:00Z,170.100000,155.500000,16.000000,22.000000,18.000000,7.000000,15.000000,14.000000,13.000000,0
2025-04-12T21:00:00Z,170.100000,155.500000,16.000000,32.000000,22.000000,18.000000,7.000000,14.750000,13.375000,0
2025-04-13T00:00:00Z,165.300000,155.000000,13.000000,22.000000,32.000000,22.000000,18.000000,13.375000,15.000000,0
2025-04-13T03:00:00Z,165.300000,155.000000,13.000000,18.000000,22.000000,32.000000,22.000000,14.750000,15.000000,0
2025-04-13T06:00:00Z,165.300000,155.000000,13.000000,15.000000,18.000000,22.000000,32.000000,15.625000,15.000000,0
2025-04-13T09:00:00Z,165.300000,155.000000,13.000000,9.000000,15.000000,18.000000,22.000000,16.250000,15.000000,0
2025-04-13T12:00:00Z,165.300000,155.000000,13.000000,12.000000,9.000000,15.000000,18.000000,16.750000,14.500000,0
2025-04-13T15:00:00Z,165.300000,155.000000,13.000000,6.000000,12.000000,9.000000,15.000000,17.875000,13.750000,0
2025-04-13T18:00:00Z,165.300000,155.000000,13.000000,12.000000,6.000000,12.000000,9.000000,18.625000,14.000000,0
2025-04-13T21:00:00Z,165.300000,155.000000,13.000000,9.000000,12.000000,6.000000,12.000000,17.875000,14.750000,0
2025-04-14T00:00:00Z,163.700000,154.600000,18.000000,15.000000,9.000000,12.000000,6.000000,18.500000,13.375000,0
2025-04-14T03:00:00Z,163.700000,154.600000,18.000000,39.000000,15.000000,9.000000,12.000000,17.000000,14.750000,0
2025-04-14T06:00:00Z,163.700000,154.600000,18.000000,18.000000,39.000000,15.000000,9.000000,15.750000,15.625000,0
2025-04-14T09:00:00Z,163.700000,154.600000,18.000000,6.000000,18.000000,39.000000,15.000000,12.875000,16.250000,0
2025-04-14T12:00:00Z,163.700000,154.600000,18.000000,7.000000,6.000000,18.000000,39.000000,12.000000,16.750000,0
2025-04-14T15:00:00Z,163.700000,154.600000,18.000000,18.000000,7.000000,6.000000,18.000000,14.625000,17.875000,0
2025-04-14T18:00:00Z,163.700000,154.600000,18.000000,18.000000,18.000000,7.000000,6.000000,15.000000,18.625000,0
2025-04-14T21:00:00Z,163.700000,154.600000,18.000000,22.000000,18.000000,18.000000,7.000000,14.625000,17.875000,0
2025-04-15T00:00:00Z,152.700000,154.300000,30.000000,15.000000,22.000000,18.000000,18.000000,14.000000,18.500000,0
2025-04-15T03:00:00Z,152.700000,154.300000,30.000000,7.000000,15.000000,22.000000,18.000000,15.500000,17.000000,0
2025-04-15T06:00:00Z,152.700000,154.300000,30.000000,5.000000,7.000000,15.000000,22.000000,16.250000,15.750000,0
2025-04-15T09:00:00Z,152.700000,154.300000,30.000000,4.000000,5.000000,7.000000,15.000000,17.875000,12.875000,0
2025-04-15T12:00:00Z,152.700000,154.300000,30.000000,7.000000,4.000000,5.000000,7.000000,17.875000,12.000000,0
2025-04-15T15:00:00Z,152.700000,154.300000,30.000000,48.000000,7.000000,4.000000,5.000000,13.875000,14.625000,0
2025-04-15T18:00:00Z,152.700000,154.300000,30.000000,56.000000,48.000000,7.000000,4.000000,12.250000,15.000000,0
2025-04-15T21:00:00Z,152.700000,154.300000,30.000000,94.000000,56.000000,48.000000,7.000000,12.000000,14.625000,0
2025-04-16T00:00:00Z,153.600000,154.100000,75.000000,48.000000,94.000000,56.000000,48.000000,12.000000,14.000000,0
2025-04-16T03:00:00Z,153.600000,154.100000,75.000000,18.000000,48.000000,94.000000,56.000000,15.750000,15.500000,0
2025-04-16T06:00:00Z,153.600000,154.100000,75.000000,15.000000,18.000000,48.000000,94.000000,20.500000,16.250000,0
2025-04-16T09:00:00Z,153.600000,154.100000,75.000000,39.000000,15.000000,18.000000,48.000000,29.500000,17.875000,0
2025-04-16T12:00:00Z,153.600000,154.100000,75.000000,154.000000,39.000000,15.000000,18.000000,33.625000,17.875000,0
2025-04-16T15:00:00Z,153.600000,154.100000,75.000000,94.000000,154.000000,39.000000,15.000000,35.000000,13.875000,0
2025-04-16T18:00:00Z,153.600000,154.100000,75.000000,179.000000,94.000000,154.000000,39.000000,36.250000,12.250000,0
2025-04-16T21:00:00Z,153.600000,154.100000,75.000000,56.000000,179.000000,94.000000,154.000000,40.625000,12.000000,0
2025-04-17T00:00:00Z,148.400000,154.000000,9.000000,15.000000,56.000000,179.000000,94.000000,59.000000,12.000000,0
2025-04-17T03:00:00Z,148.400000,154.000000,9.000000,22.000000,15.000000,56.000000,179.000000,64.750000,15.750000,0
2025-04-17T06:00:00Z,148.400000,154.000000,9.000000,4.000000,22.000000,15.000000,56.000000,80.125000,20.500000,0
2025-04-17T09:00:00Z,148.400000,154.000000,9.000000,3.000000,4.000000,22.000000,15.000000,75.375000,29.500000,0
2025-04-17T12:00:00Z,148.400000,154.000000,9.000000,12.000000,3.000000,4.000000,22.000000,71.250000,33.625000,0
2025-04-17T15:00:00Z,148.400000,154.000000,9.000000,7.000000,12.000000,3.000000,4.000000,71.750000,35.000000,0
2025-04-17T18:00:00Z,148.400000,154.000000,9.000000,5.000000,7.000000,12.000000,3.000000,70.375000,36.250000,0
2025-04-17T21:00:00Z,148.400000,154.000000,9.000000,6.000000,5.000000,7.000000,12.000000,65.875000,40.625000,0
2025-04-18T00:00:00Z,150.700000,153.900000,13.000000,15.000000,6.000000,5.000000,7.000000,48.125000,59.000000,0
2025-04-18T03:00:00Z,150.700000,153.900000,13.000000,32.000000,15.000000,6.000000,5.000000,37.250000,64.750000,0
2025-04-18T06:00:00Z,150.700000,153.900000,13.000000,12.000000,32.000000,15.000000,6.000000,15.500000,80.125000,0
2025-04-18T09:00:00Z,150.700000,153.900000,13.000000,6.000000,12.000000,32.000000,15.000000,9.250000,75.375000,0
2025-04-18T12:00:00Z,150.700000,153.900000,13.000000,7.000000,6.000000,12.000000,32.000000,9.250000,71.250000,0
2025-04-18T15:00:00Z,150.700000,153.900000,13.000000,7.000000,7.000000,6.000000,12.000000,10.500000,71.750000,0
2025-04-18T18:00:00Z,150.700000,153.900000,13.000000,12.000000,7.000000,7.000000,6.000000,11.500000,70.375000,0
2025-04-18T21:00:00Z,150.700000,153.900000,13.000000,12.000000,12.000000,7.000000,7.000000,11.875000,65.875000,0
2025-04-19T00:00:00Z,155.700000,153.900000,19.000000,27.000000,12.000000,12.000000,7.000000,11.250000,48.125000,0
2025-04-19T03:00:00Z,155.700000,153.900000,19.000000,18.000000,27.000000,12.000000,12.000000,11.250000,37.250000,0
2025-04-19T06:00:00Z,155.700000,153.900000,19.000000,18.000000,18.000000,27.000000,12.000000,12.125000,15.500000,0
2025-04-19T09:00:00Z,155.700000,153.900000,19.000000,7.000000,18.000000,18.000000,27.000000,12.875000,9.250000,0
2025-04-19T12:00:00Z,155.700000,153.900000,19.000000,15.000000,7.000000,18.000000,18.000000,14.375000,9.250000,0
2025-04-19T15:00:00Z,155.700000,153.900000,19.000000,18.000000,15.000000,7.000000,18.000000,12.625000,10.500000,0
2025-04-19T18:00:00Z,155.700000,153.900000,19.000000,9.000000,18.000000,15.000000,7.000000,13.375000,11.500000,0
2025-04-19T21:00:00Z,155.700000,153.900000,19.000000,39.000000,9.000000,18.000000,15.000000,13.500000,11.875000,0
2025-04-20T00:00:00Z,157.400000,154.000000,13.000000,48.000000,39.000000,9.000000,18.000000,14.500000,11.250000,0
2025-04-20T03:00:00Z,157.400000,154.000000,13.000000,9.000000,48.000000,39.000000,9.000000,15.875000,11.250000,0
2025-04-20T06:00:00Z,157.400000,154.000000,13.000000,7.000000,9.000000,48.000000,39.000000,15.500000,12.125000,0
2025-04-20T09:00:00Z,157.400000,154.000000,13.000000,5.000000,7.000000,9.000000,48.000000,18.875000,12.875000,0
2025-04-20T12:00:00Z,157.400000,154.000000,13.000000,5.000000,5.000000,7.000000,9.000000,21.500000,14.375000,0
2025-04-20T15:00:00Z,157.400000,154.000000,13.000000,4.000000,5.000000,5.000000,7.000000,20.375000,12.625000,0
2025-04-20T18:00:00Z,157.400000,154.000000,13.000000,12.000000,4.000000,5.000000,5.000000,19.000000,13.375000,0
2025-04-20T21:00:00Z,157.400000,154.000000,13.000000,12.000000,12.000000,4.000000,5.000000,18.750000,13.500000,0
2025-04-21T00:00:00Z,156.300000,154.000000,34.000000,27.000000,12.000000,12.000000,4.000000,17.500000,14.500000,0
2025-04-21T03:00:00Z,156.300000,154.000000,34.000000,32.000000,27.000000,12.000000,12.000000,15.750000,15.875000,0
2025-04-21T06:00:00Z,156.300000,154.000000,34.000000,39.000000,32.000000,27.000000,12.000000,16.125000,15.500000,0
2025-04-21T09:00:00Z,156.300000,154.000000,34.000000,32.000000,39.000000,32.000000,27.000000,12.750000,18.875000,0
2025-04-21T12:00:00Z,156.300000,154.000000,34.000000,56.000000,32.000000,39.000000,32.000000,10.125000,21.500000,0
2025-04-21T15:00:00Z,156.300000,154.000000,34.000000,32.000000,56.000000,32.000000,39.000000,13.000000,20.375000,0
2025-04-21T18:00:00Z,156.300000,154.000000,34.000000,48.000000,32.000000,56.000000,32.000000,17.000000,19.000000,0
2025-04-21T21:00:00Z,156.300000,154.000000,34.000000,9.000000,48.000000,32.000000,56.000000,20.375000,18.750000,0
2025-04-22T00:00:00Z,163.000000,153.900000,13.000000,22.000000,9.000000,48.000000,32.000000,26.750000,17.500000,0
2025-04-22T03:00:00Z,163.000000,153.900000,13.000000,18.000000,22.000000,9.000000,48.000000,30.250000,15.750000,0
2025-04-22T06:00:00Z,163.000000,153.900000,13.000000,12.000000,18.000000,22.000000,9.000000,34.750000,16.125000,0
2025-04-22T09:00:00Z,163.000000,153.900000,13.000000,6.000000,12.000000,18.000000,22.000000,34.375000,12.750000,0
2025-04-22T12:00:00Z,163.000000,153.900000,13.000000,6.000000,6.000000,12.000000,18.000000,33.750000,10.125000,0
2025-04-22T15:00:00Z,163.000000,153.900000,13.000000,15.000000,6.000000,6.000000,12.000000,32.000000,13.000000,0
2025-04-22T18:00:00Z,163.000000,153.900000,13.000000,15.000000,15.000000,6.000000,6.000000,28.625000,17.000000,0
2025-04-22T21:00:00Z,163.000000,153.900000,13.000000,12.000000,15.000000,15.000000,6.000000,25.375000,20.375000,0
2025-04-23T00:00:00Z,163.400000,153.500000,6.000000,4.000000,12.000000,15.000000,15.000000,19.125000,26.750000,0
2025-04-23T03:00:00Z,163.400000,153.500000,6.000000,9.000000,4.000000,12.000000,15.000000,17.000000,30.250000,0
2025-04-23T06:00:00Z,163.400000,153.500000,6.000000,6.000000,9.000000,4.000000,12.000000,12.875000,34.750000,0
2025-04-23T09:00:00Z,163.400000,153.500000,6.000000,12.000000,6.000000,9.000000,4.000000,13.250000,34.375000,0
2025-04-23T12:00:00Z,163.400000,153.500000,6.000000,6.000000,12.000000,6.000000,9.000000,11.000000,33.750000,0
2025-04-23T15:00:00Z,163.400000,153.500000,6.000000,5.000000,6.000000,12.000000,6.000000,9.875000,32.000000,0
2025-04-23T18:00:00Z,163.400000,153.500000,6.000000,3.000000,5.000000,6.000000,12.000000,9.125000,28.625000,0
2025-04-23T21:00:00Z,163.400000,153.500000,6.000000,3.000000,3.000000,5.000000,6.000000,9.875000,25.375000,0
2025-04-24T00:00:00Z,167.700000,152.900000,13.000000,9.000000,3.000000,3.000000,5.000000,9.875000,19.125000,0
2025-04-24T03:00:00Z,167.700000,152.900000,13.000000,12.000000,9.000000,3.000000,3.000000,8.625000,17.000000,0
2025-04-24T06:00:00Z,167.700000,152.900000,13.000000,22.000000,12.000000,9.000000,3.000000,7.125000,12.875000,0
2025-04-24T09:00:00Z,167.700000,152.900000,13.000000,18.000000,22.000000,12.000000,9.000000,6.000000,13.250000,0
2025-04-24T12:00:00Z,167.700000,152.900000,13.000000,22.000000,18.000000,22.000000,12.000000,6.625000,11.000000,0
2025-04-24T15:00:00Z,167.700000,152.900000,13.000000,7.000000,22.000000,18.000000,22.000000,7.000000,9.875000,0
2025-04-24T18:00:00Z,167.700000,152.900000,13.000000,7.000000,7.000000,22.000000,18.000000,9.000000,9.125000,0
2025-04-24T21:00:00Z,167.700000,152.900000,13.000000,5.000000,7.000000,7.000000,22.000000,9.750000,9.875000,0
2025-04-25T00:00:00Z,169.600000,152.300000,4.000000,3.000000,5.000000,7.000000,7.000000,11.750000,9.875000,0
2025-04-25T03:00:00Z,169.600000,152.300000,4.000000,3.000000,3.000000,5.000000,7.000000,12.000000,8.625000,0
2025-04-25T06:00:00Z,169.600000,152.300000,4.000000,4.000000,3.000000,3.000000,5.000000,12.500000,7.125000,0
2025-04-25T09:00:00Z,169.600000,152.300000,4.000000,4.000000,4.000000,3.000000,3.000000,12.750000,6.000000,0
2025-04-25T12:00:00Z,169.600000,152.300000,4.000000,4.000000,4.000000,4.000000,3.000000,12.000000,6.625000,0
2025-04-25T15:00:00Z,169.600000,152.300000,4.000000,4.000000,4.000000,4.000000,4.000000,10.875000,7.000000,0
2025-04-25T18:00:00Z,169.600000,152.300000,4.000000,6.000000,4.000000,4.000000,4.000000,8.625000,9.000000,0
2025-04-25T21:00:00Z,169.600000,152.300000,4.000000,7.000000,6.000000,4.000000,4.000000,6.875000,9.750000,0
2025-04-26T00:00:00Z,164.000000,151.600000,6.000000,5.000000,7.000000,6.000000,4.000000,4.625000,11.750000,0
2025-04-26T03:00:00Z,164.000000,151.600000,6.000000,5.000000,5.000000,7.000000,6.000000,4.250000,12.000000,0
2025-04-26T06:00:00Z,164.000000,151.600000,6.000000,4.000000,5.000000,5.000000,7.000000,4.125000,12.500000,0
2025-04-26T09:00:00Z,164.000000,151.600000,6.000000,7.000000,4.000000,5.000000,5.000000,4.375000,12.750000,0
2025-04-26T12:00:00Z,164.000000,151.600000,6.000000,7.000000,7.000000,4.000000,5.000000,4.625000,12.000000,0
2025-04-26T15:00:00Z,164.000000,151.600000,6.000000,6.000000,7.000000,7.000000,4.000000,4.875000,10.875000,0
2025-04-26T18:00:00Z,164.000000,151.600000,6.000000,5.000000,6.000000,7.000000,7.000000,4.875000,8.625000,0
2025-04-26T21:00:00Z,164.000000,151.600000,6.000000,5.000000,5.000000,6.000000,7.000000,5.250000,6.875000,0
2025-04-27T00:00:00Z,155.700000,150.600000,6.000000,4.000000,5.000000,5.000000,6.000000,5.625000,4.625000,0
2025-04-27T03:00:00Z,155.700000,150.600000,6.000000,9.000000,4.000000,5.000000,5.000000,5.875000,4.250000,0
2025-04-27T06:00:00Z,155.700000,150.600000,6.000000,5.000000,9.000000,4.000000,5.000000,5.750000,4.125000,0
2025-04-27T09:00:00Z,155.700000,150.600000,6.000000,4.000000,5.000000,9.000000,4.000000,5.500000,4.375000,0
2025-04-27T12:00:00Z,155.700000,150.600000,6.000000,4.000000,4.000000,5.000000,9.000000,5.375000,4.625000,0
2025-04-27T15:00:00Z,155.700000,150.600000,6.000000,12.000000,4.000000,4.000000,5.000000,5.875000,4.875000,0
2025-04-27T18:00:00Z,155.700000,150.600000,6.000000,7.000000,12.000000,4.000000,4.000000,6.000000,4.875000,0
2025-04-27T21:00:00Z,155.700000,150.600000,6.000000,6.000000,7.000000,12.000000,4.000000,5.625000,5.250000,0
2025-04-28T00:00:00Z,155.700000,149.800000,4.000000,9.000000,6.000000,7.000000,12.000000,5.250000,5.625000,0
2025-04-28T03:00:00Z,155.700000,149.800000,4.000000,2.000000,9.000000,6.000000,7.000000,6.000000,5.875000,0
2025-04-28T06:00:00Z,155.700000,149.800000,4.000000,2.000000,2.000000,9.000000,6.000000,6.250000,5.750000,0
2025-04-28T09:00:00Z,155.700000,149.800000,4.000000,4.000000,2.000000,2.000000,9.000000,6.375000,5.500000,0
2025-04-28T12:00:00Z,155.700000,149.800000,4.000000,3.000000,4.000000,2.000000,2.000000,7.000000,5.375000,0
2025-04-28T15:00:00Z,155.700000,149.800000,4.000000,3.000000,3.000000,4.000000,2.000000,6.125000,5.875000,0
2025-04-28T18:00:00Z,155.700000,149.800000,4.000000,3.000000,3.000000,3.000000,4.000000,5.750000,6.000000,0
2025-04-28T21:00:00Z,155.700000,149.800000,4.000000,2.000000,3.000000,3.000000,3.000000,5.750000,5.625000,0
2025-04-29T00:00:00Z,153.600000,149.000000,5.000000,0.000000,2.000000,3.000000,3.000000,5.625000,5.250000,0
2025-04-29T03:00:00Z,153.600000,149.000000,5.000000,5.000000,0.000000,2.000000,3.000000,4.500000,6.000000,0
2025-04-29T06:00:00Z,153.600000,149.000000,5.000000,7.000000,5.000000,0.000000,2.000000,4.000000,6.250000,0
2025-04-29T09:00:00Z,153.600000,149.000000,5.000000,6.000000,7.000000,5.000000,0.000000,3.500000,6.375000,0
2025-04-29T12:00:00Z,153.600000,149.000000,5.000000,5.000000,6.000000,7.000000,5.000000,2.375000,7.000000,0
2025-04-29T15:00:00Z,153.600000,149.000000,5.000000,5.000000,5.000000,6.000000,7.000000,2.750000,6.125000,0
2025-04-29T18:00:00Z,153.600000,149.000000,5.000000,7.000000,5.000000,5.000000,6.000000,3.375000,5.750000,0
2025-04-29T21:00:00Z,153.600000,149.000000,5.000000,5.000000,7.000000,5.000000,5.000000,3.625000,5.750000,0
2025-04-30T00:00:00Z,149.200000,148.400000,10.000000,18.000000,5.000000,7.000000,5.000000,3.875000,5.625000,0
2025-04-30T03:00:00Z,149.200000,148.400000,10.000000,9.000000,18.000000,5.000000,7.000000,4.125000,4.500000,0
2025-04-30T06:00:00Z,149.200000,148.400000,10.000000,12.000000,9.000000,18.000000,5.000000,4.625000,4.000000,0
2025-04-30T09:00:00Z,149.200000,148.400000,10.000000,12.000000,12.000000,9.000000,18.000000,5.000000,3.500000,0
2025-04-30T12:00:00Z,149.200000,148.400000,10.000000,6.000000,12.000000,12.000000,9.000000,7.250000,2.375000,0
2025-04-30T15:00:00Z,149.200000,148.400000,10.000000,5.000000,6.000000,12.000000,12.000000,7.750000,2.750000,0
2025-04-30T18:00:00Z,149.200000,148.400000,10.000000,4.000000,5.000000,6.000000,12.000000,8.375000,3.375000,0
2025-04-30T21:00:00Z,149.200000,148.400000,10.000000,12.000000,4.000000,5.000000,6.000000,9.125000,3.625000,0
2025-05-01T00:00:00Z,148.000000,148.000000,27.000000,15.000000,12.000000,4.000000,5.000000,9.250000,3.875000,0
2025-05-01T03:00:00Z,148.000000,148.000000,27.000000,22.000000,15.000000,12.000000,4.000000,9.250000,4.125000,0
2025-05-01T06:00:00Z,148.000000,148.000000,27.000000,27.000000,22.000000,15.000000,12.000000,8.875000,4.625000,0
2025-05-01T09:00:00Z,148.000000,148.000000,27.000000,27.000000,27.000000,22.000000,15.000000,9.750000,5.000000,0
2025-05-01T12:00:00Z,148.000000,148.000000,27.000000,27.000000,27.000000,27.000000,22.000000,9.375000,7.250000,0
2025-05-01T15:00:00Z,148.000000,148.000000,27.000000,18.000000,27.000000,27.000000,27.000000,11.000000,7.750000,0
2025-05-01T18:00:00Z,148.000000,148.000000,27.000000,39.000000,18.000000,27.000000,27.000000,12.875000,8.375000,0
2025-05-01T21:00:00Z,148.000000,148.000000,27.000000,39.000000,39.000000,18.000000,27.000000,14.750000,9.125000,0
2025-05-02T00:00:00Z,152.300000,147.500000,38.000000,48.000000,39.000000,39.000000,18.000000,17.375000,9.250000,0
2025-05-02T03:00:00Z,152.300000,147.500000,38.000000,48.000000,48.000000,39.000000,39.000000,19.000000,9.250000,0
2025-05-02T06:00:00Z,152.300000,147.500000,38.000000,27.000000,48.000000,48.000000,39.000000,23.375000,8.875000,0
2025-05-02T09:00:00Z,152.300000,147.500000,38.000000,32.000000,27.000000,48.000000,48.000000,26.750000,9.750000,0
2025-05-02T12:00:00Z,152.300000,147.500000,38.000000,39.000000,32.000000,27.000000,48.000000,30.875000,9.375000,0
2025-05-02T15:00:00Z,152.300000,147.500000,38.000000,32.000000,39.000000,32.000000,27.000000,34.125000,11.000000,0
2025-05-02T18:00:00Z,152.300000,147.500000,38.000000,27.000000,32.000000,39.000000,32.000000,34.125000,12.875000,0
2025-05-02T21:00:00Z,152.300000,147.500000,38.000000,48.000000,27.000000,32.000000,39.000000,34.750000,14.750000,0
2025-05-03T00:00:00Z,152.300000,147.200000,27.000000,56.000000,48.000000,27.000000,32.000000,36.250000,17.375000,0
2025-05-03T03:00:00Z,152.300000,147.200000,27.000000,27.000000,56.000000,48.000000,27.000000,38.000000,19.000000,0
2025-05-03T06:00:00Z,152.300000,147.200000,27.000000,27.000000,27.000000,56.000000,48.000000,36.500000,23.375000,0
2025-05-03T09:00:00Z,152.300000,147.200000,27.000000,39.000000,27.000000,27.000000,56.000000,37.625000,26.750000,0
2025-05-03T12:00:00Z,152.300000,147.200000,27.000000,18.000000,39.000000,27.000000,27.000000,38.625000,30.875000,0
2025-05-03T15:00:00Z,152.300000,147.200000,27.000000,18.000000,18.000000,39.000000,27.000000,36.000000,34.125000,0
2025-05-03T18:00:00Z,152.300000,147.200000,27.000000,12.000000,18.000000,18.000000,39.000000,36.000000,34.125000,0
2025-05-03T21:00:00Z,152.300000,147.200000,27.000000,22.000000,12.000000,18.000000,18.000000,36.875000,34.750000,0
2025-05-04T00:00:00Z,152.100000,147.100000,27.000000,27.000000,22.000000,12.000000,18.000000,34.250000,36.250000,0
2025-05-04T03:00:00Z,152.100000,147.100000,27.000000,18.000000,27.000000,22.000000,12.000000,32.500000,38.000000,0
2025-05-04T06:00:00Z,152.100000,147.100000,27.000000,39.000000,18.000000,27.000000,22.000000,30.625000,36.500000,0
2025-05-04T09:00:00Z,152.100000,147.100000,27.000000,9.000000,39.000000,18.000000,27.000000,27.375000,37.625000,0
2025-05-04T12:00:00Z,152.100000,147.100000,27.000000,22.000000,9.000000,39.000000,18.000000,23.750000,38.625000,0
2025-05-04T15:00:00Z,152.100000,147.100000,27.000000,39.000000,22.000000,9.000000,39.000000,22.625000,36.000000,0
2025-05-04T18:00:00Z,152.100000,147.100000,27.000000,32.000000,39.000000,22.000000,9.000000,24.125000,36.000000,0
2025-05-04T21:00:00Z,152.100000,147.100000,27.000000,27.000000,32.000000,39.000000,22.000000,20.375000,36.875000,0
2025-05-05T00:00:00Z,159.000000,147.000000,30.000000,15.000000,27.000000,32.000000,39.000000,20.875000,34.250000,0
2025-05-05T03:00:00Z,159.000000,147.000000,30.000000,32.000000,15.000000,27.000000,32.000000,23.500000,32.500000,0
2025-05-05T06:00:00Z,159.000000,147.000000,30.000000,32.000000,32.000000,15.000000,27.000000,26.000000,30.625000,0
2025-05-05T09:00:00Z,159.000000,147.000000,30.000000,32.000000,32.000000,32.000000,15.000000,26.625000,27.375000,0
2025-05-05T12:00:00Z,159.000000,147.000000,30.000000,39.000000,32.000000,32.000000,32.000000,25.125000,23.750000,0
2025-05-05T15:00:00Z,159.000000,147.000000,30.000000,32.000000,39.000000,32.000000,32.000000,26.875000,22.625000,0
2025-05-05T18:00:00Z,159.000000,147.000000,30.000000,27.000000,32.000000,39.000000,32.000000,26.000000,24.125000,0
2025-05-05T21:00:00Z,159.000000,147.000000,30.000000,27.000000,27.000000,32.000000,39.000000,28.875000,20.375000,0
2025-05-06T00:00:00Z,158.600000,147.100000,13.000000,18.000000,27.000000,27.000000,32.000000,31.000000,20.875000,0
2025-05-06T03:00:00Z,158.600000,147.100000,13.000000,9.000000,18.000000,27.000000,27.000000,30.125000,23.500000,0
2025-05-06T06:00:00Z,158.600000,147.100000,13.000000,7.000000,9.000000,18.000000,27.000000,29.500000,26.000000,0
2025-05-06T09:00:00Z,158.600000,147.100000,13.000000,12.000000,7.000000,9.000000,18.000000,29.500000,26.625000,0
2025-05-06T12:00:00Z,158.600000,147.100000,13.000000,9.000000,12.000000,7.000000,9.000000,29.875000,25.125000,0
2025-05-06T15:00:00Z,158.600000,147.100000,13.000000,12.000000,9.000000,12.000000,7.000000,27.000000,26.875000,0
2025-05-06T18:00:00Z,158.600000,147.100000,13.000000,18.000000,12.000000,9.000000,12.000000,23.875000,26.000000,0
2025-05-06T21:00:00Z,158.600000,147.100000,13.000000,22.000000,18.000000,12.000000,9.000000,21.375000,28.875000,0
2025-05-07T00:00:00Z,156.000000,147.000000,7.000000,7.000000,22.000000,18.000000,12.000000,17.625000,31.000000,0
2025-05-07T03:00:00Z,156.000000,147.000000,7.000000,12.000000,7.000000,22.000000,18.000000,15.125000,30.125000,0
2025-05-07T06:00:00Z,156.000000,147.000000,7.000000,7.000000,12.000000,7.000000,22.000000,14.000000,29.500000,0
2025-05-07T09:00:00Z,156.000000,147.000000,7.000000,7.000000,7.000000,12.000000,7.000000,13.375000,29.500000,0
2025-05-07T12:00:00Z,156.000000,147.000000,7.000000,6.000000,7.000000,7.000000,12.000000,12.000000,29.875000,0
2025-05-07T15:00:00Z,156.000000,147.000000,7.000000,4.000000,6.000000,7.000000,7.000000,12.375000,27.000000,0
2025-05-07T18:00:00Z,156.000000,147.000000,7.000000,5.000000,4.000000,6.000000,7.000000,12.375000,23.875000,0
2025-05-07T21:00:00Z,156.000000,147.000000,7.000000,7.000000,5.000000,4.000000,6.000000,11.750000,21.375000,0
2025-05-08T00:00:00Z,154.200000,146.800000,10.000000,7.000000,7.000000,5.000000,4.000000,11.375000,17.625000,0
2025-05-08T03:00:00Z,154.200000,146.800000,10.000000,15.000000,7.000000,7.000000,5.000000,10.375000,15.125000,0
2025-05-08T06:00:00Z,154.200000,146.800000,10.000000,15.000000,15.000000,7.000000,7.000000,8.750000,14.000000,0
2025-05-08T09:00:00Z,154.200000,146.800000,10.000000,5.000000,15.000000,15.000000,7.000000,6.875000,13.375000,0
2025-05-08T12:00:00Z,154.200000,146.800000,10.000000,9.000000,5.000000,15.000000,15.000000,6.875000,12.000000,0
2025-05-08T15:00:00Z,154.200000,146.800000,10.000000,7.000000,9.000000,5.000000,15.000000,7.250000,12.375000,0
2025-05-08T18:00:00Z,154.200000,146.800000,10.000000,3.000000,7.000000,9.000000,5.000000,8.250000,12.375000,0
2025-05-08T21:00:00Z,154.200000,146.800000,10.000000,22.000000,3.000000,7.000000,9.000000,8.000000,11.750000,0
2025-05-09T00:00:00Z,148.500000,146.500000,16.000000,12.000000,22.000000,3.000000,7.000000,8.375000,11.375000,0
2025-05-09T03:00:00Z,148.500000,146.500000,16.000000,7.000000,12.000000,22.000000,3.000000,8.750000,10.375000,0
2025-05-09T06:00:00Z,148.500000,146.500000,16.000000,6.000000,7.000000,12.000000,22.000000,8.500000,8.750000,0
2025-05-09T09:00:00Z,148.500000,146.500000,16.000000,6.000000,6.000000,7.000000,12.000000,10.375000,6.875000,0
2025-05-09T12:00:00Z,148.500000,146.500000,16.000000,9.000000,6.000000,6.000000,7.000000,11.000000,6.875000,0
2025-05-09T15:00:00Z,148.500000,146.500000,16.000000,18.000000,9.000000,6.000000,6.000000,10.000000,7.250000,0
2025-05-09T18:00:00Z,148.500000,146.500000,16.000000,39.000000,18.000000,9.000000,6.000000,8.875000,8.250000,0
2025-05-09T21:00:00Z,148.500000,146.500000,16.000000,32.000000,39.000000,18.000000,9.000000,9.000000,8.000000,0
2025-05-10T00:00:00Z,136.200000,146.100000,12.000000,39.000000,32.000000,39.000000,18.000000,9.000000,8.375000,0
2025-05-10T03:00:00Z,136.200000,146.100000,12.000000,18.000000,39.000000,32.000000,39.000000,10.375000,8.750000,0
2025-05-10T06:00:00Z,136.200000,146.100000,12.000000,5.000000,18.000000,39.000000,32.000000,14.875000,8.500000,0
2025-05-10T09:00:00Z,136.200000,146.100000,12.000000,9.000000,5.000000,18.000000,39.000000,16.125000,10.375000,0
2025-05-10T12:00:00Z,136.200000,146.100000,12.000000,7.000000,9.000000,5.000000,18.000000,19.500000,11.000000,0
2025-05-10T15:00:00Z,136.200000,146.100000,12.000000,5.000000,7.000000,9.000000,5.000000,20.875000,10.000000,0
2025-05-10T18:00:00Z,136.200000,146.100000,12.000000,4.000000,5.000000,7.000000,9.000000,20.750000,8.875000,0
2025-05-10T21:00:00Z,136.200000,146.100000,12.000000,7.000000,4.000000,5.000000,7.000000,21.125000,9.000000,0
2025-05-11T00:00:00Z,134.100000,145.600000,15.000000,9.000000,7.000000,4.000000,5.000000,20.875000,9.000000,0
2025-05-11T03:00:00Z,134.100000,145.600000,15.000000,15.000000,9.000000,7.000000,4.000000,19.250000,10.375000,0
2025-05-11T06:00:00Z,134.100000,145.600000,15.000000,7.000000,15.000000,9.000000,7.000000,14.875000,14.875000,0
2025-05-11T09:00:00Z,134.100000,145.600000,15.000000,6.000000,7.000000,15.000000,9.000000,11.750000,16.125000,0
2025-05-11T12:00:00Z,134.100000,145.600000,15.000000,15.000000,6.000000,7.000000,15.000000,8.000000,19.500000,0
2025-05-11T15:00:00Z,134.100000,145.600000,15.000000,5.000000,15.000000,6.000000,7.000000,7.625000,20.875000,0
2025-05-11T18:00:00Z,134.100000,145.600000,15.000000,39.000000,5.000000,15.000000,6.000000,7.875000,20.750000,0
2025-05-11T21:00:00Z,134.100000,145.600000,15.000000,27.000000,39.000000,5.000000,15.000000,7.500000,21.125000,0
2025-05-12T00:00:00Z,125.800000,144.800000,6.000000,7.000000,27.000000,39.000000,5.000000,8.500000,20.875000,0
2025-05-12T03:00:00Z,125.800000,144.800000,6.000000,6.000000,7.000000,27.000000,39.000000,8.500000,19.250000,0
2025-05-12T06:00:00Z,125.800000,144.800000,6.000000,5.000000,6.000000,7.000000,27.000000,12.875000,14.875000,0
2025-05-12T09:00:00Z,125.800000,144.800000,6.000000,5.000000,5.000000,6.000000,7.000000,15.375000,11.750000,0
2025-05-12T12:00:00Z,125.800000,144.800000,6.000000,7.000000,5.000000,5.000000,6.000000,15.125000,8.000000,0
2025-05-12T15:00:00Z,125.800000,144.800000,6.000000,4.000000,7.000000,5.000000,5.000000,14.000000,7.625000,0
2025-05-12T18:00:00Z,125.800000,144.800000,6.000000,4.000000,4.000000,7.000000,5.000000,13.750000,7.875000,0
2025-05-12T21:00:00Z,125.800000,144.800000,6.000000,6.000000,4.000000,4.000000,7.000000,13.625000,7.500000,0
2025-05-13T00:00:00Z,115.500000,144.100000,9.000000,4.000000,6.000000,4.000000,4.000000,12.625000,8.500000,0
2025-05-13T03:00:00Z,115.500000,144.100000,9.000000,5.000000,4.000000,6.000000,4.000000,12.500000,8.500000,0
2025-05-13T06:00:00Z,115.500000,144.100000,9.000000,5.000000,5.000000,4.000000,6.000000,8.125000,12.875000,0
2025-05-13T09:00:00Z,115.500000,144.100000,9.000000,5.000000,5.000000,5.000000,4.000000,5.500000,15.375000,0
2025-05-13T12:00:00Z,115.500000,144.100000,9.000000,5.000000,5.000000,5.000000,5.000000,5.125000,15.125000,0
2025-05-13T15:00:00Z,115.500000,144.100000,9.000000,9.000000,5.000000,5.000000,5.000000,5.000000,14.000000,0
2025-05-13T18:00:00Z,115.500000,144.100000,9.000000,22.000000,9.000000,5.000000,5.000000,5.000000,13.750000,0
2025-05-13T21:00:00Z,115.500000,144.100000,9.000000,18.000000,22.000000,9.000000,5.000000,5.000000,13.625000,0
2025-05-14T00:00:00Z,116.700000,143.400000,15.000000,22.000000,18.000000,22.000000,9.000000,4.750000,12.625000,0
2025-05-14T03:00:00Z,116.700000,143.400000,15.000000,7.000000,22.000000,18.000000,22.000000,5.375000,12.500000,0
2025-05-14T06:00:00Z,116.700000,143.400000,15.000000,9.000000,7.000000,22.000000,18.000000,7.625000,8.125000,0
2025-05-14T09:00:00Z,116.700000,143.400000,15.000000,9.000000,9.000000,7.000000,22.000000,9.125000,5.500000,0
2025-05-14T12:00:00Z,116.700000,143.400000,15.000000,22.000000,9.000000,9.000000,7.000000,11.375000,5.125000,0
2025-05-14T15:00:00Z,116.700000,143.400000,15.000000,22.000000,22.000000,9.000000,9.000000,11.625000,5.000000,0
2025-05-14T18:00:00Z,116.700000,143.400000,15.000000,22.000000,22.000000,22.000000,9.000000,12.125000,5.000000,0
2025-05-14T21:00:00Z,116.700000,143.400000,15.000000,6.000000,22.000000,22.000000,22.000000,12.625000,5.000000,0
2025-05-15T00:00:00Z,121.800000,142.700000,13.000000,18.000000,6.000000,22.000000,22.000000,14.750000,4.750000,0
2025-05-15T03:00:00Z,121.800000,142.700000,13.000000,22.000000,18.000000,6.000000,22.000000,16.375000,5.375000,0
2025-05-15T06:00:00Z,121.800000,142.700000,13.000000,9.000000,22.000000,18.000000,6.000000,16.375000,7.625000,0
2025-05-15T09:00:00Z,121.800000,142.700000,13.000000,7.000000,9.000000,22.000000,18.000000,14.875000,9.125000,0
2025-05-15T12:00:00Z,121.800000,142.700000,13.000000,6.000000,7.000000,9.000000,22.000000,14.375000,11.375000,0
2025-05-15T15:00:00Z,121.800000,142.700000,13.000000,15.000000,6.000000,7.000000,9.000000,16.250000,11.625000,0
2025-05-15T18:00:00Z,121.800000,142.700000,13.000000,9.000000,15.000000,6.000000,7.000000,16.250000,12.125000,0
2025-05-15T21:00:00Z,121.800000,142.700000,13.000000,15.000000,9.000000,15.000000,6.000000,16.000000,12.625000,0
2025-05-16T00:00:00Z,118.800000,141.900000,10.000000,7.000000,15.000000,9.000000,15.000000,14.000000,14.750000,0
2025-05-16T03:00:00Z,118.800000,141.900000,10.000000,7.000000,7.000000,15.000000,9.000000,13.125000,16.375000,0
2025-05-16T06:00:00Z,118.800000,141.900000,10.000000,12.000000,7.000000,7.000000,15.000000,11.500000,16.375000,0
2025-05-16T09:00:00Z,118.800000,141.900000,10.000000,6.000000,12.000000,7.000000,7.000000,12.625000,14.875000,0
2025-05-16T12:00:00Z,118.800000,141.900000,10.000000,12.000000,6.000000,12.000000,7.000000,11.250000,14.375000,0
2025-05-16T15:00:00Z,118.800000,141.900000,10.000000,7.000000,12.000000,6.000000,12.000000,9.375000,16.250000,0
2025-05-16T18:00:00Z,118.800000,141.900000,10.000000,7.000000,7.000000,12.000000,6.000000,9.750000,16.250000,0
2025-05-16T21:00:00Z,118.800000,141.900000,10.000000,22.000000,7.000000,7.000000,12.000000,9.625000,16.000000,0
2025-05-17T00:00:00Z,117.300000,141.200000,39.000000,94.000000,22.000000,7.000000,7.000000,10.375000,14.000000,0
2025-05-17T03:00:00Z,117.300000,141.200000,39.000000,56.000000,94.000000,22.000000,7.000000,9.375000,13.125000,0
2025-05-17T06:00:00Z,117.300000,141.200000,39.000000,15.000000,56.000000,94.000000,22.000000,9.125000,11.500000,0
2025-05-17T09:00:00Z,117.300000,141.200000,39.000000,39.000000,15.000000,56.000000,94.000000,10.000000,12.625000,0
2025-05-17T12:00:00Z,117.300000,141.200000,39.000000,39.000000,39.000000,15.000000,56.000000,20.875000,11.250000,0
2025-05-17T15:00:00Z,117.300000,141.200000,39.000000,32.000000,39.000000,39.000000,15.000000,27.000000,9.375000,0
2025-05-17T18:00:00Z,117.300000,141.200000,39.000000,18.000000,32.000000,39.000000,39.000000,27.375000,9.750000,0
2025-05-17T21:00:00Z,117.300000,141.200000,39.000000,18.000000,18.000000,32.000000,39.000000,31.500000,9.625000,0
2025-05-18T00:00:00Z,117.200000,140.700000,21.000000,27.000000,18.000000,18.000000,32.000000,34.875000,10.375000,0
2025-05-18T03:00:00Z,117.200000,140.700000,21.000000,15.000000,27.000000,18.000000,18.000000,38.000000,9.375000,0
2025-05-18T06:00:00Z,117.200000,140.700000,21.000000,39.000000,15.000000,27.000000,18.000000,39.375000,9.125000,0
2025-05-18T09:00:00Z,117.200000,140.700000,21.000000,12.000000,39.000000,15.000000,27.000000,38.875000,10.000000,0
2025-05-18T12:00:00Z,117.200000,140.700000,21.000000,12.000000,12.000000,39.000000,15.000000,30.500000,20.875000,0
2025-05-18T15:00:00Z,117.200000,140.700000,21.000000,27.000000,12.000000,12.000000,39.000000,25.375000,27.000000,0
2025-05-18T18:00:00Z,117.200000,140.700000,21.000000,27.000000,27.000000,12.000000,12.000000,28.375000,27.375000,0
2025-05-18T21:00:00Z,117.200000,140.700000,21.000000,12.000000,27.000000,27.000000,12.000000,25.000000,31.500000,0
2025-05-19T00:00:00Z,118.200000,140.200000,9.000000,18.000000,12.000000,27.000000,27.000000,21.625000,34.875000,0
2025-05-19T03:00:00Z,118.200000,140.200000,9.000000,15.000000,18.000000,12.000000,27.000000,21.000000,38.000000,0
2025-05-19T06:00:00Z,118.200000,140.200000,9.000000,5.000000,15.000000,18.000000,12.000000,22.125000,39.375000,0
2025-05-19T09:00:00Z,118.200000,140.200000,9.000000,6.000000,5.000000,15.000000,18.000000,21.375000,38.875000,0
2025-05-19T12:00:00Z,118.200000,140.200000,9.000000,7.000000,6.000000,5.000000,15.000000,20.250000,30.500000,0
2025-05-19T15:00:00Z,118.200000,140.200000,9.000000,9.000000,7.000000,6.000000,5.000000,20.250000,25.375000,0
2025-05-19T18:00:00Z,118.200000,140.200000,9.000000,5.000000,9.000000,7.000000,6.000000,16.000000,28.375000,0
2025-05-19T21:00:00Z,118.200000,140.200000,9.000000,4.000000,5.000000,9.000000,7.000000,15.250000,25.000000,0
2025-05-20T00:00:00Z,116.800000,139.800000,12.000000,7.000000,4.000000,5.000000,9.000000,14.625000,21.625000,0
2025-05-20T03:00:00Z,116.800000,139.800000,12.000000,15.000000,7.000000,4.000000,5.000000,12.375000,21.000000,0
2025-05-20T06:00:00Z,116.800000,139.800000,12.000000,18.000000,15.000000,7.000000,4.000000,9.625000,22.125000,0
2025-05-20T09:00:00Z,116.800000,139.800000,12.000000,12.000000,18.000000,15.000000,7.000000,8.625000,21.375000,0
2025-05-20T12:00:00Z,116.800000,139.800000,12.000000,15.000000,12.000000,18.000000,15.000000,7.250000,20.250000,0
2025-05-20T15:00:00Z,116.800000,139.800000,12.000000,12.000000,15.000000,12.000000,18.000000,7.250000,20.250000,0
2025-05-20T18:00:00Z,116.800000,139.800000,12.000000,6.000000,12.000000,15.000000,12.000000,8.875000,16.000000,0
2025-05-20T21:00:00Z,116.800000,139.800000,12.000000,15.000000,6.000000,12.000000,15.000000,9.625000,15.250000,0
2025-05-21T00:00:00Z,118.700000,139.500000,12.000000,27.000000,15.000000,6.000000,12.000000,10.625000,14.625000,0
2025-05-21T03:00:00Z,118.700000,139.500000,12.000000,15.000000,27.000000,15.000000,6.000000,11.000000,12.375000,0
2025-05-21T06:00:00Z,118.700000,139.500000,12.000000,18.000000,15.000000,27.000000,15.000000,11.125000,9.625000,0
2025-05-21T09:00:00Z,118.700000,139.500000,12.000000,12.000000,18.000000,15.000000,27.000000,12.500000,8.625000,0
2025-05-21T12:00:00Z,118.700000,139.500000,12.000000,7.000000,12.000000,18.000000,15.000000,15.000000,7.250000,0
2025-05-21T15:00:00Z,118.700000,139.500000,12.000000,5.000000,7.000000,12.000000,18.000000,15.000000,7.250000,0
2025-05-21T18:00:00Z,118.700000,139.500000,12.000000,6.000000,5.000000,7.000000,12.000000,15.000000,8.875000,0
2025-05-21T21:00:00Z,118.700000,139.500000,12.000000,7.000000,6.000000,5.000000,7.000000,15.000000,9.625000,0
2025-05-22T00:00:00Z,119.400000,138.900000,6.000000,7.000000,7.000000,6.000000,5.000000,14.000000,10.625000,0
2025-05-22T03:00:00Z,119.400000,138.900000,6.000000,6.000000,7.000000,7.000000,6.000000,13.125000,11.000000,0
2025-05-22T06:00:00Z,119.400000,138.900000,6.000000,5.000000,6.000000,7.000000,7.000000,13.125000,11.125000,0
2025-05-22T09:00:00Z,119.400000,138.900000,6.000000,4.000000,5.000000,6.000000,7.000000,12.125000,12.500000,0
2025-05-22T12:00:00Z,119.400000,138.900000,6.000000,5.000000,4.000000,5.000000,6.000000,9.625000,15.000000,0
2025-05-22T15:00:00Z,119.400000,138.900000,6.000000,6.000000,5.000000,4.000000,5.000000,8.500000,15.000000,0
2025-05-22T18:00:00Z,119.400000,138.900000,6.000000,9.000000,6.000000,5.000000,4.000000,6.875000,15.000000,0
2025-05-22T21:00:00Z,119.400000,138.900000,6.000000,4.000000,9.000000,6.000000,5.000000,5.875000,15.000000,0
2025-05-23T00:00:00Z,120.000000,138.500000,8.000000,6.000000,4.000000,9.000000,6.000000,5.625000,14.000000,0
2025-05-23T03:00:00Z,120.000000,138.500000,8.000000,5.000000,6.000000,4.000000,9.000000,5.750000,13.125000,0
2025-05-23T06:00:00Z,120.000000,138.500000,8.000000,7.000000,5.000000,6.000000,4.000000,6.125000,13.125000,0
2025-05-23T09:00:00Z,120.000000,138.500000,8.000000,9.000000,7.000000,5.000000,6.000000,5.750000,12.125000,0
2025-05-23T12:00:00Z,120.000000,138.500000,8.000000,9.000000,9.000000,7.000000,5.000000,5.625000,9.625000,0
2025-05-23T15:00:00Z,120.000000,138.500000,8.000000,18.000000,9.000000,9.000000,7.000000,5.500000,8.500000,0
2025-05-23T18:00:00Z,120.000000,138.500000,8.000000,3.000000,18.000000,9.000000,9.000000,5.750000,6.875000,0
2025-05-23T21:00:00Z,120.000000,138.500000,8.000000,6.000000,3.000000,18.000000,9.000000,6.375000,5.875000,0
2025-05-24T00:00:00Z,121.600000,138.000000,4.000000,5.000000,6.000000,3.000000,18.000000,6.875000,5.625000,0
2025-05-24T03:00:00Z,121.600000,138.000000,4.000000,4.000000,5.000000,6.000000,3.000000,8.375000,5.750000,0
2025-05-24T06:00:00Z,121.600000,138.000000,4.000000,4.000000,4.000000,5.000000,6.000000,7.625000,6.125000,0
2025-05-24T09:00:00Z,121.600000,138.000000,4.000000,4.000000,4.000000,4.000000,5.000000,7.875000,5.750000,0
2025-05-24T12:00:00Z,121.600000,138.000000,4.000000,4.000000,4.000000,4.000000,4.000000,7.750000,5.625000,0
2025-05-24T15:00:00Z,121.600000,138.000000,4.000000,3.000000,4.000000,4.000000,4.000000,7.625000,5.500000,0
2025-05-24T18:00:00Z,121.600000,138.000000,4.000000,3.000000,3.000000,4.000000,4.000000,7.250000,5.750000,0
2025-05-24T21:00:00Z,121.600000,138.000000,4.000000,4.000000,3.000000,3.000000,4.000000,6.625000,6.375000,0
2025-05-25T00:00:00Z,129.700000,137.600000,6.000000,6.000000,4.000000,3.000000,3.000000,6.000000,6.875000,0
2025-05-25T03:00:00Z,129.700000,137.600000,6.000000,6.000000,6.000000,4.000000,3.000000,4.125000,8.375000,0
2025-05-25T06:00:00Z,129.700000,137.600000,6.000000,7.000000,6.000000,6.000000,4.000000,4.125000,7.625000,0
2025-05-25T09:00:00Z,129.700000,137.600000,6.000000,4.000000,7.000000,6.000000,6.000000,3.875000,7.875000,0
2025-05-25T12:00:00Z,129.700000,137.600000,6.000000,7.000000,4.000000,7.000000,6.000000,4.000000,7.750000,0
2025-05-25T15:00:00Z,129.700000,137.600000,6.000000,5.000000,7.000000,4.000000,7.000000,4.250000,7.625000,0
2025-05-25T18:00:00Z,129.700000,137.600000,6.000000,6.000000,5.000000,7.000000,4.000000,4.625000,7.250000,0
2025-05-25T21:00:00Z,129.700000,137.600000,6.000000,4.000000,6.000000,5.000000,7.000000,4.625000,6.625000,0
2025-05-26T00:00:00Z,133.300000,137.100000,7.000000,4.000000,4.000000,6.000000,5.000000,5.000000,6.000000,0
2025-05-26T03:00:00Z,133.300000,137.100000,7.000000,4.000000,4.000000,4.000000,6.000000,5.250000,4.125000,0
2025-05-26T06:00:00Z,133.300000,137.100000,7.000000,7.000000,4.000000,4.000000,4.000000,5.625000,4.125000,0
2025-05-26T09:00:00Z,133.300000,137.100000,7.000000,4.000000,7.000000,4.000000,4.000000,5.625000,3.875000,0
2025-05-26T12:00:00Z,133.300000,137.100000,7.000000,15.000000,4.000000,7.000000,4.000000,5.375000,4.000000,0
2025-05-26T15:00:00Z,133.300000,137.100000,7.000000,5.000000,15.000000,4.000000,7.000000,5.125000,4.250000,0
2025-05-26T18:00:00Z,133.300000,137.100000,7.000000,7.000000,5.000000,15.000000,4.000000,5.125000,4.625000,0
2025-05-26T21:00:00Z,133.300000,137.100000,7.000000,12.000000,7.000000,5.000000,15.000000,5.125000,4.625000,0
2025-05-27T00:00:00Z,132.900000,136.800000,14.000000,7.000000,12.000000,7.000000,5.000000,6.125000,5.000000,0
2025-05-27T03:00:00Z,132.900000,136.800000,14.000000,7.000000,7.000000,12.000000,7.000000,6.125000,5.250000,0
2025-05-27T06:00:00Z,132.900000,136.800000,14.000000,4.000000,7.000000,7.000000,12.000000,6.250000,5.625000,0
2025-05-27T09:00:00Z,132.900000,136.800000,14.000000,9.000000,4.000000,7.000000,7.000000,7.250000,5.625000,0
2025-05-27T12:00:00Z,132.900000,136.800000,14.000000,15.000000,9.000000,4.000000,7.000000,7.625000,5.375000,0
2025-05-27T15:00:00Z,132.900000,136.800000,14.000000,15.000000,15.000000,9.000000,4.000000,8.000000,5.125000,0
2025-05-27T18:00:00Z,132.900000,136.800000,14.000000,27.000000,15.000000,15.000000,9.000000,7.625000,5.125000,0
2025-05-27T21:00:00Z,132.900000,136.800000,14.000000,32.000000,27.000000,15.000000,15.000000,8.250000,5.125000,0
2025-05-28T00:00:00Z,137.100000,136.400000,17.000000,22.000000,32.000000,27.000000,15.000000,8.250000,6.125000,0
2025-05-28T03:00:00Z,137.100000,136.400000,17.000000,32.000000,22.000000,32.000000,27.000000,9.500000,6.125000,0
2025-05-28T06:00:00Z,137.100000,136.400000,17.000000,12.000000,32.000000,22.000000,32.000000,12.000000,6.250000,0
2025-05-28T09:00:00Z,137.100000,136.400000,17.000000,15.000000,12.000000,32.000000,22.000000,14.500000,7.250000,0
2025-05-28T12:00:00Z,137.100000,136.400000,17.000000,6.000000,15.000000,12.000000,32.000000,16.375000,7.625000,0
2025-05-28T15:00:00Z,137.100000,136.400000,17.000000,18.000000,6.000000,15.000000,12.000000,19.500000,8.000000,0
2025-05-28T18:00:00Z,137.100000,136.400000,17.000000,18.000000,18.000000,6.000000,15.000000,20.500000,7.625000,0
2025-05-28T21:00:00Z,137.100000,136.400000,17.000000,15.000000,18.000000,18.000000,6.000000,21.250000,8.250000,0
2025-05-29T00:00:00Z,144.300000,135.900000,62.000000,94.000000,15.000000,18.000000,18.000000,20.125000,8.250000,0
2025-05-29T03:00:00Z,144.300000,135.900000,62.000000,48.000000,94.000000,15.000000,18.000000,20.500000,9.500000,0
2025-05-29T06:00:00Z,144.300000,135.900000,62.000000,48.000000,48.000000,94.000000,15.000000,19.375000,12.000000,0
2025-05-29T09:00:00Z,144.300000,135.900000,62.000000,56.000000,48.000000,48.000000,94.000000,17.250000,14.500000,0
2025-05-29T12:00:00Z,144.300000,135.900000,62.000000,67.000000,56.000000,48.000000,48.000000,26.250000,16.375000,0
2025-05-29T15:00:00Z,144.300000,135.900000,62.000000,56.000000,67.000000,56.000000,48.000000,28.250000,19.500000,0
2025-05-29T18:00:00Z,144.300000,135.900000,62.000000,67.000000,56.000000,67.000000,56.000000,32.750000,20.500000,0
2025-05-29T21:00:00Z,144.300000,135.900000,62.000000,56.000000,67.000000,56.000000,67.000000,37.875000,21.250000,0
2025-05-30T00:00:00Z,144.800000,135.400000,29.000000,32.000000,56.000000,67.000000,56.000000,45.500000,20.125000,0
2025-05-30T03:00:00Z,144.800000,135.400000,29.000000,32.000000,32.000000,56.000000,67.000000,50.250000,20.500000,0
2025-05-30T06:00:00Z,144.800000,135.400000,29.000000,27.000000,32.000000,32.000000,56.000000,56.375000,19.375000,0
2025-05-30T09:00:00Z,144.800000,135.400000,29.000000,18.000000,27.000000,32.000000,32.000000,61.500000,17.250000,0
2025-05-30T12:00:00Z,144.800000,135.400000,29.000000,27.000000,18.000000,27.000000,32.000000,53.750000,26.250000,0
2025-05-30T15:00:00Z,144.800000,135.400000,29.000000,39.000000,27.000000,18.000000,27.000000,51.750000,28.250000,0
2025-05-30T18:00:00Z,144.800000,135.400000,29.000000,32.000000,39.000000,27.000000,18.000000,49.125000,32.750000,0
2025-05-30T21:00:00Z,144.800000,135.400000,29.000000,22.000000,32.000000,39.000000,27.000000,44.375000,37.875000,0
2025-05-31T00:00:00Z,156.900000,135.100000,16.000000,18.000000,22.000000,32.000000,39.000000,39.375000,45.500000,0
2025-05-31T03:00:00Z,156.900000,135.100000,16.000000,15.000000,18.000000,22.000000,32.000000,37.250000,50.250000,0
2025-05-31T06:00:00Z,156.900000,135.100000,16.000000,12.000000,15.000000,18.000000,22.000000,32.875000,56.375000,0
2025-05-31T09:00:00Z,156.900000,135.100000,16.000000,9.000000,12.000000,15.000000,18.000000,28.625000,61.500000,0
2025-05-31T12:00:00Z,156.900000,135.100000,16.000000,27.000000,9.000000,12.000000,15.000000,26.875000,53.750000,0
2025-05-31T15:00:00Z,156.900000,135.100000,16.000000,7.000000,27.000000,9.000000,12.000000,24.750000,51.750000,0
2025-05-31T18:00:00Z,156.900000,135.100000,16.000000,15.000000,7.000000,27.000000,9.000000,22.875000,49.125000,0
2025-05-31T21:00:00Z,156.900000,135.100000,16.000000,22.000000,15.000000,7.000000,27.000000,21.750000,44.375000,0
2025-06-01T00:00:00Z,164.200000,134.700000,98.000000,48.000000,22.000000,15.000000,7.000000,21.750000,39.375000,0
2025-06-01T03:00:00Z,164.200000,134.700000,98.000000,67.000000,48.000000,22.000000,15.000000,17.750000,37.250000,0
2025-06-01T06:00:00Z,164.200000,134.700000,98.000000,179.000000,67.000000,48.000000,22.000000,15.625000,32.875000,0
2025-06-01T09:00:00Z,164.200000,134.700000,98.000000,154.000000,179.000000,67.000000,48.000000,15.625000,28.625000,0
2025-06-01T12:00:00Z,164.200000,134.700000,98.000000,154.000000,154.000000,179.000000,67.000000,19.375000,26.875000,0
2025-06-01T15:00:00Z,164.200000,134.700000,98.000000,48.000000,154.000000,154.000000,179.000000,25.875000,24.750000,0
2025-06-01T18:00:00Z,164.200000,134.700000,98.000000,111.000000,48.000000,154.000000,154.000000,46.750000,22.875000,0
2025-06-01T21:00:00Z,164.200000,134.700000,98.000000,22.000000,111.000000,48.000000,154.000000,64.875000,21.750000,0
2025-06-02T00:00:00Z,150.300000,134.400000,69.000000,39.000000,22.000000,111.000000,48.000000,80.750000,21.750000,0
2025-06-02T03:00:00Z,150.300000,134.400000,69.000000,39.000000,39.000000,22.000000,111.000000,85.875000,17.750000,0
2025-06-02T06:00:00Z,150.300000,134.400000,69.000000,80.000000,39.000000,39.000000,22.000000,97.875000,15.625000,0
2025-06-02T09:00:00Z,150.300000,134.400000,69.000000,132.000000,80.000000,39.000000,39.000000,97.875000,15.625000,0
2025-06-02T12:00:00Z,150.300000,134.400000,69.000000,80.000000,132.000000,80.000000,39.000000,96.750000,19.375000,0
2025-06-02T15:00:00Z,150.300000,134.400000,69.000000,56.000000,80.000000,132.000000,80.000000,93.250000,25.875000,0
2025-06-02T18:00:00Z,150.300000,134.400000,69.000000,56.000000,56.000000,80.000000,132.000000,80.875000,46.750000,0
2025-06-02T21:00:00Z,150.300000,134.400000,69.000000,67.000000,56.000000,56.000000,80.000000,78.125000,64.875000,0
2025-06-03T00:00:00Z,139.900000,133.900000,60.000000,67.000000,67.000000,56.000000,56.000000,68.875000,80.750000,0
2025-06-03T03:00:00Z,139.900000,133.900000,60.000000,132.000000,67.000000,67.000000,56.000000,69.875000,85.875000,0
2025-06-03T06:00:00Z,139.900000,133.900000,60.000000,80.000000,132.000000,67.000000,67.000000,63.000000,97.875000,0
2025-06-03T09:00:00Z,139.900000,133.900000,60.000000,67.000000,80.000000,132.000000,67.000000,68.625000,97.875000,0
2025-06-03T12:00:00Z,139.900000,133.900000,60.000000,67.000000,67.000000,80.000000,132.000000,72.125000,96.750000,0
2025-06-03T15:00:00Z,139.900000,133.900000,60.000000,48.000000,67.000000,67.000000,80.000000,83.750000,93.250000,0
2025-06-03T18:00:00Z,139.900000,133.900000,60.000000,9.000000,48.000000,67.000000,67.000000,83.750000,80.875000,0
2025-06-03T21:00:00Z,139.900000,133.900000,60.000000,9.000000,9.000000,48.000000,67.000000,75.625000,78.125000,0
2025-06-04T00:00:00Z,134.800000,133.400000,27.000000,4.000000,9.000000,9.000000,48.000000,74.000000,68.875000,0
2025-06-04T03:00:00Z,134.800000,133.400000,27.000000,18.000000,4.000000,9.000000,9.000000,73.000000,69.875000,0
2025-06-04T06:00:00Z,134.800000,133.400000,27.000000,15.000000,18.000000,4.000000,9.000000,67.125000,63.000000,0
2025-06-04T09:00:00Z,134.800000,133.400000,27.000000,27.000000,15.000000,18.000000,4.000000,59.875000,68.625000,0
2025-06-04T12:00:00Z,134.800000,133.400000,27.000000,56.000000,27.000000,15.000000,18.000000,52.000000,72.125000,0
2025-06-04T15:00:00Z,134.800000,133.400000,27.000000,56.000000,56.000000,27.000000,15.000000,37.750000,83.750000,0
2025-06-04T18:00:00Z,134.800000,133.400000,27.000000,22.000000,56.000000,56.000000,27.000000,29.625000,83.750000,0
2025-06-04T21:00:00Z,134.800000,133.400000,27.000000,15.000000,22.000000,56.000000,56.000000,24.625000,75.625000,0
2025-06-05T00:00:00Z,130.600000,133.100000,12.000000,22.000000,15.000000,22.000000,56.000000,23.250000,74.000000,0
2025-06-05T03:00:00Z,130.600000,133.100000,12.000000,6.000000,22.000000,15.000000,22.000000,24.250000,73.000000,0
2025-06-05T06:00:00Z,130.600000,133.100000,12.000000,7.000000,6.000000,22.000000,15.000000,25.875000,67.125000,0
2025-06-05T09:00:00Z,130.600000,133.100000,12.000000,15.000000,7.000000,6.000000,22.000000,26.625000,59.875000,0
2025-06-05T12:00:00Z,130.600000,133.100000,12.000000,12.000000,15.000000,7.000000,6.000000,28.875000,52.000000,0
2025-06-05T15:00:00Z,130.600000,133.100000,12.000000,18.000000,12.000000,15.000000,7.000000,27.375000,37.750000,0
2025-06-05T18:00:00Z,130.600000,133.100000,12.000000,12.000000,18.000000,12.000000,15.000000,26.375000,29.625000,0
2025-06-05T21:00:00Z,130.600000,133.100000,12.000000,7.000000,12.000000,18.000000,12.000000,24.875000,24.625000,0
2025-06-06T00:00:00Z,127.800000,133.100000,7.000000,7.000000,7.000000,12.000000,18.000000,19.375000,23.250000,0
2025-06-06T03:00:00Z,127.800000,133.100000,7.000000,5.000000,7.000000,7.000000,12.000000,14.625000,24.250000,0
2025-06-06T06:00:00Z,127.800000,133.100000,7.000000,7.000000,5.000000,7.000000,7.000000,13.375000,25.875000,0
2025-06-06T09:00:00Z,127.800000,133.100000,7.000000,7.000000,7.000000,5.000000,7.000000,12.375000,26.625000,0
2025-06-06T12:00:00Z,127.800000,133.100000,7.000000,6.000000,7.000000,7.000000,5.000000,10.500000,28.875000,0
2025-06-06T15:00:00Z,127.800000,133.100000,7.000000,7.000000,6.000000,7.000000,7.000000,10.375000,27.375000,0
2025-06-06T18:00:00Z,127.800000,133.100000,7.000000,9.000000,7.000000,6.000000,7.000000,10.375000,26.375000,0
2025-06-06T21:00:00Z,127.800000,133.100000,7.000000,5.000000,9.000000,7.000000,6.000000,9.375000,24.875000,0
2025-06-07T00:00:00Z,124.500000,133.100000,18.000000,7.000000,5.000000,9.000000,7.000000,8.625000,19.375000,0
2025-06-07T03:00:00Z,124.500000,133.100000,18.000000,7.000000,7.000000,5.000000,9.000000,7.250000,14.625000,0
2025-06-07T06:00:00Z,124.500000,133.100000,18.000000,18.000000,7.000000,7.000000,5.000000,6.875000,13.375000,0
2025-06-07T09:00:00Z,124.500000,133.100000,18.000000,32.000000,18.000000,7.000000,7.000000,6.625000,12.375000,0
2025-06-07T12:00:00Z,124.500000,133.100000,18.000000,9.000000,32.000000,18.000000,7.000000,6.625000,10.500000,0
2025-06-07T15:00:00Z,124.500000,133.100000,18.000000,12.000000,9.000000,32.000000,18.000000,6.875000,10.375000,0
2025-06-07T18:00:00Z,124.500000,133.100000,18.000000,32.000000,12.000000,9.000000,32.000000,8.250000,10.375000,0
2025-06-07T21:00:00Z,124.500000,133.100000,18.000000,27.000000,32.000000,12.000000,9.000000,11.375000,9.375000,0
2025-06-08T00:00:00Z,120.900000,133.100000,14.000000,6.000000,27.000000,32.000000,12.000000,11.750000,8.625000,0
2025-06-08T03:00:00Z,120.900000,133.100000,14.000000,7.000000,6.000000,27.000000,32.000000,12.375000,7.250000,0
2025-06-08T06:00:00Z,120.900000,133.100000,14.000000,7.000000,7.000000,6.000000,27.000000,15.250000,6.875000,0
2025-06-08T09:00:00Z,120.900000,133.100000,14.000000,9.000000,7.000000,7.000000,6.000000,18.000000,6.625000,0
2025-06-08T12:00:00Z,120.900000,133.100000,14.000000,15.000000,9.000000,7.000000,7.000000,17.875000,6.625000,0
2025-06-08T15:00:00Z,120.900000,133.100000,14.000000,22.000000,15.000000,9.000000,7.000000,17.875000,6.875000,0
2025-06-08T18:00:00Z,120.900000,133.100000,14.000000,18.000000,22.000000,15.000000,9.000000,16.500000,8.250000,0
2025-06-08T21:00:00Z,120.900000,133.100000,14.000000,27.000000,18.000000,22.000000,15.000000,13.625000,11.375000,0
2025-06-09T00:00:00Z,115.000000,133.100000,14.000000,22.000000,27.000000,18.000000,22.000000,14.375000,11.750000,0
2025-06-09T03:00:00Z,115.000000,133.100000,14.000000,27.000000,22.000000,27.000000,18.000000,15.625000,12.375000,0
2025-06-09T06:00:00Z,115.000000,133.100000,14.000000,15.000000,27.000000,22.000000,27.000000,13.875000,15.250000,0
2025-06-09T09:00:00Z,115.000000,133.100000,14.000000,9.000000,15.000000,27.000000,22.000000,13.875000,18.000000,0
2025-06-09T12:00:00Z,115.000000,133.100000,14.000000,9.000000,9.000000,15.000000,27.000000,15.875000,17.875000,0
2025-06-09T15:00:00Z,115.000000,133.100000,14.000000,12.000000,9.000000,9.000000,15.000000,18.375000,17.875000,0
2025-06-09T18:00:00Z,115.000000,133.100000,14.000000,9.000000,12.000000,9.000000,9.000000,19.375000,16.500000,0
2025-06-09T21:00:00Z,115.000000,133.100000,14.000000,12.000000,9.000000,12.000000,9.000000,19.375000,13.625000,0
2025-06-10T00:00:00Z,120.300000,133.200000,8.000000,12.000000,12.000000,9.000000,12.000000,18.625000,14.375000,0
2025-06-10T03:00:00Z,120.300000,133.200000,8.000000,5.000000,12.000000,12.000000,9.000000,17.375000,15.625000,0
2025-06-10T06:00:00Z,120.300000,133.200000,8.000000,7.000000,5.000000,12.000000,12.000000,16.250000,13.875000,0
2025-06-10T09:00:00Z,120.300000,133.200000,8.000000,6.000000,7.000000,5.000000,12.000000,14.375000,13.875000,0
2025-06-10T12:00:00Z,120.300000,133.200000,8.000000,6.000000,6.000000,7.000000,5.000000,13.125000,15.875000,0
2025-06-10T15:00:00Z,120.300000,133.200000,8.000000,6.000000,6.000000,6.000000,7.000000,10.375000,18.375000,0
2025-06-10T18:00:00Z,120.300000,133.200000,8.000000,7.000000,6.000000,6.000000,6.000000,9.375000,19.375000,0
2025-06-10T21:00:00Z,120.300000,133.200000,8.000000,12.000000,7.000000,6.000000,6.000000,9.000000,19.375000,0
2025-06-11T00:00:00Z,129.600000,133.000000,18.000000,18.000000,12.000000,7.000000,6.000000,8.625000,18.625000,0
2025-06-11T03:00:00Z,129.600000,133.000000,18.000000,12.000000,18.000000,12.000000,7.000000,7.875000,17.375000,0
2025-06-11T06:00:00Z,129.600000,133.000000,18.000000,5.000000,12.000000,18.000000,12.000000,7.625000,16.250000,0
2025-06-11T09:00:00Z,129.600000,133.000000,18.000000,5.000000,5.000000,12.000000,18.000000,7.625000,14.375000,0
2025-06-11T12:00:00Z,129.600000,133.000000,18.000000,9.000000,5.000000,5.000000,12.000000,8.375000,13.125000,0
2025-06-11T15:00:00Z,129.600000,133.000000,18.000000,27.000000,9.000000,5.000000,5.000000,9.250000,10.375000,0
2025-06-11T18:00:00Z,129.600000,133.000000,18.000000,27.000000,27.000000,9.000000,5.000000,9.000000,9.375000,0
2025-06-11T21:00:00Z,129.600000,133.000000,18.000000,39.000000,27.000000,27.000000,9.000000,8.875000,9.000000,0
2025-06-12T00:00:00Z,141.800000,133.000000,32.000000,39.000000,39.000000,27.000000,27.000000,9.250000,8.625000,0
2025-06-12T03:00:00Z,141.800000,133.000000,32.000000,27.000000,39.000000,39.000000,27.000000,11.875000,7.875000,0
2025-06-12T06:00:00Z,141.800000,133.000000,32.000000,22.000000,27.000000,39.000000,39.000000,14.375000,7.625000,0
2025-06-12T09:00:00Z,141.800000,133.000000,32.000000,18.000000,22.000000,27.000000,39.000000,17.750000,7.625000,0
2025-06-12T12:00:00Z,141.800000,133.000000,32.000000,22.000000,18.000000,22.000000,27.000000,20.375000,8.375000,0
2025-06-12T15:00:00Z,141.800000,133.000000,32.000000,12.000000,22.000000,18.000000,22.000000,22.250000,9.250000,0
2025-06-12T18:00:00Z,141.800000,133.000000,32.000000,56.000000,12.000000,22.000000,18.000000,24.375000,9.000000,0
2025-06-12T21:00:00Z,141.800000,133.000000,32.000000,56.000000,56.000000,12.000000,22.000000,26.000000,8.875000,0
2025-06-13T00:00:00Z,141.500000,132.900000,69.000000,111.000000,56.000000,56.000000,12.000000,27.625000,9.250000,0
2025-06-13T03:00:00Z,141.500000,132.900000,69.000000,56.000000,111.000000,56.000000,56.000000,25.750000,11.875000,0
2025-06-13T06:00:00Z,141.500000,132.900000,69.000000,48.000000,56.000000,111.000000,56.000000,29.375000,14.375000,0
2025-06-13T09:00:00Z,141.500000,132.900000,69.000000,39.000000,48.000000,56.000000,111.000000,31.500000,17.750000,0
2025-06-13T12:00:00Z,141.500000,132.900000,69.000000,80.000000,39.000000,48.000000,56.000000,40.500000,20.375000,0
2025-06-13T15:00:00Z,141.500000,132.900000,69.000000,56.000000,80.000000,39.000000,48.000000,44.125000,22.250000,0
2025-06-13T18:00:00Z,141.500000,132.900000,69.000000,80.000000,56.000000,80.000000,39.000000,47.375000,24.375000,0
2025-06-13T21:00:00Z,141.500000,132.900000,69.000000,80.000000,80.000000,56.000000,80.000000,50.000000,26.000000,0
2025-06-14T00:00:00Z,143.000000,132.900000,22.000000,39.000000,80.000000,80.000000,56.000000,57.250000,27.625000,0
2025-06-14T03:00:00Z,143.000000,132.900000,22.000000,56.000000,39.000000,80.000000,80.000000,62.750000,25.750000,0
2025-06-14T06:00:00Z,143.000000,132.900000,22.000000,15.000000,56.000000,39.000000,80.000000,65.750000,29.375000,0
2025-06-14T09:00:00Z,143.000000,132.900000,22.000000,12.000000,15.000000,56.000000,39.000000,68.750000,31.500000,0
2025-06-14T12:00:00Z,143.000000,132.900000,22.000000,15.000000,12.000000,15.000000,56.000000,59.750000,40.500000,0
2025-06-14T15:00:00Z,143.000000,132.900000,22.000000,15.000000,15.000000,12.000000,15.000000,59.750000,44.125000,0
2025-06-14T18:00:00Z,143.000000,132.900000,22.000000,12.000000,15.000000,15.000000,12.000000,55.625000,47.375000,0
2025-06-14T21:00:00Z,143.000000,132.900000,22.000000,12.000000,12.000000,15.000000,15.000000,52.250000,50.000000,0
2025-06-15T00:00:00Z,150.800000,132.800000,8.000000,6.000000,12.000000,12.000000,15.000000,44.125000,57.250000,0
2025-06-15T03:00:00Z,150.800000,132.800000,8.000000,5.000000,6.000000,12.000000,12.000000,39.000000,62.750000,0
2025-06-15T06:00:00Z,150.800000,132.800000,8.000000,7.000000,5.000000,6.000000,12.000000,30.500000,65.750000,0
2025-06-15T09:00:00Z,150.800000,132.800000,8.000000,9.000000,7.000000,5.000000,6.000000,22.000000,68.750000,0
2025-06-15T12:00:00Z,150.800000,132.800000,8.000000,7.000000,9.000000,7.000000,5.000000,17.875000,59.750000,0
2025-06-15T15:00:00Z,150.800000,132.800000,8.000000,15.000000,7.000000,9.000000,7.000000,11.500000,59.750000,0
2025-06-15T18:00:00Z,150.800000,132.800000,8.000000,12.000000,15.000000,7.000000,9.000000,10.500000,55.625000,0
2025-06-15T21:00:00Z,150.800000,132.800000,8.000000,7.000000,12.000000,15.000000,7.000000,10.125000,52.250000,0
2025-06-16T00:00:00Z,160.500000,132.600000,9.000000,6.000000,7.000000,12.000000,15.000000,9.125000,44.125000,0
2025-06-16T03:00:00Z,160.500000,132.600000,9.000000,12.000000,6.000000,7.000000,12.000000,9.125000,39.000000,0
2025-06-16T06:00:00Z,160.500000,132.600000,9.000000,22.000000,12.000000,6.000000,7.000000,9.125000,30.500000,0
2025-06-16T09:00:00Z,160.500000,132.600000,9.000000,7.000000,22.000000,12.000000,6.000000,8.500000,22.000000,0
2025-06-16T12:00:00Z,160.500000,132.600000,9.000000,7.000000,7.000000,22.000000,12.000000,8.500000,17.875000,0
2025-06-16T15:00:00Z,160.500000,132.600000,9.000000,6.000000,7.000000,7.000000,22.000000,9.375000,11.500000,0
2025-06-16T18:00:00Z,160.500000,132.600000,9.000000,9.000000,6.000000,7.000000,7.000000,11.250000,10.500000,0
2025-06-16T21:00:00Z,160.500000,132.600000,9.000000,6.000000,9.000000,6.000000,7.000000,11.000000,10.125000,0
2025-06-17T00:00:00Z,147.900000,132.500000,8.000000,6.000000,6.000000,9.000000,6.000000,11.000000,9.125000,0
2025-06-17T03:00:00Z,147.900000,132.500000,8.000000,7.000000,6.000000,6.000000,9.000000,9.875000,9.125000,0
2025-06-17T06:00:00Z,147.900000,132.500000,8.000000,6.000000,7.000000,6.000000,6.000000,9.500000,9.125000,0
2025-06-17T09:00:00Z,147.900000,132.500000,8.000000,5.000000,6.000000,7.000000,6.000000,9.375000,8.500000,0
2025-06-17T12:00:00Z,147.900000,132.500000,8.000000,9.000000,5.000000,6.000000,7.000000,9.375000,8.500000,0
2025-06-17T15:00:00Z,147.900000,132.500000,8.000000,9.000000,9.000000,5.000000,6.000000,8.750000,9.375000,0
2025-06-17T18:00:00Z,147.900000,132.500000,8.000000,9.000000,9.000000,9.000000,5.000000,6.750000,11.250000,0
2025-06-17T21:00:00Z,147.900000,132.500000,8.000000,9.000000,9.000000,9.000000,9.000000,6.500000,11.000000,0
2025-06-18T00:00:00Z,139.200000,132.400000,12.000000,15.000000,9.000000,9.000000,9.000000,6.750000,11.000000,0
2025-06-18T03:00:00Z,139.200000,132.400000,12.000000,9.000000,15.000000,9.000000,9.000000,7.125000,9.875000,0
2025-06-18T06:00:00Z,139.200000,132.400000,12.000000,7.000000,9.000000,15.000000,9.000000,7.125000,9.500000,0
2025-06-18T09:00:00Z,139.200000,132.400000,12.000000,12.000000,7.000000,9.000000,15.000000,7.500000,9.375000,0
2025-06-18T12:00:00Z,139.200000,132.400000,12.000000,18.000000,12.000000,7.000000,9.000000,8.625000,9.375000,0
2025-06-18T15:00:00Z,139.200000,132.400000,12.000000,9.000000,18.000000,12.000000,7.000000,8.875000,8.750000,0
2025-06-18T18:00:00Z,139.200000,132.400000,12.000000,12.000000,9.000000,18.000000,12.000000,9.000000,6.750000,0
2025-06-18T21:00:00Z,139.200000,132.400000,12.000000,18.000000,12.000000,9.000000,18.000000,9.875000,6.500000,0
2025-06-19T00:00:00Z,137.000000,132.600000,10.000000,9.000000,18.000000,12.000000,9.000000,11.000000,6.750000,0
2025-06-19T03:00:00Z,137.000000,132.600000,10.000000,6.000000,9.000000,18.000000,12.000000,11.000000,7.125000,0
2025-06-19T06:00:00Z,137.000000,132.600000,10.000000,5.000000,6.000000,9.000000,18.000000,11.375000,7.125000,0
2025-06-19T09:00:00Z,137.000000,132.600000,10.000000,4.000000,5.000000,6.000000,9.000000,12.500000,7.500000,0
2025-06-19T12:00:00Z,137.000000,132.600000,10.000000,5.000000,4.000000,5.000000,6.000000,11.750000,8.625000,0
2025-06-19T15:00:00Z,137.000000,132.600000,10.000000,6.000000,5.000000,4.000000,5.000000,11.375000,8.875000,0
2025-06-19T18:00:00Z,137.000000,132.600000,10.000000,32.000000,6.000000,5.000000,4.000000,11.125000,9.000000,0
2025-06-19T21:00:00Z,137.000000,132.600000,10.000000,15.000000,32.000000,6.000000,5.000000,10.125000,9.875000,0
2025-06-20T00:00:00Z,136.200000,132.800000,9.000000,5.000000,15.000000,32.000000,6.000000,8.500000,11.000000,0
2025-06-20T03:00:00Z,136.200000,132.800000,9.000000,7.000000,5.000000,15.000000,32.000000,8.125000,11.000000,0
2025-06-20T06:00:00Z,136.200000,132.800000,9.000000,12.000000,7.000000,5.000000,15.000000,10.625000,11.375000,0
2025-06-20T09:00:00Z,136.200000,132.800000,9.000000,9.000000,12.000000,7.000000,5.000000,10.250000,12.500000,0
2025-06-20T12:00:00Z,136.200000,132.800000,9.000000,9.000000,9.000000,12.000000,7.000000,9.750000,11.750000,0
2025-06-20T15:00:00Z,136.200000,132.800000,9.000000,15.000000,9.000000,9.000000,12.000000,9.875000,11.375000,0
2025-06-20T18:00:00Z,136.200000,132.800000,9.000000,9.000000,15.000000,9.000000,9.000000,10.750000,11.125000,0
2025-06-20T21:00:00Z,136.200000,132.800000,9.000000,3.000000,9.000000,15.000000,9.000000,11.375000,10.125000,0
2025-06-21T00:00:00Z,129.700000,133.000000,10.000000,6.000000,3.000000,9.000000,15.000000,11.875000,8.500000,0
2025-06-21T03:00:00Z,129.700000,133.000000,10.000000,15.000000,6.000000,3.000000,9.000000,13.000000,8.125000,0
2025-06-21T06:00:00Z,129.700000,133.000000,10.000000,5.000000,15.000000,6.000000,3.000000,10.125000,10.625000,0
2025-06-21T09:00:00Z,129.700000,133.000000,10.000000,5.000000,5.000000,15.000000,6.000000,8.625000,10.250000,0
2025-06-21T12:00:00Z,129.700000,133.000000,10.000000,12.000000,5.000000,5.000000,15.000000,8.750000,9.750000,0
2025-06-21T15:00:00Z,129.700000,133.000000,10.000000,18.000000,12.000000,5.000000,5.000000,9.750000,9.875000,0
2025-06-21T18:00:00Z,129.700000,133.000000,10.000000,5.000000,18.000000,12.000000,5.000000,8.875000,10.750000,0
2025-06-21T21:00:00Z,129.700000,133.000000,10.000000,12.000000,5.000000,18.000000,12.000000,8.375000,11.375000,0
2025-06-22T00:00:00Z,120.300000,133.400000,9.000000,18.000000,12.000000,5.000000,18.000000,8.750000,11.875000,0
2025-06-22T03:00:00Z,120.300000,133.400000,9.000000,9.000000,18.000000,12.000000,5.000000,9.125000,13.000000,0
2025-06-22T06:00:00Z,120.300000,133.400000,9.000000,6.000000,9.000000,18.000000,12.000000,8.625000,10.125000,0
2025-06-22T09:00:00Z,120.300000,133.400000,9.000000,6.000000,6.000000,9.000000,18.000000,9.750000,8.625000,0
2025-06-22T12:00:00Z,120.300000,133.400000,9.000000,9.000000,6.000000,6.000000,9.000000,11.250000,8.750000,0
2025-06-22T15:00:00Z,120.300000,133.400000,9.000000,9.000000,9.000000,6.000000,6.000000,10.500000,9.750000,0
2025-06-22T18:00:00Z,120.300000,133.400000,9.000000,9.000000,9.000000,9.000000,6.000000,10.625000,8.875000,0
2025-06-22T21:00:00Z,120.300000,133.400000,9.000000,9.000000,9.000000,9.000000,9.000000,10.750000,8.375000,0
2025-06-23T00:00:00Z,124.800000,133.800000,6.000000,12.000000,9.000000,9.000000,9.000000,10.375000,8.750000,0
2025-06-23T03:00:00Z,124.800000,133.800000,6.000000,5.000000,12.000000,9.000000,9.000000,9.250000,9.125000,0
2025-06-23T06:00:00Z,124.800000,133.800000,6.000000,4.000000,5.000000,12.000000,9.000000,9.750000,8.625000,0
2025-06-23T09:00:00Z,124.800000,133.800000,6.000000,6.000000,4.000000,5.000000,12.000000,9.375000,9.750000,0
2025-06-23T12:00:00Z,124.800000,133.800000,6.000000,6.000000,6.000000,4.000000,5.000000,8.625000,11.250000,0
2025-06-23T15:00:00Z,124.800000,133.800000,6.000000,6.000000,6.000000,6.000000,4.000000,8.125000,10.500000,0
2025-06-23T18:00:00Z,124.800000,133.800000,6.000000,4.000000,6.000000,6.000000,6.000000,7.875000,10.625000,0
2025-06-23T21:00:00Z,124.800000,133.800000,6.000000,3.000000,4.000000,6.000000,6.000000,7.875000,10.750000,0
2025-06-24T00:00:00Z,121.800000,134.100000,7.000000,4.000000,3.000000,4.000000,6.000000,7.500000,10.375000,0
2025-06-24T03:00:00Z,121.800000,134.100000,7.000000,7.000000,4.000000,3.000000,4.000000,7.125000,9.250000,0
2025-06-24T06:00:00Z,121.800000,134.100000,7.000000,6.000000,7.000000,4.000000,3.000000,6.500000,9.750000,0
2025-06-24T09:00:00Z,121.800000,134.100000,7.000000,7.000000,6.000000,7.000000,4.000000,5.750000,9.375000,0
2025-06-24T12:00:00Z,121.800000,134.100000,7.000000,9.000000,7.000000,6.000000,7.000000,4.750000,8.625000,0
2025-06-24T15:00:00Z,121.800000,134.100000,7.000000,12.000000,9.000000,7.000000,6.000000,5.000000,8.125000,0
2025-06-24T18:00:00Z,121.800000,134.100000,7.000000,6.000000,12.000000,9.000000,7.000000,5.250000,7.875000,0
2025-06-24T21:00:00Z,121.800000,134.100000,7.000000,5.000000,6.000000,12.000000,9.000000,5.375000,7.875000,0
2025-06-25T00:00:00Z,119.900000,134.400000,14.000000,3.000000,5.000000,6.000000,12.000000,5.750000,7.500000,0
2025-06-25T03:00:00Z,119.900000,134.400000,14.000000,4.000000,3.000000,5.000000,6.000000,6.500000,7.125000,0
2025-06-25T06:00:00Z,119.900000,134.400000,14.000000,5.000000,4.000000,3.000000,5.000000,6.750000,6.500000,0
2025-06-25T09:00:00Z,119.900000,134.400000,14.000000,5.000000,5.000000,4.000000,3.000000,7.000000,5.750000,0
2025-06-25T12:00:00Z,119.900000,134.400000,14.000000,15.000000,5.000000,5.000000,4.000000,6.875000,4.750000,0
2025-06-25T15:00:00Z,119.900000,134.400000,14.000000,18.000000,15.000000,5.000000,5.000000,6.500000,5.000000,0
2025-06-25T18:00:00Z,119.900000,134.400000,14.000000,27.000000,18.000000,15.000000,5.000000,6.375000,5.250000,0
2025-06-25T21:00:00Z,119.900000,134.400000,14.000000,32.000000,27.000000,18.000000,15.000000,6.125000,5.375000,0
2025-06-26T00:00:00Z,116.900000,134.900000,29.000000,32.000000,32.000000,27.000000,18.000000,6.875000,5.750000,0
2025-06-26T03:00:00Z,116.900000,134.900000,29.000000,18.000000,32.000000,32.000000,27.000000,7.625000,6.500000,0
2025-06-26T06:00:00Z,116.900000,134.900000,29.000000,22.000000,18.000000,32.000000,32.000000,10.250000,6.750000,0
2025-06-26T09:00:00Z,116.900000,134.900000,29.000000,18.000000,22.000000,18.000000,32.000000,13.625000,7.000000,0
2025-06-26T12:00:00Z,116.900000,134.900000,29.000000,32.000000,18.000000,22.000000,18.000000,17.250000,6.875000,0
2025-06-26T15:00:00Z,116.900000,134.900000,29.000000,27.000000,32.000000,18.000000,22.000000,19.000000,6.500000,0
2025-06-26T18:00:00Z,116.900000,134.900000,29.000000,27.000000,27.000000,32.000000,18.000000,21.125000,6.375000,0
2025-06-26T21:00:00Z,116.900000,134.900000,29.000000,56.000000,27.000000,27.000000,32.000000,22.750000,6.125000,0
2025-06-27T00:00:00Z,117.300000,135.400000,20.000000,48.000000,56.000000,27.000000,27.000000,24.875000,6.875000,0
2025-06-27T03:00:00Z,117.300000,135.400000,20.000000,27.000000,48.000000,56.000000,27.000000,26.000000,7.625000,0
2025-06-27T06:00:00Z,117.300000,135.400000,20.000000,27.000000,27.000000,48.000000,56.000000,26.000000,10.250000,0
2025-06-27T09:00:00Z,117.300000,135.400000,20.000000,15.000000,27.000000,27.000000,48.000000,29.000000,13.625000,0
2025-06-27T12:00:00Z,117.300000,135.400000,20.000000,15.000000,15.000000,27.000000,27.000000,31.000000,17.250000,0
2025-06-27T15:00:00Z,117.300000,135.400000,20.000000,9.000000,15.000000,15.000000,27.000000,32.125000,19.000000,0
2025-06-27T18:00:00Z,117.300000,135.400000,20.000000,7.000000,9.000000,15.000000,15.000000,32.750000,21.125000,0
2025-06-27T21:00:00Z,117.300000,135.400000,20.000000,12.000000,7.000000,9.000000,15.000000,32.375000,22.750000,0
2025-06-28T00:00:00Z,118.300000,135.800000,8.000000,6.000000,12.000000,7.000000,9.000000,30.250000,24.875000,0
2025-06-28T03:00:00Z,118.300000,135.800000,8.000000,7.000000,6.000000,12.000000,7.000000,28.000000,26.000000,0
2025-06-28T06:00:00Z,118.300000,135.800000,8.000000,18.000000,7.000000,6.000000,12.000000,25.500000,26.000000,0
2025-06-28T09:00:00Z,118.300000,135.800000,8.000000,9.000000,18.000000,7.000000,6.000000,20.000000,29.000000,0
2025-06-28T12:00:00Z,118.300000,135.800000,8.000000,7.000000,9.000000,18.000000,7.000000,14.750000,31.000000,0
2025-06-28T15:00:00Z,118.300000,135.800000,8.000000,5.000000,7.000000,9.000000,18.000000,12.250000,32.125000,0
2025-06-28T18:00:00Z,118.300000,135.800000,8.000000,7.000000,5.000000,7.000000,9.000000,11.125000,32.750000,0
2025-06-28T21:00:00Z,118.300000,135.800000,8.000000,7.000000,7.000000,5.000000,7.000000,10.375000,32.375000,0
2025-06-29T00:00:00Z,121.800000,136.200000,7.000000,6.000000,7.000000,7.000000,5.000000,9.375000,30.250000,0
2025-06-29T03:00:00Z,121.800000,136.200000,7.000000,5.000000,6.000000,7.000000,7.000000,8.875000,28.000000,0
2025-06-29T06:00:00Z,121.800000,136.200000,7.000000,6.000000,5.000000,6.000000,7.000000,8.875000,25.500000,0
2025-06-29T09:00:00Z,121.800000,136.200000,7.000000,7.000000,6.000000,5.000000,6.000000,8.250000,20.000000,0
2025-06-29T12:00:00Z,121.800000,136.200000,7.000000,6.000000,7.000000,6.000000,5.000000,8.250000,14.750000,0
2025-06-29T15:00:00Z,121.800000,136.200000,7.000000,6.000000,6.000000,7.000000,6.000000,8.000000,12.250000,0
2025-06-29T18:00:00Z,121.800000,136.200000,7.000000,9.000000,6.000000,6.000000,7.000000,6.500000,11.125000,0
2025-06-29T21:00:00Z,121.800000,136.200000,7.000000,9.000000,9.000000,6.000000,6.000000,6.250000,10.375000,0
2025-06-30T00:00:00Z,128.300000,136.400000,11.000000,7.000000,9.000000,9.000000,6.000000,6.125000,9.375000,0
2025-06-30T03:00:00Z,128.300000,136.400000,11.000000,9.000000,7.000000,9.000000,9.000000,6.250000,8.875000,0
2025-06-30T06:00:00Z,128.300000,136.400000,11.000000,7.000000,9.000000,7.000000,9.000000,6.500000,8.875000,0
2025-06-30T09:00:00Z,128.300000,136.400000,11.000000,15.000000,7.000000,9.000000,7.000000,6.750000,8.250000,0
2025-06-30T12:00:00Z,128.300000,136.400000,11.000000,6.000000,15.000000,7.000000,9.000000,6.875000,8.250000,0
2025-06-30T15:00:00Z,128.300000,136.400000,11.000000,15.000000,6.000000,15.000000,7.000000,7.375000,8.000000,0
2025-06-30T18:00:00Z,128.300000,136.400000,11.000000,15.000000,15.000000,6.000000,15.000000,7.500000,6.500000,0
2025-06-30T21:00:00Z,128.300000,136.400000,11.000000,12.000000,15.000000,15.000000,6.000000,8.500000,6.250000,0
2025-07-01T00:00:00Z,128.200000,136.800000,6.000000,18.000000,12.000000,15.000000,15.000000,8.500000,6.125000,0
2025-07-01T03:00:00Z,128.200000,136.800000,6.000000,7.000000,18.000000,12.000000,15.000000,9.625000,6.250000,0
2025-07-01T06:00:00Z,128.200000,136.800000,6.000000,4.000000,7.000000,18.000000,12.000000,10.375000,6.500000,0
2025-07-01T09:00:00Z,128.200000,136.800000,6.000000,4.000000,4.000000,7.000000,18.000000,10.750000,6.750000,0
2025-07-01T12:00:00Z,128.200000,136.800000,6.000000,2.000000,4.000000,4.000000,7.000000,12.125000,6.875000,0
2025-07-01T15:00:00Z,128.200000,136.800000,6.000000,3.000000,2.000000,4.000000,4.000000,11.875000,7.375000,0
2025-07-01T18:00:00Z,128.200000,136.800000,6.000000,3.000000,3.000000,2.000000,4.000000,11.500000,7.500000,0
2025-07-01T21:00:00Z,128.200000,136.800000,6.000000,5.000000,3.000000,3.000000,2.000000,10.125000,8.500000,0
2025-07-02T00:00:00Z,125.800000,137.200000,6.000000,5.000000,5.000000,3.000000,3.000000,9.625000,8.500000,0
2025-07-02T03:00:00Z,125.800000,137.200000,6.000000,4.000000,5.000000,5.000000,3.000000,8.125000,9.625000,0
2025-07-02T06:00:00Z,125.800000,137.200000,6.000000,6.000000,4.000000,5.000000,5.000000,6.625000,10.375000,0
2025-07-02T09:00:00Z,125.800000,137.200000,6.000000,5.000000,6.000000,4.000000,5.000000,5.750000,10.750000,0
2025-07-02T12:00:00Z,125.800000,137.200000,6.000000,9.000000,5.000000,6.000000,4.000000,4.125000,12.125000,0
2025-07-02T15:00:00Z,125.800000,137.200000,6.000000,6.000000,9.000000,5.000000,6.000000,3.750000,11.875000,0
2025-07-02T18:00:00Z,125.800000,137.200000,6.000000,9.000000,6.000000,9.000000,5.000000,4.000000,11.500000,0
2025-07-02T21:00:00Z,125.800000,137.200000,6.000000,5.000000,9.000000,6.000000,9.000000,4.125000,10.125000,0
2025-07-03T00:00:00Z,129.800000,137.500000,15.000000,9.000000,5.000000,9.000000,6.000000,5.000000,9.625000,0
2025-07-03T03:00:00Z,129.800000,137.500000,15.000000,15.000000,9.000000,5.000000,9.000000,5.375000,8.125000,0
2025-07-03T06:00:00Z,129.800000,137.500000,15.000000,12.000000,15.000000,9.000000,5.000000,6.125000,6.625000,0
2025-07-03T09:00:00Z,129.800000,137.500000,15.000000,18.000000,12.000000,15.000000,9.000000,6.125000,5.750000,0
2025-07-03T12:00:00Z,129.800000,137.500000,15.000000,27.000000,18.000000,12.000000,15.000000,6.625000,4.125000,0
2025-07-03T15:00:00Z,129.800000,137.500000,15.000000,9.000000,27.000000,18.000000,12.000000,8.000000,3.750000,0
2025-07-03T18:00:00Z,129.800000,137.500000,15.000000,7.000000,9.000000,27.000000,18.000000,8.750000,4.000000,0
2025-07-03T21:00:00Z,129.800000,137.500000,15.000000,22.000000,7.000000,9.000000,27.000000,10.375000,4.125000,0
2025-07-04T00:00:00Z,125.100000,137.700000,10.000000,12.000000,22.000000,7.000000,9.000000,12.625000,5.000000,0
2025-07-04T03:00:00Z,125.100000,137.700000,10.000000,7.000000,12.000000,22.000000,7.000000,13.000000,5.375000,0
2025-07-04T06:00:00Z,125.100000,137.700000,10.000000,9.000000,7.000000,12.000000,22.000000,12.750000,6.125000,0
2025-07-04T09:00:00Z,125.100000,137.700000,10.000000,3.000000,9.000000,7.000000,12.000000,14.875000,6.125000,0
2025-07-04T12:00:00Z,125.100000,137.700000,10.000000,4.000000,3.000000,9.000000,7.000000,15.250000,6.625000,0
2025-07-04T15:00:00Z,125.100000,137.700000,10.000000,4.000000,4.000000,3.000000,9.000000,14.250000,8.000000,0
2025-07-04T18:00:00Z,125.100000,137.700000,10.000000,15.000000,4.000000,4.000000,3.000000,13.875000,8.750000,0
2025-07-04T21:00:00Z,125.100000,137.700000,10.000000,22.000000,15.000000,4.000000,4.000000,12.000000,10.375000,0
2025-07-05T00:00:00Z,119.100000,137.600000,17.000000,9.000000,22.000000,15.000000,4.000000,9.125000,12.625000,0
2025-07-05T03:00:00Z,119.100000,137.600000,17.000000,15.000000,9.000000,22.000000,15.000000,8.500000,13.000000,0
2025-07-05T06:00:00Z,119.100000,137.600000,17.000000,15.000000,15.000000,9.000000,22.000000,9.500000,12.750000,0
2025-07-05T09:00:00Z,119.100000,137.600000,17.000000,22.000000,15.000000,15.000000,9.000000,9.500000,14.875000,0
2025-07-05T12:00:00Z,119.100000,137.600000,17.000000,27.000000,22.000000,15.000000,15.000000,9.125000,15.250000,0
2025-07-05T15:00:00Z,119.100000,137.600000,17.000000,15.000000,27.000000,22.000000,15.000000,10.125000,14.250000,0
2025-07-05T18:00:00Z,119.100000,137.600000,17.000000,15.000000,15.000000,27.000000,22.000000,10.875000,13.875000,0
2025-07-05T21:00:00Z,119.100000,137.600000,17.000000,15.000000,15.000000,15.000000,27.000000,13.250000,12.000000,0
2025-07-06T00:00:00Z,116.800000,137.500000,23.000000,22.000000,15.000000,15.000000,15.000000,16.125000,9.125000,0
2025-07-06T03:00:00Z,116.800000,137.500000,23.000000,48.000000,22.000000,15.000000,15.000000,17.500000,8.500000,0
2025-07-06T06:00:00Z,116.800000,137.500000,23.000000,15.000000,48.000000,22.000000,15.000000,17.500000,9.500000,0
2025-07-06T09:00:00Z,116.800000,137.500000,23.000000,18.000000,15.000000,48.000000,22.000000,16.625000,9.500000,0
2025-07-06T12:00:00Z,116.800000,137.500000,23.000000,15.000000,18.000000,15.000000,48.000000,18.250000,9.125000,0
2025-07-06T15:00:00Z,116.800000,137.500000,23.000000,6.000000,15.000000,18.000000,15.000000,22.375000,10.125000,0
2025-07-06T18:00:00Z,116.800000,137.500000,23.000000,15.000000,6.000000,15.000000,18.000000,22.375000,10.875000,0
2025-07-06T21:00:00Z,116.800000,137.500000,23.000000,48.000000,15.000000,6.000000,15.000000,21.875000,13.250000,0
2025-07-07T00:00:00Z,118.200000,137.300000,20.000000,48.000000,48.000000,15.000000,6.000000,20.375000,16.125000,0
2025-07-07T03:00:00Z,118.200000,137.300000,20.000000,27.000000,48.000000,48.000000,15.000000,19.250000,17.500000,0
2025-07-07T06:00:00Z,118.200000,137.300000,20.000000,12.000000,27.000000,48.000000,48.000000,19.250000,17.500000,0
2025-07-07T09:00:00Z,118.200000,137.300000,20.000000,12.000000,12.000000,27.000000,48.000000,23.375000,16.625000,0
2025-07-07T12:00:00Z,118.200000,137.300000,20.000000,15.000000,12.000000,12.000000,27.000000,26.625000,18.250000,0
2025-07-07T15:00:00Z,118.200000,137.300000,20.000000,22.000000,15.000000,12.000000,12.000000,24.000000,22.375000,0
2025-07-07T18:00:00Z,118.200000,137.300000,20.000000,12.000000,22.000000,15.000000,12.000000,23.625000,22.375000,0
2025-07-07T21:00:00Z,118.200000,137.300000,20.000000,15.000000,12.000000,22.000000,15.000000,22.875000,21.875000,0
2025-07-08T00:00:00Z,118.200000,137.000000,11.000000,15.000000,15.000000,12.000000,22.000000,22.875000,20.375000,0
2025-07-08T03:00:00Z,118.200000,137.000000,11.000000,18.000000,15.000000,15.000000,12.000000,24.875000,19.250000,0
2025-07-08T06:00:00Z,118.200000,137.000000,11.000000,12.000000,18.000000,15.000000,15.000000,24.500000,19.250000,0
2025-07-08T09:00:00Z,118.200000,137.000000,11.000000,9.000000,12.000000,18.000000,15.000000,20.375000,23.375000,0
2025-07-08T12:00:00Z,118.200000,137.000000,11.000000,7.000000,9.000000,12.000000,18.000000,16.250000,26.625000,0
2025-07-08T15:00:00Z,118.200000,137.000000,11.000000,12.000000,7.000000,9.000000,12.000000,15.125000,24.000000,0
2025-07-08T18:00:00Z,118.200000,137.000000,11.000000,6.000000,12.000000,7.000000,9.000000,15.125000,23.625000,0
2025-07-08T21:00:00Z,118.200000,137.000000,11.000000,12.000000,6.000000,12.000000,7.000000,14.750000,22.875000,0
2025-07-09T00:00:00Z,115.900000,136.600000,7.000000,12.000000,12.000000,6.000000,12.000000,13.750000,22.875000,0
2025-07-09T03:00:00Z,115.900000,136.600000,7.000000,9.000000,12.000000,12.000000,6.000000,12.500000,24.875000,0
2025-07-09T06:00:00Z,115.900000,136.600000,7.000000,5.000000,9.000000,12.000000,12.000000,11.750000,24.500000,0
2025-07-09T09:00:00Z,115.900000,136.600000,7.000000,5.000000,5.000000,9.000000,12.000000,11.375000,20.375000,0
2025-07-09T12:00:00Z,115.900000,136.600000,7.000000,6.000000,5.000000,5.000000,9.000000,11.000000,16.250000,0
2025-07-09T15:00:00Z,115.900000,136.600000,7.000000,6.000000,6.000000,5.000000,5.000000,9.875000,15.125000,0
2025-07-09T18:00:00Z,115.900000,136.600000,7.000000,5.000000,6.000000,6.000000,5.000000,9.000000,15.125000,0
2025-07-09T21:00:00Z,115.900000,136.600000,7.000000,5.000000,5.000000,6.000000,6.000000,8.500000,14.750000,0
2025-07-10T00:00:00Z,120.200000,136.100000,3.000000,3.000000,5.000000,5.000000,6.000000,8.375000,13.750000,0
2025-07-10T03:00:00Z,120.200000,136.100000,3.000000,3.000000,3.000000,5.000000,5.000000,7.625000,12.500000,0
2025-07-10T06:00:00Z,120.200000,136.100000,3.000000,4.000000,3.000000,3.000000,5.000000,7.500000,11.750000,0
2025-07-10T09:00:00Z,120.200000,136.100000,3.000000,3.000000,4.000000,3.000000,3.000000,6.625000,11.375000,0
2025-07-10T12:00:00Z,120.200000,136.100000,3.000000,2.000000,3.000000,4.000000,3.000000,5.500000,11.000000,0
2025-07-10T15:00:00Z,120.200000,136.100000,3.000000,3.000000,2.000000,3.000000,4.000000,4.750000,9.875000,0
2025-07-10T18:00:00Z,120.200000,136.100000,3.000000,3.000000,3.000000,2.000000,3.000000,4.625000,9.000000,0
2025-07-10T21:00:00Z,120.200000,136.100000,3.000000,2.000000,3.000000,3.000000,2.000000,4.375000,8.500000,0
2025-07-11T00:00:00Z,129.500000,135.600000,17.000000,6.000000,2.000000,3.000000,3.000000,3.875000,8.375000,0
2025-07-11T03:00:00Z,129.500000,135.600000,17.000000,12.000000,6.000000,2.000000,3.000000,3.500000,7.625000,0
2025-07-11T06:00:00Z,129.500000,135.600000,17.000000,12.000000,12.000000,6.000000,2.000000,3.250000,7.500000,0
2025-07-11T09:00:00Z,129.500000,135.600000,17.000000,32.000000,12.000000,12.000000,6.000000,2.875000,6.625000,0
2025-07-11T12:00:00Z,129.500000,135.600000,17.000000,15.000000,32.000000,12.000000,12.000000,3.250000,5.500000,0
2025-07-11T15:00:00Z,129.500000,135.600000,17.000000,12.000000,15.000000,32.000000,12.000000,4.375000,4.750000,0
2025-07-11T18:00:00Z,129.500000,135.600000,17.000000,32.000000,12.000000,15.000000,32.000000,5.375000,4.625000,0
2025-07-11T21:00:00Z,129.500000,135.600000,17.000000,18.000000,32.000000,12.000000,15.000000,9.000000,4.375000,0
2025-07-12T00:00:00Z,132.400000,135.200000,12.000000,12.000000,18.000000,32.000000,12.000000,10.625000,3.875000,0
2025-07-12T03:00:00Z,132.400000,135.200000,12.000000,12.000000,12.000000,18.000000,32.000000,11.750000,3.500000,0
2025-07-12T06:00:00Z,132.400000,135.200000,12.000000,15.000000,12.000000,12.000000,18.000000,15.375000,3.250000,0
2025-07-12T09:00:00Z,132.400000,135.200000,12.000000,15.000000,15.000000,12.000000,12.000000,17.375000,2.875000,0
2025-07-12T12:00:00Z,132.400000,135.200000,12.000000,15.000000,15.000000,15.000000,12.000000,18.125000,3.250000,0
2025-07-12T15:00:00Z,132.400000,135.200000,12.000000,7.000000,15.000000,15.000000,15.000000,18.125000,4.375000,0
2025-07-12T18:00:00Z,132.400000,135.200000,12.000000,9.000000,7.000000,15.000000,15.000000,18.500000,5.375000,0
2025-07-12T21:00:00Z,132.400000,135.200000,12.000000,9.000000,9.000000,7.000000,15.000000,16.375000,9.000000,0
2025-07-13T00:00:00Z,138.700000,135.100000,21.000000,22.000000,9.000000,9.000000,7.000000,16.375000,10.625000,0
2025-07-13T03:00:00Z,138.700000,135.100000,21.000000,32.000000,22.000000,9.000000,9.000000,15.750000,11.750000,0
2025-07-13T06:00:00Z,138.700000,135.100000,21.000000,22.000000,32.000000,22.000000,9.000000,12.875000,15.375000,0
2025-07-13T09:00:00Z,138.700000,135.100000,21.000000,18.000000,22.000000,32.000000,22.000000,11.750000,17.375000,0
2025-07-13T12:00:00Z,138.700000,135.100000,21.000000,27.000000,18.000000,22.000000,32.000000,13.000000,18.125000,0
2025-07-13T15:00:00Z,138.700000,135.100000,21.000000,15.000000,27.000000,18.000000,22.000000,15.500000,18.125000,0
2025-07-13T18:00:00Z,138.700000,135.100000,21.000000,18.000000,15.000000,27.000000,18.000000,16.375000,18.500000,0
2025-07-13T21:00:00Z,138.700000,135.100000,21.000000,15.000000,18.000000,15.000000,27.000000,16.750000,16.375000,0
2025-07-14T00:00:00Z,128.200000,135.200000,14.000000,5.000000,15.000000,18.000000,15.000000,18.250000,16.375000,0
2025-07-14T03:00:00Z,128.200000,135.200000,14.000000,9.000000,5.000000,15.000000,18.000000,19.250000,15.750000,0
2025-07-14T06:00:00Z,128.200000,135.200000,14.000000,12.000000,9.000000,5.000000,15.000000,20.375000,12.875000,0
2025-07-14T09:00:00Z,128.200000,135.200000,14.000000,5.000000,12.000000,9.000000,5.000000,21.125000,11.750000,0
2025-07-14T12:00:00Z,128.200000,135.200000,14.000000,15.000000,5.000000,12.000000,9.000000,19.000000,13.000000,0
2025-07-14T15:00:00Z,128.200000,135.200000,14.000000,18.000000,15.000000,5.000000,12.000000,16.125000,15.500000,0
2025-07-14T18:00:00Z,128.200000,135.200000,14.000000,32.000000,18.000000,15.000000,5.000000,14.875000,16.375000,0
2025-07-14T21:00:00Z,128.200000,135.200000,14.000000,15.000000,32.000000,18.000000,15.000000,13.250000,16.750000,0
2025-07-15T00:00:00Z,128.200000,135.500000,20.000000,22.000000,15.000000,32.000000,18.000000,11.750000,18.250000,0
2025-07-15T03:00:00Z,128.200000,135.500000,20.000000,32.000000,22.000000,15.000000,32.000000,12.125000,19.250000,0
2025-07-15T06:00:00Z,128.200000,135.500000,20.000000,39.000000,32.000000,22.000000,15.000000,13.875000,20.375000,0
2025-07-15T09:00:00Z,128.200000,135.500000,20.000000,32.000000,39.000000,32.000000,22.000000,13.875000,21.125000,0
2025-07-15T12:00:00Z,128.200000,135.500000,20.000000,15.000000,32.000000,39.000000,32.000000,16.000000,19.000000,0
2025-07-15T15:00:00Z,128.200000,135.500000,20.000000,7.000000,15.000000,32.000000,39.000000,18.875000,16.125000,0
2025-07-15T18:00:00Z,128.200000,135.500000,20.000000,5.000000,7.000000,15.000000,32.000000,22.250000,14.875000,0
2025-07-15T21:00:00Z,128.200000,135.500000,20.000000,6.000000,5.000000,7.000000,15.000000,25.625000,13.250000,0
2025-07-16T00:00:00Z,139.600000,136.100000,16.000000,15.000000,6.000000,5.000000,7.000000,25.625000,11.750000,0
2025-07-16T03:00:00Z,139.600000,136.100000,16.000000,12.000000,15.000000,6.000000,5.000000,24.250000,12.125000,0
2025-07-16T06:00:00Z,139.600000,136.100000,16.000000,15.000000,12.000000,15.000000,6.000000,20.875000,13.875000,0
2025-07-16T09:00:00Z,139.600000,136.100000,16.000000,18.000000,15.000000,12.000000,15.000000,19.750000,13.875000,0
2025-07-16T12:00:00Z,139.600000,136.100000,16.000000,6.000000,18.000000,15.000000,12.000000,18.875000,16.000000,0
2025-07-16T15:00:00Z,139.600000,136.100000,16.000000,5.000000,6.000000,18.000000,15.000000,16.375000,18.875000,0
2025-07-16T18:00:00Z,139.600000,136.100000,16.000000,22.000000,5.000000,6.000000,18.000000,13.375000,22.250000,0
2025-07-16T21:00:00Z,139.600000,136.100000,16.000000,39.000000,22.000000,5.000000,6.000000,11.625000,25.625000,0
2025-07-17T00:00:00Z,152.100000,137.000000,19.000000,18.000000,39.000000,22.000000,5.000000,10.500000,25.625000,0
2025-07-17T03:00:00Z,152.100000,137.000000,19.000000,27.000000,18.000000,39.000000,22.000000,10.250000,24.250000,0
2025-07-17T06:00:00Z,152.100000,137.000000,19.000000,22.000000,27.000000,18.000000,39.000000,12.375000,20.875000,0
2025-07-17T09:00:00Z,152.100000,137.000000,19.000000,22.000000,22.000000,27.000000,18.000000,16.500000,19.750000,0
2025-07-17T12:00:00Z,152.100000,137.000000,19.000000,22.000000,22.000000,22.000000,27.000000,16.875000,18.875000,0
2025-07-17T15:00:00Z,152.100000,137.000000,19.000000,27.000000,22.000000,22.000000,22.000000,18.750000,16.375000,0
2025-07-17T18:00:00Z,152.100000,137.000000,19.000000,12.000000,27.000000,22.000000,22.000000,19.625000,13.375000,0
2025-07-17T21:00:00Z,152.100000,137.000000,19.000000,5.000000,12.000000,27.000000,22.000000,20.125000,11.625000,0
2025-07-18T00:00:00Z,156.100000,138.300000,11.000000,5.000000,5.000000,12.000000,27.000000,22.125000,10.500000,0
2025-07-18T03:00:00Z,156.100000,138.300000,11.000000,5.000000,5.000000,5.000000,12.000000,24.875000,10.250000,0
2025-07-18T06:00:00Z,156.100000,138.300000,11.000000,6.000000,5.000000,5.000000,5.000000,23.625000,12.375000,0
2025-07-18T09:00:00Z,156.100000,138.300000,11.000000,9.000000,6.000000,5.000000,5.000000,19.375000,16.500000,0
2025-07-18T12:00:00Z,156.100000,138.300000,11.000000,27.000000,9.000000,6.000000,5.000000,17.750000,16.875000,0
2025-07-18T15:00:00Z,156.100000,138.300000,11.000000,22.000000,27.000000,9.000000,6.000000,15.000000,18.750000,0
2025-07-18T18:00:00Z,156.100000,138.300000,11.000000,6.000000,22.000000,27.000000,9.000000,13.000000,19.625000,0
2025-07-18T21:00:00Z,156.100000,138.300000,11.000000,6.000000,6.000000,22.000000,27.000000,11.375000,20.125000,0
2025-07-19T00:00:00Z,155.700000,139.800000,6.000000,4.000000,6.000000,6.000000,22.000000,12.000000,22.125000,0
2025-07-19T03:00:00Z,155.700000,139.800000,6.000000,9.000000,4.000000,6.000000,6.000000,11.375000,24.875000,0
2025-07-19T06:00:00Z,155.700000,139.800000,6.000000,5.000000,9.000000,4.000000,6.000000,10.625000,23.625000,0
2025-07-19T09:00:00Z,155.700000,139.800000,6.000000,5.000000,5.000000,9.000000,4.000000,10.750000,19.375000,0
2025-07-19T12:00:00Z,155.700000,139.800000,6.000000,6.000000,5.000000,5.000000,9.000000,10.625000,17.750000,0
2025-07-19T15:00:00Z,155.700000,139.800000,6.000000,12.000000,6.000000,5.000000,5.000000,11.125000,15.000000,0
2025-07-19T18:00:00Z,155.700000,139.800000,6.000000,6.000000,12.000000,6.000000,5.000000,11.000000,13.000000,0
2025-07-19T21:00:00Z,155.700000,139.800000,6.000000,4.000000,6.000000,12.000000,6.000000,10.500000,11.375000,0
2025-07-20T00:00:00Z,152.600000,141.000000,5.000000,4.000000,4.000000,6.000000,12.000000,7.875000,12.000000,0
2025-07-20T03:00:00Z,152.600000,141.000000,5.000000,4.000000,4.000000,4.000000,6.000000,6.625000,11.375000,0
2025-07-20T06:00:00Z,152.600000,141.000000,5.000000,4.000000,4.000000,4.000000,4.000000,6.625000,10.625000,0
2025-07-20T09:00:00Z,152.600000,141.000000,5.000000,6.000000,4.000000,4.000000,4.000000,6.375000,10.750000,0
2025-07-20T12:00:00Z,152.600000,141.000000,5.000000,6.000000,6.000000,4.000000,4.000000,6.375000,10.625000,0
2025-07-20T15:00:00Z,152.600000,141.000000,5.000000,5.000000,6.000000,6.000000,4.000000,5.750000,11.125000,0
2025-07-20T18:00:00Z,152.600000,141.000000,5.000000,3.000000,5.000000,6.000000,6.000000,5.625000,11.000000,0
2025-07-20T21:00:00Z,152.600000,141.000000,5.000000,5.000000,3.000000,5.000000,6.000000,5.750000,10.500000,0
2025-07-21T00:00:00Z,150.300000,143.300000,3.000000,5.000000,5.000000,3.000000,5.000000,5.750000,7.875000,0
2025-07-21T03:00:00Z,150.300000,143.300000,3.000000,5.000000,5.000000,5.000000,3.000000,4.875000,6.625000,0
2025-07-21T06:00:00Z,150.300000,143.300000,3.000000,3.000000,5.000000,5.000000,5.000000,4.500000,6.625000,0
2025-07-21T09:00:00Z,150.300000,143.300000,3.000000,2.000000,3.000000,5.000000,5.000000,4.625000,6.375000,0
2025-07-21T12:00:00Z,150.300000,143.300000,3.000000,4.000000,2.000000,3.000000,5.000000,4.750000,6.375000,0
2025-07-21T15:00:00Z,150.300000,143.300000,3.000000,2.000000,4.000000,2.000000,3.000000,4.875000,5.750000,0
2025-07-21T18:00:00Z,150.300000,143.300000,3.000000,2.000000,2.000000,4.000000,2.000000,4.750000,5.625000,0
2025-07-21T21:00:00Z,150.300000,143.300000,3.000000,2.000000,2.000000,2.000000,4.000000,4.250000,5.750000,0
2025-07-22T00:00:00Z,142.900000,144.300000,13.000000,2.000000,2.000000,2.000000,2.000000,4.000000,5.750000,0
2025-07-22T03:00:00Z,142.900000,144.300000,13.000000,7.000000,2.000000,2.000000,2.000000,3.625000,4.875000,0
2025-07-22T06:00:00Z,142.900000,144.300000,13.000000,4.000000,7.000000,2.000000,2.000000,3.500000,4.500000,0
2025-07-22T09:00:00Z,142.900000,144.300000,13.000000,6.000000,4.000000,7.000000,2.000000,3.125000,4.625000,0
2025-07-22T12:00:00Z,142.900000,144.300000,13.000000,6.000000,6.000000,4.000000,7.000000,2.750000,4.750000,0
2025-07-22T15:00:00Z,142.900000,144.300000,13.000000,15.000000,6.000000,6.000000,4.000000,3.000000,4.875000,0
2025-07-22T18:00:00Z,142.900000,144.300000,13.000000,27.000000,15.000000,6.000000,6.000000,3.125000,4.750000,0
2025-07-22T21:00:00Z,142.900000,144.300000,13.000000,39.000000,27.000000,15.000000,6.000000,3.625000,4.250000,0
2025-07-23T00:00:00Z,145.000000,145.000000,27.000000,27.000000,39.000000,27.000000,15.000000,3.875000,4.000000,0
2025-07-23T03:00:00Z,145.000000,145.000000,27.000000,22.000000,27.000000,39.000000,27.000000,5.500000,3.625000,0
2025-07-23T06:00:00Z,145.000000,145.000000,27.000000,22.000000,22.000000,27.000000,39.000000,8.625000,3.500000,0
2025-07-23T09:00:00Z,145.000000,145.000000,27.000000,39.000000,22.000000,22.000000,27.000000,13.250000,3.125000,0
2025-07-23T12:00:00Z,145.000000,145.000000,27.000000,39.000000,39.000000,22.000000,22.000000,16.375000,2.750000,0
2025-07-23T15:00:00Z,145.000000,145.000000,27.000000,15.000000,39.000000,39.000000,22.000000,18.250000,3.000000,0
2025-07-23T18:00:00Z,145.000000,145.000000,27.000000,27.000000,15.000000,39.000000,39.000000,20.500000,3.125000,0
2025-07-23T21:00:00Z,145.000000,145.000000,27.000000,22.000000,27.000000,15.000000,39.000000,24.625000,3.625000,0
2025-07-24T00:00:00Z,150.100000,145.600000,15.000000,22.000000,22.000000,27.000000,15.000000,28.750000,3.875000,0
2025-07-24T03:00:00Z,150.100000,145.600000,15.000000,12.000000,22.000000,22.000000,27.000000,28.750000,5.500000,0
2025-07-24T06:00:00Z,150.100000,145.600000,15.000000,12.000000,12.000000,22.000000,22.000000,28.750000,8.625000,0
2025-07-24T09:00:00Z,150.100000,145.600000,15.000000,22.000000,12.000000,12.000000,22.000000,26.625000,13.250000,0
2025-07-24T12:00:00Z,150.100000,145.600000,15.000000,15.000000,22.000000,12.000000,12.000000,26.000000,16.375000,0
2025-07-24T15:00:00Z,150.100000,145.600000,15.000000,18.000000,15.000000,22.000000,12.000000,24.750000,18.250000,0
2025-07-24T18:00:00Z,150.100000,145.600000,15.000000,12.000000,18.000000,15.000000,22.000000,23.500000,20.500000,0
2025-07-24T21:00:00Z,150.100000,145.600000,15.000000,7.000000,12.000000,18.000000,15.000000,21.375000,24.625000,0
2025-07-25T00:00:00Z,156.200000,145.900000,8.000000,7.000000,7.000000,12.000000,18.000000,18.375000,28.750000,0
2025-07-25T03:00:00Z,156.200000,145.900000,8.000000,9.000000,7.000000,7.000000,12.000000,18.750000,28.750000,0
2025-07-25T06:00:00Z,156.200000,145.900000,8.000000,6.000000,9.000000,7.000000,7.000000,16.875000,28.750000,0
2025-07-25T09:00:00Z,156.200000,145.900000,8.000000,6.000000,6.000000,9.000000,7.000000,15.000000,26.625000,0
2025-07-25T12:00:00Z,156.200000,145.900000,8.000000,7.000000,6.000000,6.000000,9.000000,13.125000,26.000000,0
2025-07-25T15:00:00Z,156.200000,145.900000,8.000000,9.000000,7.000000,6.000000,6.000000,12.750000,24.750000,0
2025-07-25T18:00:00Z,156.200000,145.900000,8.000000,7.000000,9.000000,7.000000,6.000000,12.000000,23.500000,0
2025-07-25T21:00:00Z,156.200000,145.900000,8.000000,12.000000,7.000000,9.000000,7.000000,10.000000,21.375000,0
2025-07-26T00:00:00Z,148.000000,146.100000,10.000000,6.000000,12.000000,7.000000,9.000000,9.000000,18.375000,0
2025-07-26T03:00:00Z,148.000000,146.100000,10.000000,4.000000,6.000000,12.000000,7.000000,7.875000,18.750000,0
2025-07-26T06:00:00Z,148.000000,146.100000,10.000000,5.000000,4.000000,6.000000,12.000000,7.250000,16.875000,0
2025-07-26T09:00:00Z,148.000000,146.100000,10.000000,9.000000,5.000000,4.000000,6.000000,7.875000,15.000000,0
2025-07-26T12:00:00Z,148.000000,146.100000,10.000000,15.000000,9.000000,5.000000,4.000000,7.750000,13.125000,0
2025-07-26T15:00:00Z,148.000000,146.100000,10.000000,22.000000,15.000000,9.000000,5.000000,7.125000,12.750000,0
2025-07-26T18:00:00Z,148.000000,146.100000,10.000000,15.000000,22.000000,15.000000,9.000000,7.000000,12.000000,0
2025-07-26T21:00:00Z,148.000000,146.100000,10.000000,7.000000,15.000000,22.000000,15.000000,7.375000,10.000000,0
2025-07-27T00:00:00Z,143.200000,146.100000,4.000000,3.000000,7.000000,15.000000,22.000000,8.375000,9.000000,0
2025-07-27T03:00:00Z,143.200000,146.100000,4.000000,3.000000,3.000000,7.000000,15.000000,10.000000,7.875000,0
2025-07-27T06:00:00Z,143.200000,146.100000,4.000000,4.000000,3.000000,3.000000,7.000000,11.000000,7.250000,0
2025-07-27T09:00:00Z,143.200000,146.100000,4.000000,5.000000,4.000000,3.000000,3.000000,10.375000,7.875000,0
2025-07-27T12:00:00Z,143.200000,146.100000,4.000000,2.000000,5.000000,4.000000,3.000000,10.000000,7.750000,0
2025-07-27T15:00:00Z,143.200000,146.100000,4.000000,4.000000,2.000000,5.000000,4.000000,9.875000,7.125000,0
2025-07-27T18:00:00Z,143.200000,146.100000,4.000000,4.000000,4.000000,2.000000,5.000000,9.750000,7.000000,0
2025-07-27T21:00:00Z,143.200000,146.100000,4.000000,3.000000,4.000000,4.000000,2.000000,9.250000,7.375000,0
2025-07-28T00:00:00Z,145.000000,146.200000,5.000000,3.000000,3.000000,4.000000,4.000000,7.625000,8.375000,0
2025-07-28T03:00:00Z,145.000000,146.200000,5.000000,4.000000,3.000000,3.000000,4.000000,5.375000,10.000000,0
2025-07-28T06:00:00Z,145.000000,146.200000,5.000000,4.000000,4.000000,3.000000,3.000000,4.000000,11.000000,0
2025-07-28T09:00:00Z,145.000000,146.200000,5.000000,4.000000,4.000000,4.000000,3.000000,3.500000,10.375000,0
2025-07-28T12:00:00Z,145.000000,146.200000,5.000000,5.000000,4.000000,4.000000,4.000000,3.500000,10.000000,0
2025-07-28T15:00:00Z,145.000000,146.200000,5.000000,5.000000,5.000000,4.000000,4.000000,3.625000,9.875000,0
2025-07-28T18:00:00Z,145.000000,146.200000,5.000000,9.000000,5.000000,5.000000,4.000000,3.625000,9.750000,0
2025-07-28T21:00:00Z,145.000000,146.200000,5.000000,9.000000,9.000000,5.000000,5.000000,3.500000,9.250000,0
2025-07-29T00:00:00Z,144.600000,146.100000,6.000000,12.000000,9.000000,9.000000,5.000000,3.875000,7.625000,0
2025-07-29T03:00:00Z,144.600000,146.100000,6.000000,7.000000,12.000000,9.000000,9.000000,4.000000,5.375000,0
2025-07-29T06:00:00Z,144.600000,146.100000,6.000000,7.000000,7.000000,12.000000,9.000000,4.625000,4.000000,0
2025-07-29T09:00:00Z,144.600000,146.100000,6.000000,6.000000,7.000000,7.000000,12.000000,5.375000,3.500000,0
2025-07-29T12:00:00Z,144.600000,146.100000,6.000000,3.000000,6.000000,7.000000,7.000000,6.500000,3.500000,0
2025-07-29T15:00:00Z,144.600000,146.100000,6.000000,4.000000,3.000000,6.000000,7.000000,6.875000,3.625000,0
2025-07-29T18:00:00Z,144.600000,146.100000,6.000000,4.000000,4.000000,3.000000,6.000000,7.250000,3.625000,0
2025-07-29T21:00:00Z,144.600000,146.100000,6.000000,7.000000,4.000000,4.000000,3.000000,7.500000,3.500000,0
2025-07-30T00:00:00Z,151.500000,146.000000,7.000000,6.000000,7.000000,4.000000,4.000000,7.250000,3.875000,0
2025-07-30T03:00:00Z,151.500000,146.000000,7.000000,5.000000,6.000000,7.000000,4.000000,7.125000,4.000000,0
2025-07-30T06:00:00Z,151.500000,146.000000,7.000000,4.000000,5.000000,6.000000,7.000000,6.500000,4.625000,0
2025-07-30T09:00:00Z,151.500000,146.000000,7.000000,7.000000,4.000000,5.000000,6.000000,6.250000,5.375000,0
2025-07-30T12:00:00Z,151.500000,146.000000,7.000000,9.000000,7.000000,4.000000,5.000000,5.500000,6.500000,0
2025-07-30T15:00:00Z,151.500000,146.000000,7.000000,15.000000,9.000000,7.000000,4.000000,5.250000,6.875000,0
2025-07-30T18:00:00Z,151.500000,146.000000,7.000000,7.000000,15.000000,9.000000,7.000000,4.875000,7.250000,0
2025-07-30T21:00:00Z,151.500000,146.000000,7.000000,4.000000,7.000000,15.000000,9.000000,5.000000,7.500000,0
2025-07-31T00:00:00Z,149.000000,145.900000,8.000000,15.000000,4.000000,7.000000,15.000000,5.750000,7.250000,0
2025-07-31T03:00:00Z,149.000000,145.900000,8.000000,7.000000,15.000000,4.000000,7.000000,7.125000,7.125000,0
2025-07-31T06:00:00Z,149.000000,145.900000,8.000000,6.000000,7.000000,15.000000,4.000000,7.500000,6.500000,0
2025-07-31T09:00:00Z,149.000000,145.900000,8.000000,9.000000,6.000000,7.000000,15.000000,7.125000,6.250000,0
2025-07-31T12:00:00Z,149.000000,145.900000,8.000000,9.000000,9.000000,6.000000,7.000000,8.250000,5.500000,0
2025-07-31T15:00:00Z,149.000000,145.900000,8.000000,7.000000,9.000000,9.000000,6.000000,8.500000,5.250000,0
2025-07-31T18:00:00Z,149.000000,145.900000,8.000000,7.000000,7.000000,9.000000,9.000000,8.750000,4.875000,0
2025-07-31T21:00:00Z,149.000000,145.900000,8.000000,7.000000,7.000000,7.000000,9.000000,9.000000,5.000000,0
2025-08-01T00:00:00Z,144.800000,145.800000,11.000000,9.000000,7.000000,7.000000,7.000000,9.000000,5.750000,0
2025-08-01T03:00:00Z,144.800000,145.800000,11.000000,12.000000,9.000000,7.000000,7.000000,8.000000,7.125000,0
2025-08-01T06:00:00Z,144.800000,145.800000,11.000000,9.000000,12.000000,9.000000,7.000000,8.000000,7.500000,0
2025-08-01T09:00:00Z,144.800000,145.800000,11.000000,9.000000,9.000000,12.000000,9.000000,8.375000,7.125000,0
2025-08-01T12:00:00Z,144.800000,145.800000,11.000000,15.000000,9.000000,9.000000,12.000000,7.625000,8.250000,0
2025-08-01T15:00:00Z,144.800000,145.800000,11.000000,5.000000,15.000000,9.000000,9.000000,8.250000,8.500000,0
2025-08-01T18:00:00Z,144.800000,145.800000,11.000000,12.000000,5.000000,15.000000,9.000000,8.625000,8.750000,0
2025-08-01T21:00:00Z,144.800000,145.800000,11.000000,18.000000,12.000000,5.000000,15.000000,8.625000,9.000000,0
2025-08-02T00:00:00Z,145.600000,145.700000,8.000000,15.000000,18.000000,12.000000,5.000000,9.375000,9.000000,0
2025-08-02T03:00:00Z,145.600000,145.700000,8.000000,7.000000,15.000000,18.000000,12.000000,9.125000,8.000000,0
2025-08-02T06:00:00Z,145.600000,145.700000,8.000000,5.000000,7.000000,15.000000,18.000000,9.750000,8.000000,0
2025-08-02T09:00:00Z,145.600000,145.700000,8.000000,4.000000,5.000000,7.000000,15.000000,11.125000,8.375000,0
2025-08-02T12:00:00Z,145.600000,145.700000,8.000000,6.000000,4.000000,5.000000,7.000000,11.875000,7.625000,0
2025-08-02T15:00:00Z,145.600000,145.700000,8.000000,9.000000,6.000000,4.000000,5.000000,11.250000,8.250000,0
2025-08-02T18:00:00Z,145.600000,145.700000,8.000000,9.000000,9.000000,6.000000,4.000000,10.750000,8.625000,0
2025-08-02T21:00:00Z,145.600000,145.700000,8.000000,12.000000,9.000000,9.000000,6.000000,10.125000,8.625000,0
2025-08-03T00:00:00Z,146.300000,145.600000,9.000000,6.000000,12.000000,9.000000,9.000000,9.000000,9.375000,0
2025-08-03T03:00:00Z,146.300000,145.600000,9.000000,4.000000,6.000000,12.000000,9.000000,9.500000,9.125000,0
2025-08-03T06:00:00Z,146.300000,145.600000,9.000000,4.000000,4.000000,6.000000,12.000000,9.125000,9.750000,0
2025-08-03T09:00:00Z,146.300000,145.600000,9.000000,6.000000,4.000000,4.000000,6.000000,8.375000,11.125000,0
2025-08-03T12:00:00Z,146.300000,145.600000,9.000000,6.000000,6.000000,4.000000,4.000000,7.250000,11.875000,0
2025-08-03T15:00:00Z,146.300000,145.600000,9.000000,12.000000,6.000000,6.000000,4.000000,6.875000,11.250000,0
2025-08-03T18:00:00Z,146.300000,145.600000,9.000000,27.000000,12.000000,6.000000,6.000000,6.750000,10.750000,0
2025-08-03T21:00:00Z,146.300000,145.600000,9.000000,6.000000,27.000000,12.000000,6.000000,7.000000,10.125000,0
2025-08-04T00:00:00Z,146.300000,145.600000,7.000000,2.000000,6.000000,27.000000,12.000000,7.000000,9.000000,0
2025-08-04T03:00:00Z,146.300000,145.600000,7.000000,5.000000,2.000000,6.000000,27.000000,7.375000,9.500000,0
2025-08-04T06:00:00Z,146.300000,145.600000,7.000000,7.000000,5.000000,2.000000,6.000000,9.625000,9.125000,0
2025-08-04T09:00:00Z,146.300000,145.600000,7.000000,9.000000,7.000000,5.000000,2.000000,8.875000,8.375000,0
2025-08-04T12:00:00Z,146.300000,145.600000,7.000000,7.000000,9.000000,7.000000,5.000000,8.375000,7.250000,0
2025-08-04T15:00:00Z,146.300000,145.600000,7.000000,9.000000,7.000000,9.000000,7.000000,8.500000,6.875000,0
2025-08-04T18:00:00Z,146.300000,145.600000,7.000000,7.000000,9.000000,7.000000,9.000000,8.875000,6.750000,0
2025-08-04T21:00:00Z,146.300000,145.600000,7.000000,9.000000,7.000000,9.000000,7.000000,9.250000,7.000000,0
2025-08-05T00:00:00Z,142.700000,145.700000,9.000000,15.000000,9.000000,7.000000,9.000000,9.375000,7.000000,0
2025-08-05T03:00:00Z,142.700000,145.700000,9.000000,7.000000,15.000000,9.000000,7.000000,9.000000,7.375000,0
2025-08-05T06:00:00Z,142.700000,145.700000,9.000000,3.000000,7.000000,15.000000,9.000000,6.500000,9.625000,0
2025-08-05T09:00:00Z,142.700000,145.700000,9.000000,5.000000,3.000000,7.000000,15.000000,6.875000,8.875000,0
2025-08-05T12:00:00Z,142.700000,145.700000,9.000000,12.000000,5.000000,3.000000,7.000000,8.500000,8.375000,0
2025-08-05T15:00:00Z,142.700000,145.700000,9.000000,9.000000,12.000000,5.000000,3.000000,8.750000,8.500000,0
2025-08-05T18:00:00Z,142.700000,145.700000,9.000000,12.000000,9.000000,12.000000,5.000000,8.250000,8.875000,0
2025-08-05T21:00:00Z,142.700000,145.700000,9.000000,9.000000,12.000000,9.000000,12.000000,7.750000,9.250000,0
2025-08-06T00:00:00Z,156.600000,145.800000,6.000000,6.000000,9.000000,12.000000,9.000000,8.375000,9.375000,0
2025-08-06T03:00:00Z,156.600000,145.800000,6.000000,5.000000,6.000000,9.000000,12.000000,8.375000,9.000000,0
2025-08-06T06:00:00Z,156.600000,145.800000,6.000000,3.000000,5.000000,6.000000,9.000000,9.000000,6.500000,0
2025-08-06T09:00:00Z,156.600000,145.800000,6.000000,5.000000,3.000000,5.000000,6.000000,9.000000,6.875000,0
2025-08-06T12:00:00Z,156.600000,145.800000,6.000000,4.000000,5.000000,3.000000,5.000000,7.875000,8.500000,0
2025-08-06T15:00:00Z,156.600000,145.800000,6.000000,7.000000,4.000000,5.000000,3.000000,7.625000,8.750000,0
2025-08-06T18:00:00Z,156.600000,145.800000,6.000000,5.000000,7.000000,4.000000,5.000000,7.625000,8.250000,0
2025-08-06T21:00:00Z,156.600000,145.800000,6.000000,12.000000,5.000000,7.000000,4.000000,7.625000,7.750000,0
2025-08-07T00:00:00Z,158.200000,146.000000,3.000000,4.000000,12.000000,5.000000,7.000000,6.625000,8.375000,0
2025-08-07T03:00:00Z,158.200000,146.000000,3.000000,4.000000,4.000000,12.000000,5.000000,6.375000,8.375000,0
2025-08-07T06:00:00Z,158.200000,146.000000,3.000000,2.000000,4.000000,4.000000,12.000000,5.500000,9.000000,0
2025-08-07T09:00:00Z,158.200000,146.000000,3.000000,4.000000,2.000000,4.000000,4.000000,5.875000,9.000000,0
2025-08-07T12:00:00Z,158.200000,146.000000,3.000000,3.000000,4.000000,2.000000,4.000000,5.625000,7.875000,0
2025-08-07T15:00:00Z,158.200000,146.000000,3.000000,2.000000,3.000000,4.000000,2.000000,5.500000,7.625000,0
2025-08-07T18:00:00Z,158.200000,146.000000,3.000000,2.000000,2.000000,3.000000,4.000000,5.375000,7.625000,0
2025-08-07T21:00:00Z,158.200000,146.000000,3.000000,4.000000,2.000000,2.000000,3.000000,5.250000,7.625000,0
2025-08-08T00:00:00Z,151.600000,146.300000,20.000000,2.000000,4.000000,2.000000,2.000000,5.125000,6.625000,0
2025-08-08T03:00:00Z,151.600000,146.300000,20.000000,5.000000,2.000000,4.000000,2.000000,4.500000,6.375000,0
2025-08-08T06:00:00Z,151.600000,146.300000,20.000000,4.000000,5.000000,2.000000,4.000000,4.125000,5.500000,0
2025-08-08T09:00:00Z,151.600000,146.300000,20.000000,15.000000,4.000000,5.000000,2.000000,3.125000,5.875000,0
2025-08-08T12:00:00Z,151.600000,146.300000,20.000000,39.000000,15.000000,4.000000,5.000000,2.875000,5.625000,0
2025-08-08T15:00:00Z,151.600000,146.300000,20.000000,27.000000,39.000000,15.000000,4.000000,3.000000,5.500000,0
2025-08-08T18:00:00Z,151.600000,146.300000,20.000000,48.000000,27.000000,39.000000,15.000000,3.250000,5.375000,0
2025-08-08T21:00:00Z,151.600000,146.300000,20.000000,18.000000,48.000000,27.000000,39.000000,4.625000,5.250000,0
2025-08-09T00:00:00Z,147.700000,146.600000,43.000000,48.000000,18.000000,48.000000,27.000000,9.125000,5.125000,0
2025-08-09T03:00:00Z,147.700000,146.600000,43.000000,39.000000,48.000000,18.000000,48.000000,12.250000,4.500000,0
2025-08-09T06:00:00Z,147.700000,146.600000,43.000000,48.000000,39.000000,48.000000,18.000000,18.000000,4.125000,0
2025-08-09T09:00:00Z,147.700000,146.600000,43.000000,48.000000,48.000000,39.000000,48.000000,19.750000,3.125000,0
2025-08-09T12:00:00Z,147.700000,146.600000,43.000000,48.000000,48.000000,48.000000,39.000000,25.500000,2.875000,0
2025-08-09T15:00:00Z,147.700000,146.600000,43.000000,67.000000,48.000000,48.000000,48.000000,29.750000,3.000000,0
2025-08-09T18:00:00Z,147.700000,146.600000,43.000000,27.000000,67.000000,48.000000,48.000000,35.250000,3.250000,0
2025-08-09T21:00:00Z,147.700000,146.600000,43.000000,18.000000,27.000000,67.000000,48.000000,39.375000,4.625000,0
2025-08-10T00:00:00Z,139.700000,147.000000,21.000000,18.000000,18.000000,27.000000,67.000000,40.500000,9.125000,0
2025-08-10T03:00:00Z,139.700000,147.000000,21.000000,9.000000,18.000000,18.000000,27.000000,45.500000,12.250000,0
2025-08-10T06:00:00Z,139.700000,147.000000,21.000000,32.000000,9.000000,18.000000,18.000000,42.875000,18.000000,0
2025-08-10T09:00:00Z,139.700000,147.000000,21.000000,27.000000,32.000000,9.000000,18.000000,42.875000,19.750000,0
2025-08-10T12:00:00Z,139.700000,147.000000,21.000000,15.000000,27.000000,32.000000,9.000000,39.125000,25.500000,0
2025-08-10T15:00:00Z,139.700000,147.000000,21.000000,27.000000,15.000000,27.000000,32.000000,35.375000,29.750000,0
2025-08-10T18:00:00Z,139.700000,147.000000,21.000000,27.000000,27.000000,15.000000,27.000000,33.375000,35.250000,0
2025-08-10T21:00:00Z,139.700000,147.000000,21.000000,15.000000,27.000000,27.000000,15.000000,30.750000,39.375000,0
2025-08-11T00:00:00Z,153.300000,147.500000,17.000000,32.000000,15.000000,27.000000,27.000000,26.625000,40.500000,0
2025-08-11T03:00:00Z,153.300000,147.500000,17.000000,9.000000,32.000000,15.000000,27.000000,21.625000,45.500000,0
2025-08-11T06:00:00Z,153.300000,147.500000,17.000000,18.000000,9.000000,32.000000,15.000000,21.625000,42.875000,0
2025-08-11T09:00:00Z,153.300000,147.500000,17.000000,9.000000,18.000000,9.000000,32.000000,21.250000,42.875000,0
2025-08-11T12:00:00Z,153.300000,147.500000,17.000000,18.000000,9.000000,18.000000,9.000000,23.000000,39.125000,0
2025-08-11T15:00:00Z,153.300000,147.500000,17.000000,27.000000,18.000000,9.000000,18.000000,23.000000,35.375000,0
2025-08-11T18:00:00Z,153.300000,147.500000,17.000000,9.000000,27.000000,18.000000,9.000000,21.250000,33.375000,0
2025-08-11T21:00:00Z,153.300000,147.500000,17.000000,12.000000,9.000000,27.000000,18.000000,19.000000,30.750000,0
2025-08-12T00:00:00Z,145.700000,148.100000,13.000000,27.000000,12.000000,9.000000,27.000000,19.375000,26.625000,0
2025-08-12T03:00:00Z,145.700000,148.100000,13.000000,15.000000,27.000000,12.000000,9.000000,19.375000,21.625000,0
2025-08-12T06:00:00Z,145.700000,148.100000,13.000000,7.000000,15.000000,27.000000,12.000000,17.125000,21.625000,0
2025-08-12T09:00:00Z,145.700000,148.100000,13.000000,7.000000,7.000000,15.000000,27.000000,16.750000,21.250000,0
2025-08-12T12:00:00Z,145.700000,148.100000,13.000000,15.000000,7.000000,7.000000,15.000000,16.125000,23.000000,0
2025-08-12T15:00:00Z,145.700000,148.100000,13.000000,12.000000,15.000000,7.000000,7.000000,16.875000,23.000000,0
2025-08-12T18:00:00Z,145.700000,148.100000,13.000000,9.000000,12.000000,15.000000,7.000000,15.500000,21.250000,0
2025-08-12T21:00:00Z,145.700000,148.100000,13.000000,15.000000,9.000000,12.000000,15.000000,15.250000,19.000000,0
2025-08-13T00:00:00Z,152.500000,148.700000,12.000000,7.000000,15.000000,9.000000,12.000000,14.875000,19.375000,0
2025-08-13T03:00:00Z,152.500000,148.700000,12.000000,12.000000,7.000000,15.000000,9.000000,13.000000,19.375000,0
2025-08-13T06:00:00Z,152.500000,148.700000,12.000000,12.000000,12.000000,7.000000,15.000000,13.000000,17.125000,0
2025-08-13T09:00:00Z,152.500000,148.700000,12.000000,9.000000,12.000000,12.000000,7.000000,13.375000,16.750000,0
2025-08-13T12:00:00Z,152.500000,148.700000,12.000000,12.000000,9.000000,12.000000,12.000000,10.875000,16.125000,0
2025-08-13T15:00:00Z,152.500000,148.700000,12.000000,15.000000,12.000000,9.000000,12.000000,10.500000,16.875000,0
2025-08-13T18:00:00Z,152.500000,148.700000,12.000000,15.000000,15.000000,12.000000,9.000000,11.125000,15.500000,0
2025-08-13T21:00:00Z,152.500000,148.700000,12.000000,18.000000,15.000000,15.000000,12.000000,11.375000,15.250000,0
2025-08-14T00:00:00Z,140.000000,149.300000,10.000000,18.000000,18.000000,15.000000,15.000000,11.000000,14.875000,0
2025-08-14T03:00:00Z,140.000000,149.300000,10.000000,7.000000,18.000000,18.000000,15.000000,11.375000,13.000000,0
2025-08-14T06:00:00Z,140.000000,149.300000,10.000000,15.000000,7.000000,18.000000,18.000000,12.125000,13.000000,0
2025-08-14T09:00:00Z,140.000000,149.300000,10.000000,12.000000,15.000000,7.000000,18.000000,12.500000,13.375000,0
2025-08-14T12:00:00Z,140.000000,149.300000,10.000000,7.000000,12.000000,15.000000,7.000000,13.875000,10.875000,0
2025-08-14T15:00:00Z,140.000000,149.300000,10.000000,5.000000,7.000000,12.000000,15.000000,13.250000,10.500000,0
2025-08-14T18:00:00Z,140.000000,149.300000,10.000000,5.000000,5.000000,7.000000,12.000000,13.625000,11.125000,0
2025-08-14T21:00:00Z,140.000000,149.300000,10.000000,7.000000,5.000000,5.000000,7.000000,14.000000,11.375000,0
2025-08-15T00:00:00Z,130.400000,150.100000,6.000000,9.000000,7.000000,5.000000,5.000000,13.375000,11.000000,0
2025-08-15T03:00:00Z,130.400000,150.100000,6.000000,7.000000,9.000000,7.000000,5.000000,12.125000,11.375000,0
2025-08-15T06:00:00Z,130.400000,150.100000,6.000000,7.000000,7.000000,9.000000,7.000000,10.875000,12.125000,0
2025-08-15T09:00:00Z,130.400000,150.100000,6.000000,5.000000,7.000000,7.000000,9.000000,9.500000,12.500000,0
2025-08-15T12:00:00Z,130.400000,150.100000,6.000000,5.000000,5.000000,7.000000,7.000000,8.375000,13.875000,0
2025-08-15T15:00:00Z,130.400000,150.100000,6.000000,5.000000,5.000000,5.000000,7.000000,8.375000,13.250000,0
2025-08-15T18:00:00Z,130.400000,150.100000,6.000000,6.000000,5.000000,5.000000,5.000000,7.375000,13.625000,0
2025-08-15T21:00:00Z,130.400000,150.100000,6.000000,5.000000,6.000000,5.000000,5.000000,6.500000,14.000000,0
2025-08-16T00:00:00Z,122.800000,150.800000,4.000000,2.000000,5.000000,6.000000,5.000000,6.250000,13.375000,0
2025-08-16T03:00:00Z,122.800000,150.800000,4.000000,5.000000,2.000000,5.000000,6.000000,6.250000,12.125000,0
2025-08-16T06:00:00Z,122.800000,150.800000,4.000000,3.000000,5.000000,2.000000,5.000000,6.375000,10.875000,0
2025-08-16T09:00:00Z,122.800000,150.800000,4.000000,5.000000,3.000000,5.000000,2.000000,6.125000,9.500000,0
2025-08-16T12:00:00Z,122.800000,150.800000,4.000000,4.000000,5.000000,3.000000,5.000000,5.250000,8.375000,0
2025-08-16T15:00:00Z,122.800000,150.800000,4.000000,6.000000,4.000000,5.000000,3.000000,5.000000,8.375000,0
2025-08-16T18:00:00Z,122.800000,150.800000,4.000000,4.000000,6.000000,4.000000,5.000000,4.500000,7.375000,0
2025-08-16T21:00:00Z,122.800000,150.800000,4.000000,6.000000,4.000000,6.000000,4.000000,4.500000,6.500000,0
2025-08-17T00:00:00Z,122.100000,151.400000,4.000000,3.000000,6.000000,4.000000,6.000000,4.375000,6.250000,0
2025-08-17T03:00:00Z,122.100000,151.400000,4.000000,5.000000,3.000000,6.000000,4.000000,4.500000,6.250000,0
2025-08-17T06:00:00Z,122.100000,151.400000,4.000000,6.000000,5.000000,3.000000,6.000000,4.250000,6.375000,0
2025-08-17T09:00:00Z,122.100000,151.400000,4.000000,4.000000,6.000000,5.000000,3.000000,4.375000,6.125000,0
2025-08-17T12:00:00Z,122.100000,151.400000,4.000000,6.000000,4.000000,6.000000,5.000000,4.500000,5.250000,0
2025-08-17T15:00:00Z,122.100000,151.400000,4.000000,4.000000,6.000000,4.000000,6.000000,4.500000,5.000000,0
2025-08-17T18:00:00Z,122.100000,151.400000,4.000000,2.000000,4.000000,6.000000,4.000000,4.875000,4.500000,0
2025-08-17T21:00:00Z,122.100000,151.400000,4.000000,0.000000,2.000000,4.000000,6.000000,4.750000,4.500000,0
2025-08-18T00:00:00Z,117.400000,151.900000,6.000000,0.000000,0.000000,2.000000,4.000000,5.000000,4.375000,0
2025-08-18T03:00:00Z,117.400000,151.900000,6.000000,2.000000,0.000000,0.000000,2.000000,4.750000,4.500000,0
2025-08-18T06:00:00Z,117.400000,151.900000,6.000000,3.000000,2.000000,0.000000,0.000000,4.500000,4.250000,0
2025-08-18T09:00:00Z,117.400000,151.900000,6.000000,7.000000,3.000000,2.000000,0.000000,3.750000,4.375000,0
2025-08-18T12:00:00Z,117.400000,151.900000,6.000000,9.000000,7.000000,3.000000,2.000000,3.375000,4.500000,0
2025-08-18T15:00:00Z,117.400000,151.900000,6.000000,15.000000,9.000000,7.000000,3.000000,3.000000,4.500000,0
2025-08-18T18:00:00Z,117.400000,151.900000,6.000000,5.000000,15.000000,9.000000,7.000000,2.625000,4.875000,0
2025-08-18T21:00:00Z,117.400000,151.900000,6.000000,7.000000,5.000000,15.000000,9.000000,3.000000,4.750000,0
2025-08-19T00:00:00Z,113.800000,152.600000,19.000000,15.000000,7.000000,5.000000,15.000000,3.375000,5.000000,0
2025-08-19T03:00:00Z,113.800000,152.600000,19.000000,7.000000,15.000000,7.000000,5.000000,4.750000,4.750000,0
2025-08-19T06:00:00Z,113.800000,152.600000,19.000000,7.000000,7.000000,15.000000,7.000000,5.125000,4.500000,0
2025-08-19T09:00:00Z,113.800000,152.600000,19.000000,9.000000,7.000000,7.000000,15.000000,6.000000,3.750000,0
2025-08-19T12:00:00Z,113.800000,152.600000,19.000000,27.000000,9.000000,7.000000,7.000000,7.875000,3.375000,0
2025-08-19T15:00:00Z,113.800000,152.600000,19.000000,27.000000,27.000000,9.000000,7.000000,8.500000,3.000000,0
2025-08-19T18:00:00Z,113.800000,152.600000,19.000000,39.000000,27.000000,27.000000,9.000000,9.000000,2.625000,0
2025-08-19T21:00:00Z,113.800000,152.600000,19.000000,22.000000,39.000000,27.000000,27.000000,9.250000,3.000000,0
2025-08-20T00:00:00Z,116.000000,153.300000,12.000000,27.000000,22.000000,39.000000,27.000000,11.500000,3.375000,0
2025-08-20T03:00:00Z,116.000000,153.300000,12.000000,15.000000,27.000000,22.000000,39.000000,13.000000,4.750000,0
2025-08-20T06:00:00Z,116.000000,153.300000,12.000000,15.000000,15.000000,27.000000,22.000000,17.250000,5.125000,0
2025-08-20T09:00:00Z,116.000000,153.300000,12.000000,7.000000,15.000000,15.000000,27.000000,19.125000,6.000000,0
2025-08-20T12:00:00Z,116.000000,153.300000,12.000000,5.000000,7.000000,15.000000,15.000000,20.625000,7.875000,0
2025-08-20T15:00:00Z,116.000000,153.300000,12.000000,7.000000,5.000000,7.000000,15.000000,21.625000,8.500000,0
2025-08-20T18:00:00Z,116.000000,153.300000,12.000000,9.000000,7.000000,5.000000,7.000000,22.625000,9.000000,0
2025-08-20T21:00:00Z,116.000000,153.300000,12.000000,15.000000,9.000000,7.000000,5.000000,22.375000,9.250000,0
2025-08-21T00:00:00Z,119.700000,153.900000,6.000000,12.000000,15.000000,9.000000,7.000000,19.625000,11.500000,0
2025-08-21T03:00:00Z,119.700000,153.900000,6.000000,7.000000,12.000000,15.000000,9.000000,17.125000,13.000000,0
2025-08-21T06:00:00Z,119.700000,153.900000,6.000000,3.000000,7.000000,12.000000,15.000000,13.375000,17.250000,0
2025-08-21T09:00:00Z,119.700000,153.900000,6.000000,4.000000,3.000000,7.000000,12.000000,12.500000,19.125000,0
2025-08-21T12:00:00Z,119.700000,153.900000,6.000000,4.000000,4.000000,3.000000,7.000000,10.625000,20.625000,0
2025-08-21T15:00:00Z,119.700000,153.900000,6.000000,6.000000,4.000000,4.000000,3.000000,9.625000,21.625000,0
2025-08-21T18:00:00Z,119.700000,153.900000,6.000000,9.000000,6.000000,4.000000,4.000000,8.125000,22.625000,0
2025-08-21T21:00:00Z,119.700000,153.900000,6.000000,7.000000,9.000000,6.000000,4.000000,7.750000,22.375000,0
2025-08-22T00:00:00Z,121.000000,154.500000,7.000000,15.000000,7.000000,9.000000,6.000000,7.625000,19.625000,0
2025-08-22T03:00:00Z,121.000000,154.500000,7.000000,7.000000,15.000000,7.000000,9.000000,7.500000,17.125000,0
2025-08-22T06:00:00Z,121.000000,154.500000,7.000000,3.000000,7.000000,15.000000,7.000000,7.500000,13.375000,0
2025-08-22T09:00:00Z,121.000000,154.500000,7.000000,3.000000,3.000000,7.000000,15.000000,6.500000,12.500000,0
2025-08-22T12:00:00Z,121.000000,154.500000,7.000000,6.000000,3.000000,3.000000,7.000000,6.875000,10.625000,0
2025-08-22T15:00:00Z,121.000000,154.500000,7.000000,6.000000,6.000000,3.000000,3.000000,6.875000,9.625000,0
2025-08-22T18:00:00Z,121.000000,154.500000,7.000000,7.000000,6.000000,6.000000,3.000000,6.875000,8.125000,0
2025-08-22T21:00:00Z,121.000000,154.500000,7.000000,12.000000,7.000000,6.000000,6.000000,6.750000,7.750000,0
2025-08-23T00:00:00Z,135.700000,155.000000,5.000000,7.000000,12.000000,7.000000,6.000000,7.000000,7.625000,0
2025-08-23T03:00:00Z,135.700000,155.000000,5.000000,7.000000,7.000000,12.000000,7.000000,7.000000,7.500000,0
2025-08-23T06:00:00Z,135.700000,155.000000,5.000000,4.000000,7.000000,7.000000,12.000000,6.750000,7.500000,0
2025-08-23T09:00:00Z,135.700000,155.000000,5.000000,6.000000,4.000000,7.000000,7.000000,7.375000,6.500000,0
2025-08-23T12:00:00Z,135.700000,155.000000,5.000000,4.000000,6.000000,4.000000,7.000000,6.375000,6.875000,0
2025-08-23T15:00:00Z,135.700000,155.000000,5.000000,3.000000,4.000000,6.000000,4.000000,6.375000,6.875000,0
2025-08-23T18:00:00Z,135.700000,155.000000,5.000000,3.000000,3.000000,4.000000,6.000000,6.500000,6.875000,0
2025-08-23T21:00:00Z,135.700000,155.000000,5.000000,5.000000,3.000000,3.000000,4.000000,6.875000,6.750000,0
2025-08-24T00:00:00Z,142.500000,155.500000,5.000000,6.000000,5.000000,3.000000,3.000000,6.625000,7.000000,0
2025-08-24T03:00:00Z,142.500000,155.500000,5.000000,6.000000,6.000000,5.000000,3.000000,6.250000,7.000000,0
2025-08-24T06:00:00Z,142.500000,155.500000,5.000000,3.000000,6.000000,6.000000,5.000000,5.750000,6.750000,0
2025-08-24T09:00:00Z,142.500000,155.500000,5.000000,4.000000,3.000000,6.000000,6.000000,4.875000,7.375000,0
2025-08-24T12:00:00Z,142.500000,155.500000,5.000000,4.000000,4.000000,3.000000,6.000000,4.750000,6.375000,0
2025-08-24T15:00:00Z,142.500000,155.500000,5.000000,5.000000,4.000000,4.000000,3.000000,4.625000,6.375000,0
2025-08-24T18:00:00Z,142.500000,155.500000,5.000000,6.000000,5.000000,4.000000,4.000000,4.500000,6.500000,0
2025-08-24T21:00:00Z,142.500000,155.500000,5.000000,4.000000,6.000000,5.000000,4.000000,4.250000,6.875000,0
2025-08-25T00:00:00Z,151.500000,155.700000,7.000000,3.000000,4.000000,6.000000,5.000000,4.250000,6.625000,0
2025-08-25T03:00:00Z,151.500000,155.700000,7.000000,6.000000,3.000000,4.000000,6.000000,4.500000,6.250000,0
2025-08-25T06:00:00Z,151.500000,155.700000,7.000000,2.000000,6.000000,3.000000,4.000000,4.875000,5.750000,0
2025-08-25T09:00:00Z,151.500000,155.700000,7.000000,4.000000,2.000000,6.000000,3.000000,4.750000,4.875000,0
2025-08-25T12:00:00Z,151.500000,155.700000,7.000000,15.000000,4.000000,2.000000,6.000000,4.375000,4.750000,0
2025-08-25T15:00:00Z,151.500000,155.700000,7.000000,15.000000,15.000000,4.000000,2.000000,4.375000,4.625000,0
2025-08-25T18:00:00Z,151.500000,155.700000,7.000000,6.000000,15.000000,15.000000,4.000000,4.250000,4.500000,0
2025-08-25T21:00:00Z,151.500000,155.700000,7.000000,6.000000,6.000000,15.000000,15.000000,4.250000,4.250000,0
2025-08-26T00:00:00Z,174.900000,155.700000,7.000000,6.000000,6.000000,6.000000,15.000000,5.625000,4.250000,0
2025-08-26T03:00:00Z,174.900000,155.700000,7.000000,12.000000,6.000000,6.000000,6.000000,6.875000,4.500000,0
2025-08-26T06:00:00Z,174.900000,155.700000,7.000000,6.000000,12.000000,6.000000,6.000000,6.875000,4.875000,0
2025-08-26T09:00:00Z,174.900000,155.700000,7.000000,9.000000,6.000000,12.000000,6.000000,7.125000,4.750000,0
2025-08-26T12:00:00Z,174.900000,155.700000,7.000000,5.000000,9.000000,6.000000,12.000000,7.500000,4.375000,0
2025-08-26T15:00:00Z,174.900000,155.700000,7.000000,4.000000,5.000000,9.000000,6.000000,8.250000,4.375000,0
2025-08-26T18:00:00Z,174.900000,155.700000,7.000000,5.000000,4.000000,5.000000,9.000000,8.750000,4.250000,0
2025-08-26T21:00:00Z,174.900000,155.700000,7.000000,6.000000,5.000000,4.000000,5.000000,9.375000,4.250000,0
2025-08-27T00:00:00Z,202.300000,155.400000,6.000000,5.000000,6.000000,5.000000,4.000000,8.125000,5.625000,0
2025-08-27T03:00:00Z,202.300000,155.400000,6.000000,3.000000,5.000000,6.000000,5.000000,6.750000,6.875000,0
2025-08-27T06:00:00Z,202.300000,155.400000,6.000000,3.000000,3.000000,5.000000,6.000000,6.625000,6.875000,0
2025-08-27T09:00:00Z,202.300000,155.400000,6.000000,9.000000,3.000000,3.000000,5.000000,6.625000,7.125000,0
2025-08-27T12:00:00Z,202.300000,155.400000,6.000000,12.000000,9.000000,3.000000,3.000000,6.500000,7.500000,0
2025-08-27T15:00:00Z,202.300000,155.400000,6.000000,6.000000,12.000000,9.000000,3.000000,5.375000,8.250000,0
2025-08-27T18:00:00Z,202.300000,155.400000,6.000000,7.000000,6.000000,12.000000,9.000000,5.000000,8.750000,0
2025-08-27T21:00:00Z,202.300000,155.400000,6.000000,7.000000,7.000000,6.000000,12.000000,5.000000,9.375000,0
2025-08-28T00:00:00Z,225.700000,155.100000,6.000000,6.000000,7.000000,7.000000,6.000000,5.875000,8.125000,0
2025-08-28T03:00:00Z,225.700000,155.100000,6.000000,5.000000,6.000000,7.000000,7.000000,6.125000,6.750000,0
2025-08-28T06:00:00Z,225.700000,155.100000,6.000000,7.000000,5.000000,6.000000,7.000000,6.375000,6.625000,0
2025-08-28T09:00:00Z,225.700000,155.100000,6.000000,5.000000,7.000000,5.000000,6.000000,6.500000,6.625000,0
2025-08-28T12:00:00Z,225.700000,155.100000,6.000000,6.000000,5.000000,7.000000,5.000000,6.625000,6.500000,0
2025-08-28T15:00:00Z,225.700000,155.100000,6.000000,6.000000,6.000000,5.000000,7.000000,6.875000,5.375000,0
2025-08-28T18:00:00Z,225.700000,155.100000,6.000000,6.000000,6.000000,6.000000,5.000000,7.375000,5.000000,0
2025-08-28T21:00:00Z,225.700000,155.100000,6.000000,7.000000,6.000000,6.000000,6.000000,6.875000,5.000000,0
2025-08-29T00:00:00Z,231.600000,154.700000,6.000000,7.000000,7.000000,6.000000,6.000000,6.125000,5.875000,0
2025-08-29T03:00:00Z,231.600000,154.700000,6.000000,6.000000,7.000000,7.000000,6.000000,6.125000,6.125000,0
2025-08-29T06:00:00Z,231.600000,154.700000,6.000000,3.000000,6.000000,7.000000,7.000000,6.000000,6.375000,0
2025-08-29T09:00:00Z,231.600000,154.700000,6.000000,4.000000,3.000000,6.000000,7.000000,6.000000,6.500000,0
2025-08-29T12:00:00Z,231.600000,154.700000,6.000000,6.000000,4.000000,3.000000,6.000000,6.125000,6.625000,0
2025-08-29T15:00:00Z,231.600000,154.700000,6.000000,5.000000,6.000000,4.000000,3.000000,6.250000,6.875000,0
2025-08-29T18:00:00Z,231.600000,154.700000,6.000000,7.000000,5.000000,6.000000,4.000000,5.750000,7.375000,0
2025-08-29T21:00:00Z,231.600000,154.700000,6.000000,7.000000,7.000000,5.000000,6.000000,5.625000,6.875000,0
2025-08-30T00:00:00Z,221.700000,154.300000,6.000000,5.000000,7.000000,7.000000,5.000000,5.625000,6.125000,0
2025-08-30T03:00:00Z,221.700000,154.300000,6.000000,4.000000,5.000000,7.000000,7.000000,5.500000,6.125000,0
2025-08-30T06:00:00Z,221.700000,154.300000,6.000000,6.000000,4.000000,5.000000,7.000000,5.625000,6.000000,0
2025-08-30T09:00:00Z,221.700000,154.300000,6.000000,7.000000,6.000000,4.000000,5.000000,5.625000,6.000000,0
2025-08-30T12:00:00Z,221.700000,154.300000,6.000000,6.000000,7.000000,6.000000,4.000000,5.375000,6.125000,0
2025-08-30T15:00:00Z,221.700000,154.300000,6.000000,7.000000,6.000000,7.000000,6.000000,5.125000,6.250000,0
2025-08-30T18:00:00Z,221.700000,154.300000,6.000000,6.000000,7.000000,6.000000,7.000000,5.500000,5.750000,0
2025-08-30T21:00:00Z,221.700000,154.300000,6.000000,9.000000,6.000000,7.000000,6.000000,5.875000,5.625000,0
2025-08-31T00:00:00Z,316.500000,154.000000,6.000000,7.000000,9.000000,6.000000,7.000000,5.875000,5.625000,0
2025-08-31T03:00:00Z,316.500000,154.000000,6.000000,6.000000,7.000000,9.000000,6.000000,6.125000,5.500000,0
2025-08-31T06:00:00Z,316.500000,154.000000,6.000000,5.000000,6.000000,7.000000,9.000000,6.000000,5.625000,0
2025-08-31T09:00:00Z,316.500000,154.000000,6.000000,9.000000,5.000000,6.000000,7.000000,6.250000,5.625000,0
2025-08-31T12:00:00Z,316.500000,154.000000,6.000000,6.000000,9.000000,5.000000,6.000000,6.500000,5.375000,0
2025-08-31T15:00:00Z,316.500000,154.000000,6.000000,7.000000,6.000000,9.000000,5.000000,6.750000,5.125000,0
2025-08-31T18:00:00Z,316.500000,154.000000,6.000000,6.000000,7.000000,6.000000,9.000000,6.625000,5.500000,0
2025-08-31T21:00:00Z,316.500000,154.000000,6.000000,4.000000,6.000000,7.000000,6.000000,6.875000,5.875000,0
2025-09-01T00:00:00Z,217.000000,153.900000,14.000000,5.000000,4.000000,6.000000,7.000000,6.875000,5.875000,0
2025-09-01T03:00:00Z,217.000000,153.900000,14.000000,5.000000,5.000000,4.000000,6.000000,6.875000,6.125000,0
2025-09-01T06:00:00Z,217.000000,153.900000,14.000000,4.000000,5.000000,5.000000,4.000000,6.875000,6.000000,0
2025-09-01T09:00:00Z,217.000000,153.900000,14.000000,4.000000,4.000000,5.000000,5.000000,6.250000,6.250000,0
2025-09-01T12:00:00Z,217.000000,153.900000,14.000000,4.000000,4.000000,4.000000,5.000000,6.000000,6.500000,0
2025-09-01T15:00:00Z,217.000000,153.900000,14.000000,6.000000,4.000000,4.000000,4.000000,5.875000,6.750000,0
2025-09-01T18:00:00Z,217.000000,153.900000,14.000000,15.000000,6.000000,4.000000,4.000000,5.750000,6.625000,0
2025-09-01T21:00:00Z,217.000000,153.900000,14.000000,67.000000,15.000000,6.000000,4.000000,5.125000,6.875000,0
2025-09-02T00:00:00Z,201.900000,153.800000,31.000000,56.000000,67.000000,15.000000,6.000000,4.875000,6.875000,0
2025-09-02T03:00:00Z,201.900000,153.800000,31.000000,32.000000,56.000000,67.000000,15.000000,4.750000,6.875000,0
2025-09-02T06:00:00Z,201.900000,153.800000,31.000000,27.000000,32.000000,56.000000,67.000000,5.875000,6.875000,0
2025-09-02T09:00:00Z,201.900000,153.800000,31.000000,18.000000,27.000000,32.000000,56.000000,13.750000,6.250000,0
2025-09-02T12:00:00Z,201.900000,153.800000,31.000000,15.000000,18.000000,27.000000,32.000000,20.125000,6.000000,0
2025-09-02T15:00:00Z,201.900000,153.800000,31.000000,32.000000,15.000000,18.000000,27.000000,23.500000,5.875000,0
2025-09-02T18:00:00Z,201.900000,153.800000,31.000000,39.000000,32.000000,15.000000,18.000000,26.375000,5.750000,0
2025-09-02T21:00:00Z,201.900000,153.800000,31.000000,32.000000,39.000000,32.000000,15.000000,28.125000,5.125000,0
2025-09-03T00:00:00Z,187.400000,153.600000,11.000000,32.000000,32.000000,39.000000,32.000000,29.500000,4.875000,0
2025-09-03T03:00:00Z,187.400000,153.600000,11.000000,18.000000,32.000000,32.000000,39.000000,32.750000,4.750000,0
2025-09-03T06:00:00Z,187.400000,153.600000,11.000000,7.000000,18.000000,32.000000,32.000000,35.750000,5.875000,0
2025-09-03T09:00:00Z,187.400000,153.600000,11.000000,9.000000,7.000000,18.000000,32.000000,31.375000,13.750000,0
2025-09-03T12:00:00Z,187.400000,153.600000,11.000000,6.000000,9.000000,7.000000,18.000000,28.375000,20.125000,0
2025-09-03T15:00:00Z,187.400000,153.600000,11.000000,5.000000,6.000000,9.000000,7.000000,26.625000,23.500000,0
2025-09-03T18:00:00Z,187.400000,153.600000,11.000000,9.000000,5.000000,6.000000,9.000000,24.125000,26.375000,0
2025-09-03T21:00:00Z,187.400000,153.600000,11.000000,2.000000,9.000000,5.000000,6.000000,23.000000,28.125000,0
2025-09-04T00:00:00Z,179.600000,153.700000,8.000000,5.000000,2.000000,9.000000,5.000000,21.875000,29.500000,0
2025-09-04T03:00:00Z,179.600000,153.700000,8.000000,3.000000,5.000000,2.000000,9.000000,18.500000,32.750000,0
2025-09-04T06:00:00Z,179.600000,153.700000,8.000000,6.000000,3.000000,5.000000,2.000000,14.750000,35.750000,0
2025-09-04T09:00:00Z,179.600000,153.700000,8.000000,12.000000,6.000000,3.000000,5.000000,11.000000,31.375000,0
2025-09-04T12:00:00Z,179.600000,153.700000,8.000000,9.000000,12.000000,6.000000,3.000000,7.625000,28.375000,0
2025-09-04T15:00:00Z,179.600000,153.700000,8.000000,9.000000,9.000000,12.000000,6.000000,5.750000,26.625000,0
2025-09-04T18:00:00Z,179.600000,153.700000,8.000000,9.000000,9.000000,9.000000,12.000000,5.625000,24.125000,0
2025-09-04T21:00:00Z,179.600000,153.700000,8.000000,15.000000,9.000000,9.000000,9.000000,6.000000,23.000000,0
2025-09-05T00:00:00Z,172.000000,153.900000,6.000000,5.000000,15.000000,9.000000,9.000000,6.375000,21.875000,0
2025-09-05T03:00:00Z,172.000000,153.900000,6.000000,2.000000,5.000000,15.000000,9.000000,6.875000,18.500000,0
2025-09-05T06:00:00Z,172.000000,153.900000,6.000000,3.000000,2.000000,5.000000,15.000000,6.875000,14.750000,0
2025-09-05T09:00:00Z,172.000000,153.900000,6.000000,6.000000,3.000000,2.000000,5.000000,8.500000,11.000000,0
2025-09-05T12:00:00Z,172.000000,153.900000,6.000000,4.000000,6.000000,3.000000,2.000000,8.500000,7.625000,0
2025-09-05T15:00:00Z,172.000000,153.900000,6.000000,5.000000,4.000000,6.000000,3.000000,8.375000,5.750000,0
2025-09-05T18:00:00Z,172.000000,153.900000,6.000000,12.000000,5.000000,4.000000,6.000000,8.000000,5.625000,0
2025-09-05T21:00:00Z,172.000000,153.900000,6.000000,15.000000,12.000000,5.000000,4.000000,7.250000,6.000000,0
2025-09-06T00:00:00Z,149.000000,154.100000,24.000000,18.000000,15.000000,12.000000,5.000000,6.625000,6.375000,0
2025-09-06T03:00:00Z,149.000000,154.100000,24.000000,22.000000,18.000000,15.000000,12.000000,6.125000,6.875000,0
2025-09-06T06:00:00Z,149.000000,154.100000,24.000000,27.000000,22.000000,18.000000,15.000000,6.500000,6.875000,0
2025-09-06T09:00:00Z,149.000000,154.100000,24.000000,22.000000,27.000000,22.000000,18.000000,6.500000,8.500000,0
2025-09-06T12:00:00Z,149.000000,154.100000,24.000000,27.000000,22.000000,27.000000,22.000000,8.125000,8.500000,0
2025-09-06T15:00:00Z,149.000000,154.100000,24.000000,48.000000,27.000000,22.000000,27.000000,10.625000,8.375000,0
2025-09-06T18:00:00Z,149.000000,154.100000,24.000000,27.000000,48.000000,27.000000,22.000000,13.625000,8.000000,0
2025-09-06T21:00:00Z,149.000000,154.100000,24.000000,5.000000,27.000000,48.000000,27.000000,15.625000,7.250000,0
2025-09-07T00:00:00Z,146.400000,154.300000,2.000000,0.000000,5.000000,27.000000,48.000000,18.500000,6.625000,0
2025-09-07T03:00:00Z,146.400000,154.300000,2.000000,2.000000,0.000000,5.000000,27.000000,23.875000,6.125000,0
2025-09-07T06:00:00Z,146.400000,154.300000,2.000000,0.000000,2.000000,0.000000,5.000000,25.750000,6.500000,0
2025-09-07T09:00:00Z,146.400000,154.300000,2.000000,0.000000,0.000000,2.000000,0.000000,24.500000,6.500000,0
2025-09-07T12:00:00Z,146.400000,154.300000,2.000000,2.000000,0.000000,0.000000,2.000000,22.250000,8.125000,0
2025-09-07T15:00:00Z,146.400000,154.300000,2.000000,2.000000,2.000000,0.000000,0.000000,19.750000,10.625000,0
2025-09-07T18:00:00Z,146.400000,154.300000,2.000000,6.000000,2.000000,2.000000,0.000000,16.375000,13.625000,0
2025-09-07T21:00:00Z,146.400000,154.300000,2.000000,7.000000,6.000000,2.000000,2.000000,13.625000,15.625000,0
2025-09-08T00:00:00Z,132.500000,154.400000,13.000000,18.000000,7.000000,6.000000,2.000000,10.500000,18.500000,0
2025-09-08T03:00:00Z,132.500000,154.400000,13.000000,22.000000,18.000000,7.000000,6.000000,4.750000,23.875000,0
2025-09-08T06:00:00Z,132.500000,154.400000,13.000000,9.000000,22.000000,18.000000,7.000000,2.125000,25.750000,0
2025-09-08T09:00:00Z,132.500000,154.400000,13.000000,7.000000,9.000000,22.000000,18.000000,2.375000,24.500000,0
2025-09-08T12:00:00Z,132.500000,154.400000,13.000000,15.000000,7.000000,9.000000,22.000000,4.625000,22.250000,0
2025-09-08T15:00:00Z,132.500000,154.400000,13.000000,12.000000,15.000000,7.000000,9.000000,7.125000,19.750000,0
2025-09-08T18:00:00Z,132.500000,154.400000,13.000000,15.000000,12.000000,15.000000,7.000000,8.250000,16.375000,0
2025-09-08T21:00:00Z,132.500000,154.400000,13.000000,5.000000,15.000000,12.000000,15.000000,9.125000,13.625000,0
2025-09-09T00:00:00Z,124.600000,154.400000,17.000000,15.000000,5.000000,15.000000,12.000000,10.750000,10.500000,0
2025-09-09T03:00:00Z,124.600000,154.400000,17.000000,9.000000,15.000000,5.000000,15.000000,12.000000,4.750000,0
2025-09-09T06:00:00Z,124.600000,154.400000,17.000000,12.000000,9.000000,15.000000,5.000000,13.125000,2.125000,0
2025-09-09T09:00:00Z,124.600000,154.400000,17.000000,7.000000,12.000000,9.000000,15.000000,12.875000,2.375000,0
2025-09-09T12:00:00Z,124.600000,154.400000,17.000000,12.000000,7.000000,12.000000,9.000000,12.500000,4.625000,0
2025-09-09T15:00:00Z,124.600000,154.400000,17.000000,7.000000,12.000000,7.000000,12.000000,10.875000,7.125000,0
2025-09-09T18:00:00Z,124.600000,154.400000,17.000000,15.000000,7.000000,12.000000,7.000000,11.250000,8.250000,0
2025-09-09T21:00:00Z,124.600000,154.400000,17.000000,56.000000,15.000000,7.000000,12.000000,11.250000,9.125000,0
2025-09-10T00:00:00Z,121.700000,154.400000,11.000000,27.000000,56.000000,15.000000,7.000000,10.875000,10.750000,0
2025-09-10T03:00:00Z,121.700000,154.400000,11.000000,27.000000,27.000000,56.000000,15.000000,10.250000,12.000000,0
2025-09-10T06:00:00Z,121.700000,154.400000,11.000000,3.000000,27.000000,27.000000,56.000000,10.250000,13.125000,0
2025-09-10T09:00:00Z,121.700000,154.400000,11.000000,6.000000,3.000000,27.000000,27.000000,16.625000,12.875000,0
2025-09-10T12:00:00Z,121.700000,154.400000,11.000000,7.000000,6.000000,3.000000,27.000000,18.125000,12.500000,0
2025-09-10T15:00:00Z,121.700000,154.400000,11.000000,7.000000,7.000000,6.000000,3.000000,20.375000,10.875000,0
2025-09-10T18:00:00Z,121.700000,154.400000,11.000000,5.000000,7.000000,7.000000,6.000000,19.250000,11.250000,0
2025-09-10T21:00:00Z,121.700000,154.400000,11.000000,5.000000,5.000000,7.000000,7.000000,19.125000,11.250000,0
2025-09-11T00:00:00Z,119.000000,154.200000,8.000000,18.000000,5.000000,5.000000,7.000000,18.500000,10.875000,0
2025-09-11T03:00:00Z,119.000000,154.200000,8.000000,9.000000,18.000000,5.000000,5.000000,18.500000,10.250000,0
2025-09-11T06:00:00Z,119.000000,154.200000,8.000000,9.000000,9.000000,18.000000,5.000000,17.250000,10.250000,0
2025-09-11T09:00:00Z,119.000000,154.200000,8.000000,5.000000,9.000000,9.000000,18.000000,10.875000,16.625000,0
2025-09-11T12:00:00Z,119.000000,154.200000,8.000000,5.000000,5.000000,9.000000,9.000000,9.750000,18.125000,0
2025-09-11T15:00:00Z,119.000000,154.200000,8.000000,6.000000,5.000000,5.000000,9.000000,7.500000,20.375000,0
2025-09-11T18:00:00Z,119.000000,154.200000,8.000000,4.000000,6.000000,5.000000,5.000000,8.250000,19.250000,0
2025-09-11T21:00:00Z,119.000000,154.200000,8.000000,6.000000,4.000000,6.000000,5.000000,8.125000,19.125000,0
2025-09-12T00:00:00Z,115.200000,154.000000,6.000000,2.000000,6.000000,4.000000,6.000000,7.875000,18.500000,0
2025-09-12T03:00:00Z,115.200000,154.000000,6.000000,7.000000,2.000000,6.000000,4.000000,7.750000,18.500000,0
2025-09-12T06:00:00Z,115.200000,154.000000,6.000000,9.000000,7.000000,2.000000,6.000000,7.625000,17.250000,0
2025-09-12T09:00:00Z,115.200000,154.000000,6.000000,12.000000,9.000000,7.000000,2.000000,7.750000,10.875000,0
2025-09-12T12:00:00Z,115.200000,154.000000,6.000000,6.000000,12.000000,9.000000,7.000000,5.750000,9.750000,0
2025-09-12T15:00:00Z,115.200000,154.000000,6.000000,6.000000,6.000000,12.000000,9.000000,5.500000,7.500000,0
2025-09-12T18:00:00Z,115.200000,154.000000,6.000000,6.000000,6.000000,6.000000,12.000000,5.500000,8.250000,0
2025-09-12T21:00:00Z,115.200000,154.000000,6.000000,3.000000,6.000000,6.000000,6.000000,6.375000,8.125000,0
2025-09-13T00:00:00Z,114.100000,153.800000,5.000000,5.000000,3.000000,6.000000,6.000000,6.500000,7.875000,0
2025-09-13T03:00:00Z,114.100000,153.800000,5.000000,9.000000,5.000000,3.000000,6.000000,6.500000,7.750000,0
2025-09-13T06:00:00Z,114.100000,153.800000,5.000000,12.000000,9.000000,5.000000,3.000000,6.750000,7.625000,0
2025-09-13T09:00:00Z,114.100000,153.800000,5.000000,6.000000,12.000000,9.000000,5.000000,6.375000,7.750000,0
2025-09-13T12:00:00Z,114.100000,153.800000,5.000000,3.000000,6.000000,12.000000,9.000000,6.750000,5.750000,0
2025-09-13T15:00:00Z,114.100000,153.800000,5.000000,3.000000,3.000000,6.000000,12.000000,7.000000,5.500000,0
2025-09-13T18:00:00Z,114.100000,153.800000,5.000000,2.000000,3.000000,3.000000,6.000000,7.375000,5.500000,0
2025-09-13T21:00:00Z,114.100000,153.800000,5.000000,3.000000,2.000000,3.000000,3.000000,6.625000,6.375000,0
2025-09-14T00:00:00Z,117.600000,153.700000,11.000000,6.000000,3.000000,2.000000,3.000000,6.250000,6.500000,0
2025-09-14T03:00:00Z,117.600000,153.700000,11.000000,6.000000,6.000000,3.000000,2.000000,5.875000,6.500000,0
2025-09-14T06:00:00Z,117.600000,153.700000,11.000000,6.000000,6.000000,6.000000,3.000000,5.375000,6.750000,0
2025-09-14T09:00:00Z,117.600000,153.700000,11.000000,6.000000,6.000000,6.000000,6.000000,5.375000,6.375000,0
2025-09-14T12:00:00Z,117.600000,153.700000,11.000000,6.000000,6.000000,6.000000,6.000000,5.500000,6.750000,0
2025-09-14T15:00:00Z,117.600000,153.700000,11.000000,7.000000,6.000000,6.000000,6.000000,5.125000,7.000000,0
2025-09-14T18:00:00Z,117.600000,153.700000,11.000000,12.000000,7.000000,6.000000,6.000000,4.375000,7.375000,0
2025-09-14T21:00:00Z,117.600000,153.700000,11.000000,39.000000,12.000000,7.000000,6.000000,4.375000,6.625000,0
2025-09-15T00:00:00Z,122.100000,153.300000,48.000000,111.000000,39.000000,12.000000,7.000000,4.750000,6.250000,0
2025-09-15T03:00:00Z,122.100000,153.300000,48.000000,67.000000,111.000000,39.000000,12.000000,5.250000,5.875000,0
2025-09-15T06:00:00Z,122.100000,153.300000,48.000000,39.000000,67.000000,111.000000,39.000000,6.500000,5.375000,0
2025-09-15T09:00:00Z,122.100000,153.300000,48.000000,39.000000,39.000000,67.000000,111.000000,11.000000,5.375000,0
2025-09-15T12:00:00Z,122.100000,153.300000,48.000000,56.000000,39.000000,39.000000,67.000000,24.125000,5.500000,0
2025-09-15T15:00:00Z,122.100000,153.300000,48.000000,22.000000,56.000000,39.000000,39.000000,31.750000,5.125000,0
2025-09-15T18:00:00Z,122.100000,153.300000,48.000000,22.000000,22.000000,56.000000,39.000000,35.875000,4.375000,0
2025-09-15T21:00:00Z,122.100000,153.300000,48.000000,27.000000,22.000000,22.000000,56.000000,40.000000,4.375000,0
2025-09-16T00:00:00Z,129.900000,152.900000,17.000000,32.000000,27.000000,22.000000,22.000000,46.250000,4.750000,0
2025-09-16T03:00:00Z,129.900000,152.900000,17.000000,22.000000,32.000000,27.000000,22.000000,48.125000,5.250000,0
2025-09-16T06:00:00Z,129.900000,152.900000,17.000000,22.000000,22.000000,32.000000,27.000000,49.375000,6.500000,0
2025-09-16T09:00:00Z,129.900000,152.900000,17.000000,15.000000,22.000000,22.000000,32.000000,47.875000,11.000000,0
2025-09-16T12:00:00Z,129.900000,152.900000,17.000000,15.000000,15.000000,22.000000,22.000000,38.000000,24.125000,0
2025-09-16T15:00:00Z,129.900000,152.900000,17.000000,9.000000,15.000000,15.000000,22.000000,32.375000,31.750000,0
2025-09-16T18:00:00Z,129.900000,152.900000,17.000000,12.000000,9.000000,15.000000,15.000000,30.250000,35.875000,0
2025-09-16T21:00:00Z,129.900000,152.900000,17.000000,12.000000,12.000000,9.000000,15.000000,27.250000,40.000000,0
2025-09-17T00:00:00Z,134.700000,152.500000,10.000000,7.000000,12.000000,12.000000,9.000000,22.125000,46.250000,0
2025-09-17T03:00:00Z,134.700000,152.500000,10.000000,12.000000,7.000000,12.000000,12.000000,20.500000,48.125000,0
2025-09-17T06:00:00Z,134.700000,152.500000,10.000000,15.000000,12.000000,7.000000,12.000000,19.250000,49.375000,0
2025-09-17T09:00:00Z,134.700000,152.500000,10.000000,12.000000,15.000000,12.000000,7.000000,17.375000,47.875000,0
2025-09-17T12:00:00Z,134.700000,152.500000,10.000000,7.000000,12.000000,15.000000,12.000000,14.250000,38.000000,0
2025-09-17T15:00:00Z,134.700000,152.500000,10.000000,5.000000,7.000000,12.000000,15.000000,13.000000,32.375000,0
2025-09-17T18:00:00Z,134.700000,152.500000,10.000000,9.000000,5.000000,7.000000,12.000000,12.125000,30.250000,0
2025-09-17T21:00:00Z,134.700000,152.500000,10.000000,9.000000,9.000000,5.000000,7.000000,11.750000,27.250000,0
2025-09-18T00:00:00Z,147.200000,152.200000,6.000000,6.000000,9.000000,9.000000,5.000000,10.750000,22.125000,0
2025-09-18T03:00:00Z,147.200000,152.200000,6.000000,6.000000,6.000000,9.000000,9.000000,10.250000,20.500000,0
2025-09-18T06:00:00Z,147.200000,152.200000,6.000000,6.000000,6.000000,6.000000,9.000000,9.875000,19.250000,0
2025-09-18T09:00:00Z,147.200000,152.200000,6.000000,9.000000,6.000000,6.000000,6.000000,9.500000,17.375000,0
2025-09-18T12:00:00Z,147.200000,152.200000,6.000000,7.000000,9.000000,6.000000,6.000000,9.375000,14.250000,0
2025-09-18T15:00:00Z,147.200000,152.200000,6.000000,7.000000,7.000000,9.000000,6.000000,8.625000,13.000000,0
2025-09-18T18:00:00Z,147.200000,152.200000,6.000000,3.000000,7.000000,7.000000,9.000000,7.500000,12.125000,0
2025-09-18T21:00:00Z,147.200000,152.200000,6.000000,4.000000,3.000000,7.000000,7.000000,7.125000,11.750000,0
2025-09-19T00:00:00Z,150.400000,152.000000,2.000000,0.000000,4.000000,3.000000,7.000000,7.125000,10.750000,0
2025-09-19T03:00:00Z,150.400000,152.000000,2.000000,0.000000,0.000000,4.000000,3.000000,7.375000,10.250000,0
2025-09-19T06:00:00Z,150.400000,152.000000,2.000000,0.000000,0.000000,0.000000,4.000000,6.625000,9.875000,0
2025-09-19T09:00:00Z,150.400000,152.000000,2.000000,2.000000,0.000000,0.000000,0.000000,6.000000,9.500000,0
2025-09-19T12:00:00Z,150.400000,152.000000,2.000000,4.000000,2.000000,0.000000,0.000000,5.250000,9.375000,0
2025-09-19T15:00:00Z,150.400000,152.000000,2.000000,2.000000,4.000000,2.000000,0.000000,4.500000,8.625000,0
2025-09-19T18:00:00Z,150.400000,152.000000,2.000000,2.000000,2.000000,4.000000,2.000000,3.750000,7.500000,0
2025-09-19T21:00:00Z,150.400000,152.000000,2.000000,2.000000,2.000000,2.000000,4.000000,2.875000,7.125000,0
2025-09-20T00:00:00Z,159.900000,151.600000,4.000000,3.000000,2.000000,2.000000,2.000000,2.500000,7.125000,0
2025-09-20T03:00:00Z,159.900000,151.600000,4.000000,5.000000,3.000000,2.000000,2.000000,1.875000,7.375000,0
2025-09-20T06:00:00Z,159.900000,151.600000,4.000000,6.000000,5.000000,3.000000,2.000000,1.750000,6.625000,0
2025-09-20T09:00:00Z,159.900000,151.600000,4.000000,4.000000,6.000000,5.000000,3.000000,1.500000,6.000000,0
2025-09-20T12:00:00Z,159.900000,151.600000,4.000000,3.000000,4.000000,6.000000,5.000000,1.875000,5.250000,0
2025-09-20T15:00:00Z,159.900000,151.600000,4.000000,3.000000,3.000000,4.000000,6.000000,2.500000,4.500000,0
2025-09-20T18:00:00Z,159.900000,151.600000,4.000000,2.000000,3.000000,3.000000,4.000000,3.250000,3.750000,0
2025-09-20T21:00:00Z,159.900000,151.600000,4.000000,5.000000,2.000000,3.000000,3.000000,3.500000,2.875000,0
2025-09-21T00:00:00Z,166.400000,151.300000,4.000000,3.000000,5.000000,2.000000,3.000000,3.375000,2.500000,0
2025-09-21T03:00:00Z,166.400000,151.300000,4.000000,5.000000,3.000000,5.000000,2.000000,3.500000,1.875000,0
2025-09-21T06:00:00Z,166.400000,151.300000,4.000000,6.000000,5.000000,3.000000,5.000000,3.500000,1.750000,0
2025-09-21T09:00:00Z,166.400000,151.300000,4.000000,2.000000,6.000000,5.000000,3.000000,3.875000,1.500000,0
2025-09-21T12:00:00Z,166.400000,151.300000,4.000000,6.000000,2.000000,6.000000,5.000000,3.875000,1.875000,0
2025-09-21T15:00:00Z,166.400000,151.300000,4.000000,6.000000,6.000000,2.000000,6.000000,3.875000,2.500000,0
2025-09-21T18:00:00Z,166.400000,151.300000,4.000000,4.000000,6.000000,6.000000,2.000000,3.875000,3.250000,0
2025-09-21T21:00:00Z,166.400000,151.300000,4.000000,4.000000,4.000000,6.000000,6.000000,3.625000,3.500000,0
2025-09-22T00:00:00Z,176.000000,150.900000,13.000000,9.000000,4.000000,4.000000,6.000000,4.000000,3.375000,0
2025-09-22T03:00:00Z,176.000000,150.900000,13.000000,9.000000,9.000000,4.000000,4.000000,4.375000,3.500000,0
2025-09-22T06:00:00Z,176.000000,150.900000,13.000000,7.000000,9.000000,9.000000,4.000000,4.625000,3.500000,0
2025-09-22T09:00:00Z,176.000000,150.900000,13.000000,15.000000,7.000000,9.000000,9.000000,4.500000,3.875000,0
2025-09-22T12:00:00Z,176.000000,150.900000,13.000000,15.000000,15.000000,7.000000,9.000000,5.250000,3.875000,0
2025-09-22T15:00:00Z,176.000000,150.900000,13.000000,15.000000,15.000000,15.000000,7.000000,5.750000,3.875000,0
2025-09-22T18:00:00Z,176.000000,150.900000,13.000000,18.000000,15.000000,15.000000,15.000000,5.875000,3.875000,0
2025-09-22T21:00:00Z,176.000000,150.900000,13.000000,18.000000,18.000000,15.000000,15.000000,7.500000,3.625000,0
2025-09-23T00:00:00Z,172.400000,150.600000,14.000000,18.000000,18.000000,18.000000,15.000000,8.625000,4.000000,0
2025-09-23T03:00:00Z,172.400000,150.600000,14.000000,15.000000,18.000000,18.000000,18.000000,9.750000,4.375000,0
2025-09-23T06:00:00Z,172.400000,150.600000,14.000000,12.000000,15.000000,18.000000,18.000000,11.500000,4.625000,0
2025-09-23T09:00:00Z,172.400000,150.600000,14.000000,12.000000,12.000000,15.000000,18.000000,13.250000,4.500000,0
2025-09-23T12:00:00Z,172.400000,150.600000,14.000000,22.000000,12.000000,12.000000,15.000000,14.375000,5.250000,0
2025-09-23T15:00:00Z,172.400000,150.600000,14.000000,18.000000,22.000000,12.000000,12.000000,15.125000,5.750000,0
2025-09-23T18:00:00Z,172.400000,150.600000,14.000000,12.000000,18.000000,22.000000,12.000000,15.750000,5.875000,0
2025-09-23T21:00:00Z,172.400000,150.600000,14.000000,6.000000,12.000000,18.000000,22.000000,15.375000,7.500000,0
2025-09-24T00:00:00Z,171.300000,150.700000,6.000000,6.000000,6.000000,12.000000,18.000000,16.250000,8.625000,0
2025-09-24T03:00:00Z,171.300000,150.700000,6.000000,5.000000,6.000000,6.000000,12.000000,16.625000,9.750000,0
2025-09-24T06:00:00Z,171.300000,150.700000,6.000000,4.000000,5.000000,6.000000,6.000000,15.875000,11.500000,0
2025-09-24T09:00:00Z,171.300000,150.700000,6.000000,6.000000,4.000000,5.000000,6.000000,14.375000,13.250000,0
2025-09-24T12:00:00Z,171.300000,150.700000,6.000000,9.000000,6.000000,4.000000,5.000000,12.875000,14.375000,0
2025-09-24T15:00:00Z,171.300000,150.700000,6.000000,7.000000,9.000000,6.000000,4.000000,11.625000,15.125000,0
2025-09-24T18:00:00Z,171.300000,150.700000,6.000000,5.000000,7.000000,9.000000,6.000000,10.625000,15.750000,0
2025-09-24T21:00:00Z,171.300000,150.700000,6.000000,9.000000,5.000000,7.000000,9.000000,9.875000,15.375000,0
2025-09-25T00:00:00Z,184.700000,151.100000,6.000000,3.000000,9.000000,5.000000,7.000000,8.250000,16.250000,0
2025-09-25T03:00:00Z,184.700000,151.100000,6.000000,4.000000,3.000000,9.000000,5.000000,6.875000,16.625000,0
2025-09-25T06:00:00Z,184.700000,151.100000,6.000000,5.000000,4.000000,3.000000,9.000000,6.000000,15.875000,0
2025-09-25T09:00:00Z,184.700000,151.100000,6.000000,9.000000,5.000000,4.000000,3.000000,6.375000,14.375000,0
2025-09-25T12:00:00Z,184.700000,151.100000,6.000000,9.000000,9.000000,5.000000,4.000000,6.000000,12.875000,0
2025-09-25T15:00:00Z,184.700000,151.100000,6.000000,6.000000,9.000000,9.000000,5.000000,5.875000,11.625000,0
2025-09-25T18:00:00Z,184.700000,151.100000,6.000000,6.000000,6.000000,9.000000,9.000000,6.000000,10.625000,0
2025-09-25T21:00:00Z,184.700000,151.100000,6.000000,6.000000,6.000000,6.000000,9.000000,6.375000,9.875000,0
2025-09-26T00:00:00Z,170.400000,151.400000,5.000000,7.000000,6.000000,6.000000,6.000000,6.375000,8.250000,0
2025-09-26T03:00:00Z,170.400000,151.400000,5.000000,6.000000,7.000000,6.000000,6.000000,6.250000,6.875000,0
2025-09-26T06:00:00Z,170.400000,151.400000,5.000000,3.000000,6.000000,7.000000,6.000000,6.375000,6.000000,0
2025-09-26T09:00:00Z,170.400000,151.400000,5.000000,6.000000,3.000000,6.000000,7.000000,6.000000,6.375000,0
2025-09-26T12:00:00Z,170.400000,151.400000,5.000000,4.000000,6.000000,3.000000,6.000000,6.500000,6.000000,0
2025-09-26T15:00:00Z,170.400000,151.400000,5.000000,3.000000,4.000000,6.000000,3.000000,6.750000,5.875000,0
2025-09-26T18:00:00Z,170.400000,151.400000,5.000000,9.000000,3.000000,4.000000,6.000000,6.500000,6.000000,0
2025-09-26T21:00:00Z,170.400000,151.400000,5.000000,5.000000,9.000000,3.000000,4.000000,6.125000,6.375000,0
2025-09-27T00:00:00Z,165.100000,152.000000,5.000000,3.000000,5.000000,9.000000,3.000000,5.500000,6.375000,0
2025-09-27T03:00:00Z,165.100000,152.000000,5.000000,5.000000,3.000000,5.000000,9.000000,5.125000,6.250000,0
2025-09-27T06:00:00Z,165.100000,152.000000,5.000000,3.000000,5.000000,3.000000,5.000000,5.500000,6.375000,0
2025-09-27T09:00:00Z,165.100000,152.000000,5.000000,3.000000,3.000000,5.000000,3.000000,5.375000,6.000000,0
2025-09-27T12:00:00Z,165.100000,152.000000,5.000000,4.000000,3.000000,3.000000,5.000000,4.875000,6.500000,0
2025-09-27T15:00:00Z,165.100000,152.000000,5.000000,3.000000,4.000000,3.000000,3.000000,4.750000,6.750000,0
2025-09-27T18:00:00Z,165.100000,152.000000,5.000000,9.000000,3.000000,4.000000,3.000000,4.750000,6.500000,0
2025-09-27T21:00:00Z,165.100000,152.000000,5.000000,7.000000,9.000000,3.000000,4.000000,4.375000,6.125000,0
2025-09-28T00:00:00Z,163.500000,152.700000,9.000000,15.000000,7.000000,9.000000,3.000000,4.375000,5.500000,0
2025-09-28T03:00:00Z,163.500000,152.700000,9.000000,15.000000,15.000000,7.000000,9.000000,4.375000,5.125000,0
2025-09-28T06:00:00Z,163.500000,152.700000,9.000000,3.000000,15.000000,15.000000,7.000000,4.375000,5.500000,0
2025-09-28T09:00:00Z,163.500000,152.700000,9.000000,6.000000,3.000000,15.000000,15.000000,4.625000,5.375000,0
2025-09-28T12:00:00Z,163.500000,152.700000,9.000000,6.000000,6.000000,3.000000,15.000000,6.125000,4.875000,0
2025-09-28T15:00:00Z,163.500000,152.700000,9.000000,12.000000,6.000000,6.000000,3.000000,7.375000,4.750000,0
2025-09-28T18:00:00Z,163.500000,152.700000,9.000000,12.000000,12.000000,6.000000,6.000000,7.375000,4.750000,0
2025-09-28T21:00:00Z,163.500000,152.700000,9.000000,6.000000,12.000000,12.000000,6.000000,7.750000,4.375000,0
2025-09-29T00:00:00Z,170.500000,153.300000,28.000000,9.000000,6.000000,12.000000,12.000000,8.000000,4.375000,0
2025-09-29T03:00:00Z,170.500000,153.300000,28.000000,9.000000,9.000000,6.000000,12.000000,9.125000,4.375000,0
2025-09-29T06:00:00Z,170.500000,153.300000,28.000000,15.000000,9.000000,9.000000,6.000000,9.500000,4.375000,0
2025-09-29T09:00:00Z,170.500000,153.300000,28.000000,39.000000,15.000000,9.000000,9.000000,9.375000,4.625000,0
2025-09-29T12:00:00Z,170.500000,153.300000,28.000000,27.000000,39.000000,15.000000,9.000000,8.625000,6.125000,0
2025-09-29T15:00:00Z,170.500000,153.300000,28.000000,56.000000,27.000000,39.000000,15.000000,7.875000,7.375000,0
2025-09-29T18:00:00Z,170.500000,153.300000,28.000000,48.000000,56.000000,27.000000,39.000000,9.375000,7.375000,0
2025-09-29T21:00:00Z,170.500000,153.300000,28.000000,18.000000,48.000000,56.000000,27.000000,13.500000,7.750000,0
2025-09-30T00:00:00Z,186.400000,154.000000,74.000000,48.000000,18.000000,48.000000,56.000000,16.125000,8.000000,0
2025-09-30T03:00:00Z,186.400000,154.000000,74.000000,132.000000,48.000000,18.000000,48.000000,21.625000,9.125000,0
2025-09-30T06:00:00Z,186.400000,154.000000,74.000000,80.000000,132.000000,48.000000,18.000000,26.125000,9.500000,0
2025-09-30T09:00:00Z,186.400000,154.000000,74.000000,48.000000,80.000000,132.000000,48.000000,27.625000,9.375000,0
2025-09-30T12:00:00Z,186.400000,154.000000,74.000000,67.000000,48.000000,80.000000,132.000000,32.500000,8.625000,0
2025-09-30T15:00:00Z,186.400000,154.000000,74.000000,67.000000,67.000000,48.000000,80.000000,47.875000,7.875000,0
2025-09-30T18:00:00Z,186.400000,154.000000,74.000000,94.000000,67.000000,67.000000,48.000000,56.000000,9.375000,0
2025-09-30T21:00:00Z,186.400000,154.000000,74.000000,56.000000,94.000000,67.000000,67.000000,57.125000,13.500000,0
2025-10-01T00:00:00Z,187.100000,154.800000,47.000000,48.000000,56.000000,94.000000,67.000000,62.125000,16.125000,0
2025-10-01T03:00:00Z,187.100000,154.800000,47.000000,48.000000,48.000000,56.000000,94.000000,63.500000,21.625000,0
2025-10-01T06:00:00Z,187.100000,154.800000,47.000000,39.000000,48.000000,48.000000,56.000000,69.250000,26.125000,0
2025-10-01T09:00:00Z,187.100000,154.800000,47.000000,27.000000,39.000000,48.000000,48.000000,74.000000,27.625000,0
2025-10-01T12:00:00Z,187.100000,154.800000,47.000000,48.000000,27.000000,39.000000,48.000000,74.000000,32.500000,0
2025-10-01T15:00:00Z,187.100000,154.800000,47.000000,39.000000,48.000000,27.000000,39.000000,63.500000,47.875000,0
2025-10-01T18:00:00Z,187.100000,154.800000,47.000000,94.000000,39.000000,48.000000,27.000000,58.375000,56.000000,0
2025-10-01T21:00:00Z,187.100000,154.800000,47.000000,32.000000,94.000000,39.000000,48.000000,55.750000,57.125000,0
2025-10-02T00:00:00Z,184.000000,155.200000,45.000000,56.000000,32.000000,94.000000,39.000000,53.375000,62.125000,0
2025-10-02T03:00:00Z,184.000000,155.200000,45.000000,111.000000,56.000000,32.000000,94.000000,49.875000,63.500000,0
2025-10-02T06:00:00Z,184.000000,155.200000,45.000000,32.000000,111.000000,56.000000,32.000000,49.875000,69.250000,0
2025-10-02T09:00:00Z,184.000000,155.200000,45.000000,39.000000,32.000000,111.000000,56.000000,46.875000,74.000000,0
2025-10-02T12:00:00Z,184.000000,155.200000,45.000000,27.000000,39.000000,32.000000,111.000000,47.875000,74.000000,0
2025-10-02T15:00:00Z,184.000000,155.200000,45.000000,12.000000,27.000000,39.000000,32.000000,55.750000,63.500000,0
2025-10-02T18:00:00Z,184.000000,155.200000,45.000000,48.000000,12.000000,27.000000,39.000000,54.875000,58.375000,0
2025-10-02T21:00:00Z,184.000000,155.200000,45.000000,32.000000,48.000000,12.000000,27.000000,56.375000,55.750000,0
2025-10-03T00:00:00Z,167.800000,155.400000,28.000000,32.000000,32.000000,48.000000,12.000000,53.750000,53.375000,0
2025-10-03T03:00:00Z,167.800000,155.400000,28.000000,48.000000,32.000000,32.000000,48.000000,50.375000,49.875000,0
2025-10-03T06:00:00Z,167.800000,155.400000,28.000000,39.000000,48.000000,32.000000,32.000000,44.625000,49.875000,0
2025-10-03T09:00:00Z,167.800000,155.400000,28.000000,27.000000,39.000000,48.000000,32.000000,44.625000,46.875000,0
2025-10-03T12:00:00Z,167.800000,155.400000,28.000000,18.000000,27.000000,39.000000,48.000000,41.625000,47.875000,0
2025-10-03T15:00:00Z,167.800000,155.400000,28.000000,22.000000,18.000000,27.000000,39.000000,33.750000,55.750000,0
2025-10-03T18:00:00Z,167.800000,155.400000,28.000000,22.000000,22.000000,18.000000,27.000000,34.625000,54.875000,0
2025-10-03T21:00:00Z,167.800000,155.400000,28.000000,12.000000,22.000000,22.000000,18.000000,33.125000,56.375000,0
2025-10-04T00:00:00Z,169.600000,155.500000,19.000000,15.000000,12.000000,22.000000,22.000000,32.000000,53.750000,0
2025-10-04T03:00:00Z,169.600000,155.500000,19.000000,18.000000,15.000000,12.000000,22.000000,33.250000,50.375000,0
2025-10-04T06:00:00Z,169.600000,155.500000,19.000000,22.000000,18.000000,15.000000,12.000000,30.000000,44.625000,0
2025-10-04T09:00:00Z,169.600000,155.500000,19.000000,22.000000,22.000000,18.000000,15.000000,27.500000,44.625000,0
2025-10-04T12:00:00Z,169.600000,155.500000,19.000000,27.000000,22.000000,22.000000,18.000000,25.375000,41.625000,0
2025-10-04T15:00:00Z,169.600000,155.500000,19.000000,22.000000,27.000000,22.000000,22.000000,21.625000,33.750000,0
2025-10-04T18:00:00Z,169.600000,155.500000,19.000000,15.000000,22.000000,27.000000,22.000000,19.500000,34.625000,0
2025-10-04T21:00:00Z,169.600000,155.500000,19.000000,9.000000,15.000000,22.000000,27.000000,18.875000,33.125000,0
2025-10-05T00:00:00Z,157.600000,155.100000,8.000000,9.000000,9.000000,15.000000,22.000000,20.000000,32.000000,0
2025-10-05T03:00:00Z,157.600000,155.100000,8.000000,18.000000,9.000000,9.000000,15.000000,20.000000,33.250000,0
2025-10-05T06:00:00Z,157.600000,155.100000,8.000000,15.000000,18.000000,9.000000,9.000000,19.125000,30.000000,0
2025-10-05T09:00:00Z,157.600000,155.100000,8.000000,5.000000,15.000000,18.000000,9.000000,18.750000,27.500000,0
2025-10-05T12:00:00Z,157.600000,155.100000,8.000000,7.000000,5.000000,15.000000,18.000000,18.000000,25.375000,0
2025-10-05T15:00:00Z,157.600000,155.100000,8.000000,4.000000,7.000000,5.000000,15.000000,18.000000,21.625000,0
2025-10-05T18:00:00Z,157.600000,155.100000,8.000000,2.000000,4.000000,7.000000,5.000000,17.125000,19.500000,0
2025-10-05T21:00:00Z,157.600000,155.100000,8.000000,4.000000,2.000000,4.000000,7.000000,15.000000,18.875000,0
2025-10-06T00:00:00Z,147.700000,154.200000,4.000000,2.000000,4.000000,2.000000,4.000000,12.500000,20.000000,0
2025-10-06T03:00:00Z,147.700000,154.200000,4.000000,0.000000,2.000000,4.000000,2.000000,10.250000,20.000000,0
2025-10-06T06:00:00Z,147.700000,154.200000,4.000000,3.000000,0.000000,2.000000,4.000000,8.625000,19.125000,0
2025-10-06T09:00:00Z,147.700000,154.200000,4.000000,3.000000,3.000000,0.000000,2.000000,8.000000,18.750000,0
2025-10-06T12:00:00Z,147.700000,154.200000,4.000000,5.000000,3.000000,3.000000,0.000000,7.125000,18.000000,0
2025-10-06T15:00:00Z,147.700000,154.200000,4.000000,6.000000,5.000000,3.000000,3.000000,4.875000,18.000000,0
2025-10-06T18:00:00Z,147.700000,154.200000,4.000000,6.000000,6.000000,5.000000,3.000000,3.375000,17.125000,0
2025-10-06T21:00:00Z,147.700000,154.200000,4.000000,7.000000,6.000000,6.000000,5.000000,3.125000,15.000000,0
2025-10-07T00:00:00Z,133.100000,153.100000,13.000000,7.000000,7.000000,6.000000,6.000000,2.875000,12.500000,0
2025-10-07T03:00:00Z,133.100000,153.100000,13.000000,9.000000,7.000000,7.000000,6.000000,3.125000,10.250000,0
2025-10-07T06:00:00Z,133.100000,153.100000,13.000000,9.000000,9.000000,7.000000,7.000000,3.625000,8.625000,0
2025-10-07T09:00:00Z,133.100000,153.100000,13.000000,12.000000,9.000000,9.000000,7.000000,4.000000,8.000000,0
2025-10-07T12:00:00Z,133.100000,153.100000,13.000000,27.000000,12.000000,9.000000,9.000000,4.625000,7.125000,0
2025-10-07T15:00:00Z,133.100000,153.100000,13.000000,18.000000,27.000000,12.000000,9.000000,5.750000,4.875000,0
2025-10-07T18:00:00Z,133.100000,153.100000,13.000000,12.000000,18.000000,27.000000,12.000000,6.500000,3.375000,0
2025-10-07T21:00:00Z,133.100000,153.100000,13.000000,7.000000,12.000000,18.000000,27.000000,7.625000,3.125000,0
2025-10-08T00:00:00Z,130.500000,151.700000,9.000000,12.000000,7.000000,12.000000,18.000000,10.375000,2.875000,0
2025-10-08T03:00:00Z,130.500000,151.700000,9.000000,22.000000,12.000000,7.000000,12.000000,11.875000,3.125000,0
2025-10-08T06:00:00Z,130.500000,151.700000,9.000000,9.000000,22.000000,12.000000,7.000000,12.625000,3.625000,0
2025-10-08T09:00:00Z,130.500000,151.700000,9.000000,6.000000,9.000000,22.000000,12.000000,12.625000,4.000000,0
2025-10-08T12:00:00Z,130.500000,151.700000,9.000000,9.000000,6.000000,9.000000,22.000000,13.250000,4.625000,0
2025-10-08T15:00:00Z,130.500000,151.700000,9.000000,9.000000,9.000000,6.000000,9.000000,14.875000,5.750000,0
2025-10-08T18:00:00Z,130.500000,151.700000,9.000000,5.000000,9.000000,9.000000,6.000000,14.875000,6.500000,0
2025-10-08T21:00:00Z,130.500000,151.700000,9.000000,2.000000,5.000000,9.000000,9.000000,14.125000,7.625000,0
2025-10-09T00:00:00Z,119.600000,150.500000,4.000000,2.000000,2.000000,5.000000,9.000000,11.875000,10.375000,0
2025-10-09T03:00:00Z,119.600000,150.500000,4.000000,2.000000,2.000000,2.000000,5.000000,10.750000,11.875000,0
2025-10-09T06:00:00Z,119.600000,150.500000,4.000000,7.000000,2.000000,2.000000,2.000000,9.875000,12.625000,0
2025-10-09T09:00:00Z,119.600000,150.500000,4.000000,3.000000,7.000000,2.000000,2.000000,9.250000,12.625000,0
2025-10-09T12:00:00Z,119.600000,150.500000,4.000000,4.000000,3.000000,7.000000,2.000000,8.000000,13.250000,0
2025-10-09T15:00:00Z,119.600000,150.500000,4.000000,3.000000,4.000000,3.000000,7.000000,5.500000,14.875000,0
2025-10-09T18:00:00Z,119.600000,150.500000,4.000000,5.000000,3.000000,4.000000,3.000000,5.250000,14.875000,0
2025-10-09T21:00:00Z,119.600000,150.500000,4.000000,7.000000,5.000000,3.000000,4.000000,4.875000,14.125000,0
2025-10-10T00:00:00Z,121.600000,148.100000,8.000000,18.000000,7.000000,5.000000,3.000000,4.250000,11.875000,0
2025-10-10T03:00:00Z,121.600000,148.100000,8.000000,7.000000,18.000000,7.000000,5.000000,3.500000,10.750000,0
2025-10-10T06:00:00Z,121.600000,148.100000,8.000000,12.000000,7.000000,18.000000,7.000000,3.500000,9.875000,0
2025-10-10T09:00:00Z,121.600000,148.100000,8.000000,7.000000,12.000000,7.000000,18.000000,4.125000,9.250000,0
2025-10-10T12:00:00Z,121.600000,148.100000,8.000000,5.000000,7.000000,12.000000,7.000000,6.125000,8.000000,0
2025-10-10T15:00:00Z,121.600000,148.100000,8.000000,4.000000,5.000000,7.000000,12.000000,6.750000,5.500000,0
2025-10-10T18:00:00Z,121.600000,148.100000,8.000000,5.000000,4.000000,5.000000,7.000000,7.375000,5.250000,0
2025-10-10T21:00:00Z,121.600000,148.100000,8.000000,6.000000,5.000000,4.000000,5.000000,7.875000,4.875000,0
2025-10-11T00:00:00Z,120.700000,146.900000,16.000000,7.000000,6.000000,5.000000,4.000000,8.000000,4.250000,0
2025-10-11T03:00:00Z,120.700000,146.900000,16.000000,22.000000,7.000000,6.000000,5.000000,8.125000,3.500000,0
2025-10-11T06:00:00Z,120.700000,146.900000,16.000000,32.000000,22.000000,7.000000,6.000000,8.125000,3.500000,0
2025-10-11T09:00:00Z,120.700000,146.900000,16.000000,15.000000,32.000000,22.000000,7.000000,8.000000,4.125000,0
2025-10-11T12:00:00Z,120.700000,146.900000,16.000000,7.000000,15.000000,32.000000,22.000000,6.625000,6.125000,0
2025-10-11T15:00:00Z,120.700000,146.900000,16.000000,9.000000,7.000000,15.000000,32.000000,8.500000,6.750000,0
2025-10-11T18:00:00Z,120.700000,146.900000,16.000000,12.000000,9.000000,7.000000,15.000000,11.000000,7.375000,0
2025-10-11T21:00:00Z,120.700000,146.900000,16.000000,22.000000,12.000000,9.000000,7.000000,12.000000,7.875000,0
2025-10-12T00:00:00Z,131.200000,145.900000,32.000000,27.000000,22.000000,12.000000,9.000000,12.250000,8.000000,0
2025-10-12T03:00:00Z,131.200000,145.900000,32.000000,27.000000,27.000000,22.000000,12.000000,12.875000,8.125000,0
2025-10-12T06:00:00Z,131.200000,145.900000,32.000000,27.000000,27.000000,27.000000,22.000000,13.750000,8.125000,0
2025-10-12T09:00:00Z,131.200000,145.900000,32.000000,27.000000,27.000000,27.000000,27.000000,15.750000,8.000000,0
2025-10-12T12:00:00Z,131.200000,145.900000,32.000000,27.000000,27.000000,27.000000,27.000000,18.250000,6.625000,0
2025-10-12T15:00:00Z,131.200000,145.900000,32.000000,39.000000,27.000000,27.000000,27.000000,18.875000,8.500000,0
2025-10-12T18:00:00Z,131.200000,145.900000,32.000000,48.000000,39.000000,27.000000,27.000000,18.250000,11.000000,0
2025-10-12T21:00:00Z,131.200000,145.900000,32.000000,32.000000,48.000000,39.000000,27.000000,19.750000,12.000000,0
2025-10-13T00:00:00Z,142.500000,145.100000,21.000000,39.000000,32.000000,48.000000,39.000000,22.250000,12.250000,0
2025-10-13T03:00:00Z,142.500000,145.100000,21.000000,32.000000,39.000000,32.000000,48.000000,26.000000,12.875000,0
2025-10-13T06:00:00Z,142.500000,145.100000,21.000000,18.000000,32.000000,39.000000,32.000000,30.500000,13.750000,0
2025-10-13T09:00:00Z,142.500000,145.100000,21.000000,22.000000,18.000000,32.000000,39.000000,31.750000,15.750000,0
2025-10-13T12:00:00Z,142.500000,145.100000,21.000000,15.000000,22.000000,18.000000,32.000000,33.250000,18.250000,0
2025-10-13T15:00:00Z,142.500000,145.100000,21.000000,12.000000,15.000000,22.000000,18.000000,33.875000,18.875000,0
2025-10-13T18:00:00Z,142.500000,145.100000,21.000000,18.000000,12.000000,15.000000,22.000000,32.750000,18.250000,0
2025-10-13T21:00:00Z,142.500000,145.100000,21.000000,12.000000,18.000000,12.000000,15.000000,32.125000,19.750000,0
2025-10-14T00:00:00Z,141.400000,144.300000,7.000000,9.000000,12.000000,18.000000,12.000000,30.625000,22.250000,0
2025-10-14T03:00:00Z,141.400000,144.300000,7.000000,7.000000,9.000000,12.000000,18.000000,27.250000,26.000000,0
2025-10-14T06:00:00Z,141.400000,144.300000,7.000000,7.000000,7.000000,9.000000,12.000000,23.500000,30.500000,0
2025-10-14T09:00:00Z,141.400000,144.300000,7.000000,5.000000,7.000000,7.000000,9.000000,21.000000,31.750000,0
2025-10-14T12:00:00Z,141.400000,144.300000,7.000000,7.000000,5.000000,7.000000,7.000000,17.250000,33.250000,0
2025-10-14T15:00:00Z,141.400000,144.300000,7.000000,7.000000,7.000000,5.000000,7.000000,14.125000,33.875000,0
2025-10-14T18:00:00Z,141.400000,144.300000,7.000000,4.000000,7.000000,7.000000,5.000000,12.750000,32.750000,0
2025-10-14T21:00:00Z,141.400000,144.300000,7.000000,9.000000,4.000000,7.000000,7.000000,10.625000,32.125000,0
2025-10-15T00:00:00Z,154.400000,143.600000,10.000000,22.000000,9.000000,4.000000,7.000000,9.625000,30.625000,0
2025-10-15T03:00:00Z,154.400000,143.600000,10.000000,18.000000,22.000000,9.000000,4.000000,9.000000,27.250000,0
2025-10-15T06:00:00Z,154.400000,143.600000,10.000000,15.000000,18.000000,22.000000,9.000000,7.250000,23.500000,0
2025-10-15T09:00:00Z,154.400000,143.600000,10.000000,9.000000,15.000000,18.000000,22.000000,6.875000,21.000000,0
2025-10-15T12:00:00Z,154.400000,143.600000,10.000000,6.000000,9.000000,15.000000,18.000000,8.500000,17.250000,0
2025-10-15T15:00:00Z,154.400000,143.600000,10.000000,4.000000,6.000000,9.000000,15.000000,9.875000,14.125000,0
2025-10-15T18:00:00Z,154.400000,143.600000,10.000000,3.000000,4.000000,6.000000,9.000000,10.875000,12.750000,0
2025-10-15T21:00:00Z,154.400000,143.600000,10.000000,6.000000,3.000000,4.000000,6.000000,11.375000,10.625000,0
2025-10-16T00:00:00Z,162.100000,143.200000,4.000000,2.000000,6.000000,3.000000,4.000000,11.250000,9.625000,0
2025-10-16T03:00:00Z,162.100000,143.200000,4.000000,2.000000,2.000000,6.000000,3.000000,10.875000,9.000000,0
2025-10-16T06:00:00Z,162.100000,143.200000,4.000000,5.000000,2.000000,2.000000,6.000000,10.750000,7.250000,0
2025-10-16T09:00:00Z,162.100000,143.200000,4.000000,4.000000,5.000000,2.000000,2.000000,10.375000,6.875000,0
2025-10-16T12:00:00Z,162.100000,143.200000,4.000000,3.000000,4.000000,5.000000,2.000000,7.875000,8.500000,0
2025-10-16T15:00:00Z,162.100000,143.200000,4.000000,2.000000,3.000000,4.000000,5.000000,5.875000,9.875000,0
2025-10-16T18:00:00Z,162.100000,143.200000,4.000000,5.000000,2.000000,3.000000,4.000000,4.625000,10.875000,0
2025-10-16T21:00:00Z,162.100000,143.200000,4.000000,5.000000,5.000000,2.000000,3.000000,4.000000,11.375000,0
2025-10-17T00:00:00Z,160.600000,142.900000,10.000000,5.000000,5.000000,5.000000,2.000000,3.625000,11.250000,0
2025-10-17T03:00:00Z,160.600000,142.900000,10.000000,6.000000,5.000000,5.000000,5.000000,3.375000,10.875000,0
2025-10-17T06:00:00Z,160.600000,142.900000,10.000000,12.000000,6.000000,5.000000,5.000000,3.625000,10.750000,0
2025-10-17T09:00:00Z,160.600000,142.900000,10.000000,22.000000,12.000000,6.000000,5.000000,3.500000,10.375000,0
2025-10-17T12:00:00Z,160.600000,142.900000,10.000000,9.000000,22.000000,12.000000,6.000000,3.875000,7.875000,0
2025-10-17T15:00:00Z,160.600000,142.900000,10.000000,15.000000,9.000000,22.000000,12.000000,4.375000,5.875000,0
2025-10-17T18:00:00Z,160.600000,142.900000,10.000000,6.000000,15.000000,9.000000,22.000000,5.250000,4.625000,0
2025-10-17T21:00:00Z,160.600000,142.900000,10.000000,5.000000,6.000000,15.000000,9.000000,7.500000,4.000000,0
2025-10-18T00:00:00Z,164.300000,142.800000,38.000000,22.000000,5.000000,6.000000,15.000000,8.250000,3.625000,0
2025-10-18T03:00:00Z,164.300000,142.800000,38.000000,32.000000,22.000000,5.000000,6.000000,9.875000,3.375000,0
2025-10-18T06:00:00Z,164.300000,142.800000,38.000000,39.000000,32.000000,22.000000,5.000000,10.000000,3.625000,0
2025-10-18T09:00:00Z,164.300000,142.800000,38.000000,27.000000,39.000000,32.000000,22.000000,10.000000,3.500000,0
2025-10-18T12:00:00Z,164.300000,142.800000,38.000000,18.000000,27.000000,39.000000,32.000000,12.125000,3.875000,0
2025-10-18T15:00:00Z,164.300000,142.800000,38.000000,39.000000,18.000000,27.000000,39.000000,15.375000,4.375000,0
2025-10-18T18:00:00Z,164.300000,142.800000,38.000000,94.000000,39.000000,18.000000,27.000000,18.750000,5.250000,0
2025-10-18T21:00:00Z,164.300000,142.800000,38.000000,32.000000,94.000000,39.000000,18.000000,19.375000,7.500000,0
2025-10-19T00:00:00Z,157.100000,143.000000,18.000000,48.000000,32.000000,94.000000,39.000000,20.500000,8.250000,0
2025-10-19T03:00:00Z,157.100000,143.000000,18.000000,15.000000,48.000000,32.000000,94.000000,23.500000,9.875000,0
2025-10-19T06:00:00Z,157.100000,143.000000,18.000000,7.000000,15.000000,48.000000,32.000000,34.500000,10.000000,0
2025-10-19T09:00:00Z,157.100000,143.000000,18.000000,18.000000,7.000000,15.000000,48.000000,37.875000,10.000000,0
2025-10-19T12:00:00Z,157.100000,143.000000,18.000000,15.000000,18.000000,7.000000,15.000000,41.125000,12.125000,0
2025-10-19T15:00:00Z,157.100000,143.000000,18.000000,18.000000,15.000000,18.000000,7.000000,39.000000,15.375000,0
2025-10-19T18:00:00Z,157.100000,143.000000,18.000000,9.000000,18.000000,15.000000,18.000000,35.000000,18.750000,0
2025-10-19T21:00:00Z,157.100000,143.000000,18.000000,12.000000,9.000000,18.000000,15.000000,33.875000,19.375000,0
2025-10-20T00:00:00Z,148.500000,143.600000,7.000000,12.000000,12.000000,9.000000,18.000000,33.500000,20.500000,0
2025-10-20T03:00:00Z,148.500000,143.600000,7.000000,12.000000,12.000000,12.000000,9.000000,30.875000,23.500000,0
2025-10-20T06:00:00Z,148.500000,143.600000,7.000000,9.000000,12.000000,12.000000,12.000000,20.250000,34.500000,0
2025-10-20T09:00:00Z,148.500000,143.600000,7.000000,5.000000,9.000000,12.000000,12.000000,17.750000,37.875000,0
2025-10-20T12:00:00Z,148.500000,143.600000,7.000000,6.000000,5.000000,9.000000,12.000000,13.250000,41.125000,0
2025-10-20T15:00:00Z,148.500000,143.600000,7.000000,4.000000,6.000000,5.000000,9.000000,12.875000,39.000000,0
2025-10-20T18:00:00Z,148.500000,143.600000,7.000000,5.000000,4.000000,6.000000,5.000000,13.125000,35.000000,0
2025-10-20T21:00:00Z,148.500000,143.600000,7.000000,6.000000,5.000000,4.000000,6.000000,11.500000,33.875000,0
2025-10-21T00:00:00Z,140.400000,144.300000,8.000000,12.000000,6.000000,5.000000,4.000000,10.375000,33.500000,0
2025-10-21T03:00:00Z,140.400000,144.300000,8.000000,15.000000,12.000000,6.000000,5.000000,8.625000,30.875000,0
2025-10-21T06:00:00Z,140.400000,144.300000,8.000000,6.000000,15.000000,12.000000,6.000000,8.125000,20.250000,0
2025-10-21T09:00:00Z,140.400000,144.300000,8.000000,2.000000,6.000000,15.000000,12.000000,7.375000,17.750000,0
2025-10-21T12:00:00Z,140.400000,144.300000,8.000000,4.000000,2.000000,6.000000,15.000000,7.375000,13.250000,0
2025-10-21T15:00:00Z,140.400000,144.300000,8.000000,5.000000,4.000000,2.000000,6.000000,7.750000,12.875000,0
2025-10-21T18:00:00Z,140.400000,144.300000,8.000000,12.000000,5.000000,4.000000,2.000000,7.375000,13.125000,0
2025-10-21T21:00:00Z,140.400000,144.300000,8.000000,9.000000,12.000000,5.000000,4.000000,7.000000,11.500000,0
2025-10-22T00:00:00Z,132.900000,145.300000,4.000000,2.000000,9.000000,12.000000,5.000000,6.750000,10.375000,0
2025-10-22T03:00:00Z,132.900000,145.300000,4.000000,3.000000,2.000000,9.000000,12.000000,6.875000,8.625000,0
2025-10-22T06:00:00Z,132.900000,145.300000,4.000000,3.000000,3.000000,2.000000,9.000000,7.750000,8.125000,0
2025-10-22T09:00:00Z,132.900000,145.300000,4.000000,3.000000,3.000000,3.000000,2.000000,8.125000,7.375000,0
2025-10-22T12:00:00Z,132.900000,145.300000,4.000000,4.000000,3.000000,3.000000,3.000000,6.875000,7.375000,0
2025-10-22T15:00:00Z,132.900000,145.300000,4.000000,4.000000,4.000000,3.000000,3.000000,5.375000,7.750000,0
2025-10-22T18:00:00Z,132.900000,145.300000,4.000000,5.000000,4.000000,4.000000,3.000000,5.000000,7.375000,0
2025-10-22T21:00:00Z,132.900000,145.300000,4.000000,5.000000,5.000000,4.000000,4.000000,5.125000,7.000000,0
2025-10-23T00:00:00Z,132.900000,146.400000,5.000000,6.000000,5.000000,5.000000,4.000000,5.125000,6.750000,0
2025-10-23T03:00:00Z,132.900000,146.400000,5.000000,4.000000,6.000000,5.000000,5.000000,5.000000,6.875000,0
2025-10-23T06:00:00Z,132.900000,146.400000,5.000000,0.000000,4.000000,6.000000,5.000000,4.125000,7.750000,0
2025-10-23T09:00:00Z,132.900000,146.400000,5.000000,5.000000,0.000000,4.000000,6.000000,3.625000,8.125000,0
2025-10-23T12:00:00Z,132.900000,146.400000,5.000000,5.000000,5.000000,0.000000,4.000000,4.125000,6.875000,0
2025-10-23T15:00:00Z,132.900000,146.400000,5.000000,4.000000,5.000000,5.000000,0.000000,4.250000,5.375000,0
2025-10-23T18:00:00Z,132.900000,146.400000,5.000000,7.000000,4.000000,5.000000,5.000000,3.875000,5.000000,0
2025-10-23T21:00:00Z,132.900000,146.400000,5.000000,9.000000,7.000000,4.000000,5.000000,4.125000,5.125000,0
2025-10-24T00:00:00Z,129.900000,147.500000,9.000000,12.000000,9.000000,7.000000,4.000000,4.250000,5.125000,0
2025-10-24T03:00:00Z,129.900000,147.500000,9.000000,9.000000,12.000000,9.000000,7.000000,4.250000,5.000000,0
2025-10-24T06:00:00Z,129.900000,147.500000,9.000000,7.000000,9.000000,12.000000,9.000000,4.500000,4.125000,0
2025-10-24T09:00:00Z,129.900000,147.500000,9.000000,9.000000,7.000000,9.000000,12.000000,5.000000,3.625000,0
2025-10-24T12:00:00Z,129.900000,147.500000,9.000000,7.000000,9.000000,7.000000,9.000000,5.750000,4.125000,0
2025-10-24T15:00:00Z,129.900000,147.500000,9.000000,9.000000,7.000000,9.000000,7.000000,6.375000,4.250000,0
2025-10-24T18:00:00Z,129.900000,147.500000,9.000000,15.000000,9.000000,7.000000,9.000000,7.250000,3.875000,0
2025-10-24T21:00:00Z,129.900000,147.500000,9.000000,5.000000,15.000000,9.000000,7.000000,7.750000,4.125000,0
2025-10-25T00:00:00Z,133.600000,148.700000,8.000000,9.000000,5.000000,15.000000,9.000000,8.000000,4.250000,0
2025-10-25T03:00:00Z,133.600000,148.700000,8.000000,22.000000,9.000000,5.000000,15.000000,8.625000,4.250000,0
2025-10-25T06:00:00Z,133.600000,148.700000,8.000000,15.000000,22.000000,9.000000,5.000000,9.625000,4.500000,0
2025-10-25T09:00:00Z,133.600000,148.700000,8.000000,7.000000,15.000000,22.000000,9.000000,9.125000,5.000000,0
2025-10-25T12:00:00Z,133.600000,148.700000,8.000000,7.000000,7.000000,15.000000,22.000000,8.750000,5.750000,0
2025-10-25T15:00:00Z,133.600000,148.700000,8.000000,3.000000,7.000000,7.000000,15.000000,10.375000,6.375000,0
2025-10-25T18:00:00Z,133.600000,148.700000,8.000000,2.000000,3.000000,7.000000,7.000000,11.375000,7.250000,0
2025-10-25T21:00:00Z,133.600000,148.700000,8.000000,2.000000,2.000000,3.000000,7.000000,11.125000,7.750000,0
2025-10-26T00:00:00Z,127.000000,149.700000,3.000000,3.000000,2.000000,2.000000,3.000000,11.125000,8.000000,0
2025-10-26T03:00:00Z,127.000000,149.700000,3.000000,3.000000,3.000000,2.000000,2.000000,10.375000,8.625000,0
2025-10-26T06:00:00Z,127.000000,149.700000,3.000000,5.000000,3.000000,3.000000,2.000000,8.750000,9.625000,0
2025-10-26T09:00:00Z,127.000000,149.700000,3.000000,5.000000,5.000000,3.000000,3.000000,8.375000,9.125000,0
2025-10-26T12:00:00Z,127.000000,149.700000,3.000000,0.000000,5.000000,5.000000,3.000000,7.625000,8.750000,0
2025-10-26T15:00:00Z,127.000000,149.700000,3.000000,3.000000,0.000000,5.000000,5.000000,5.250000,10.375000,0
2025-10-26T18:00:00Z,127.000000,149.700000,3.000000,0.000000,3.000000,0.000000,5.000000,4.000000,11.375000,0
2025-10-26T21:00:00Z,127.000000,149.700000,3.000000,3.000000,0.000000,3.000000,0.000000,3.750000,11.125000,0
2025-10-27T00:00:00Z,123.400000,150.500000,5.000000,3.000000,3.000000,0.000000,3.000000,2.875000,11.125000,0
2025-10-27T03:00:00Z,123.400000,150.500000,5.000000,3.000000,3.000000,3.000000,0.000000,2.875000,10.375000,0
2025-10-27T06:00:00Z,123.400000,150.500000,5.000000,3.000000,3.000000,3.000000,3.000000,2.625000,8.750000,0
2025-10-27T09:00:00Z,123.400000,150.500000,5.000000,3.000000,3.000000,3.000000,3.000000,2.750000,8.375000,0
2025-10-27T12:00:00Z,123.400000,150.500000,5.000000,3.000000,3.000000,3.000000,3.000000,2.750000,7.625000,0
2025-10-27T15:00:00Z,123.400000,150.500000,5.000000,6.000000,3.000000,3.000000,3.000000,2.750000,5.250000,0
2025-10-27T18:00:00Z,123.400000,150.500000,5.000000,7.000000,6.000000,3.000000,3.000000,2.500000,4.000000,0
2025-10-27T21:00:00Z,123.400000,150.500000,5.000000,15.000000,7.000000,6.000000,3.000000,2.250000,3.750000,0
2025-10-28T00:00:00Z,121.400000,151.100000,18.000000,15.000000,15.000000,7.000000,6.000000,2.625000,2.875000,0
2025-10-28T03:00:00Z,121.400000,151.100000,18.000000,18.000000,15.000000,15.000000,7.000000,3.000000,2.875000,0
2025-10-28T06:00:00Z,121.400000,151.100000,18.000000,18.000000,18.000000,15.000000,15.000000,3.875000,2.625000,0
2025-10-28T09:00:00Z,121.400000,151.100000,18.000000,7.000000,18.000000,18.000000,15.000000,5.375000,2.750000,0
2025-10-28T12:00:00Z,121.400000,151.100000,18.000000,18.000000,7.000000,18.000000,18.000000,6.875000,2.750000,0
2025-10-28T15:00:00Z,121.400000,151.100000,18.000000,15.000000,18.000000,7.000000,18.000000,8.750000,2.750000,0
2025-10-28T18:00:00Z,121.400000,151.100000,18.000000,27.000000,15.000000,18.000000,7.000000,10.625000,2.500000,0
2025-10-28T21:00:00Z,121.400000,151.100000,18.000000,27.000000,27.000000,15.000000,18.000000,11.125000,2.250000,0
2025-10-29T00:00:00Z,122.300000,151.500000,19.000000,9.000000,27.000000,27.000000,15.000000,13.000000,2.625000,0
2025-10-29T03:00:00Z,122.300000,151.500000,19.000000,12.000000,9.000000,27.000000,27.000000,14.125000,3.000000,0
2025-10-29T06:00:00Z,122.300000,151.500000,19.000000,18.000000,12.000000,9.000000,27.000000,16.625000,3.875000,0
2025-10-29T09:00:00Z,122.300000,151.500000,19.000000,15.000000,18.000000,12.000000,9.000000,18.125000,5.375000,0
2025-10-29T12:00:00Z,122.300000,151.500000,19.000000,15.000000,15.000000,18.000000,12.000000,17.375000,6.875000,0
2025-10-29T15:00:00Z,122.300000,151.500000,19.000000,22.000000,15.000000,15.000000,18.000000,16.625000,8.750000,0
2025-10-29T18:00:00Z,122.300000,151.500000,19.000000,27.000000,22.000000,15.000000,15.000000,16.625000,10.625000,0
2025-10-29T21:00:00Z,122.300000,151.500000,19.000000,32.000000,27.000000,22.000000,15.000000,17.625000,11.125000,0
2025-10-30T00:00:00Z,118.400000,151.800000,37.000000,32.000000,32.000000,27.000000,22.000000,17.250000,13.000000,0
2025-10-30T03:00:00Z,118.400000,151.800000,37.000000,22.000000,32.000000,32.000000,27.000000,18.125000,14.125000,0
2025-10-30T06:00:00Z,118.400000,151.800000,37.000000,27.000000,22.000000,32.000000,32.000000,18.125000,16.625000,0
2025-10-30T09:00:00Z,118.400000,151.800000,37.000000,56.000000,27.000000,22.000000,32.000000,18.750000,18.125000,0
2025-10-30T12:00:00Z,118.400000,151.800000,37.000000,56.000000,56.000000,27.000000,22.000000,21.625000,17.375000,0
2025-10-30T15:00:00Z,118.400000,151.800000,37.000000,32.000000,56.000000,56.000000,27.000000,22.875000,16.625000,0
2025-10-30T18:00:00Z,118.400000,151.800000,37.000000,22.000000,32.000000,56.000000,56.000000,24.000000,16.625000,0
2025-10-30T21:00:00Z,118.400000,151.800000,37.000000,48.000000,22.000000,32.000000,56.000000,29.125000,17.625000,0
2025-10-31T00:00:00Z,120.300000,151.800000,23.000000,32.000000,48.000000,22.000000,32.000000,34.250000,17.250000,0
2025-10-31T03:00:00Z,120.300000,151.800000,23.000000,39.000000,32.000000,48.000000,22.000000,35.500000,18.125000,0
2025-10-31T06:00:00Z,120.300000,151.800000,23.000000,32.000000,39.000000,32.000000,48.000000,34.875000,18.125000,0
2025-10-31T09:00:00Z,120.300000,151.800000,23.000000,18.000000,32.000000,39.000000,32.000000,36.875000,18.750000,0
2025-10-31T12:00:00Z,120.300000,151.800000,23.000000,22.000000,18.000000,32.000000,39.000000,36.875000,21.625000,0
2025-10-31T15:00:00Z,120.300000,151.800000,23.000000,15.000000,22.000000,18.000000,32.000000,39.000000,22.875000,0
2025-10-31T18:00:00Z,120.300000,151.800000,23.000000,12.000000,15.000000,22.000000,18.000000,39.625000,24.000000,0
2025-10-31T21:00:00Z,120.300000,151.800000,23.000000,12.000000,12.000000,15.000000,22.000000,34.875000,29.125000,0
2025-11-01T00:00:00Z,125.300000,151.500000,13.000000,12.000000,12.000000,12.000000,15.000000,30.625000,34.250000,0
2025-11-01T03:00:00Z,125.300000,151.500000,13.000000,18.000000,12.000000,12.000000,12.000000,28.500000,35.500000,0
2025-11-01T06:00:00Z,125.300000,151.500000,13.000000,12.000000,18.000000,12.000000,12.000000,27.250000,34.875000,0
2025-11-01T09:00:00Z,125.300000,151.500000,13.000000,9.000000,12.000000,18.000000,12.000000,22.750000,36.875000,0
2025-11-01T12:00:00Z,125.300000,151.500000,13.000000,12.000000,9.000000,12.000000,18.000000,20.250000,36.875000,0
2025-11-01T15:00:00Z,125.300000,151.500000,13.000000,15.000000,12.000000,9.000000,12.000000,17.625000,39.000000,0
2025-11-01T18:00:00Z,125.300000,151.500000,13.000000,15.000000,15.000000,12.000000,9.000000,15.125000,39.625000,0
2025-11-01T21:00:00Z,125.300000,151.500000,13.000000,9.000000,15.000000,15.000000,12.000000,14.000000,34.875000,0
2025-11-02T00:00:00Z,115.300000,151.000000,16.000000,32.000000,9.000000,15.000000,15.000000,12.750000,30.625000,0
2025-11-02T03:00:00Z,115.300000,151.000000,16.000000,18.000000,32.000000,9.000000,15.000000,12.750000,28.500000,0
2025-11-02T06:00:00Z,115.300000,151.000000,16.000000,9.000000,18.000000,32.000000,9.000000,13.125000,27.250000,0
2025-11-02T09:00:00Z,115.300000,151.000000,16.000000,9.000000,9.000000,18.000000,32.000000,12.750000,22.750000,0
2025-11-02T12:00:00Z,115.300000,151.000000,16.000000,9.000000,9.000000,9.000000,18.000000,15.250000,20.250000,0
2025-11-02T15:00:00Z,115.300000,151.000000,16.000000,22.000000,9.000000,9.000000,9.000000,15.250000,17.625000,0
2025-11-02T18:00:00Z,115.300000,151.000000,16.000000,12.000000,22.000000,9.000000,9.000000,14.875000,15.125000,0
2025-11-02T21:00:00Z,115.300000,151.000000,16.000000,15.000000,12.000000,22.000000,9.000000,14.875000,14.000000,0
2025-11-03T00:00:00Z,123.000000,150.400000,20.000000,12.000000,15.000000,12.000000,22.000000,14.500000,12.750000,0
2025-11-03T03:00:00Z,123.000000,150.400000,20.000000,18.000000,12.000000,15.000000,12.000000,15.375000,12.750000,0
2025-11-03T06:00:00Z,123.000000,150.400000,20.000000,32.000000,18.000000,12.000000,15.000000,15.000000,13.125000,0
2025-11-03T09:00:00Z,123.000000,150.400000,20.000000,22.000000,32.000000,18.000000,12.000000,15.750000,12.750000,0
2025-11-03T12:00:00Z,123.000000,150.400000,20.000000,18.000000,22.000000,32.000000,18.000000,13.250000,15.250000,0
2025-11-03T15:00:00Z,123.000000,150.400000,20.000000,22.000000,18.000000,22.000000,32.000000,13.250000,15.250000,0
2025-11-03T18:00:00Z,123.000000,150.400000,20.000000,15.000000,22.000000,18.000000,22.000000,16.125000,14.875000,0
2025-11-03T21:00:00Z,123.000000,150.400000,20.000000,18.000000,15.000000,22.000000,18.000000,17.750000,14.875000,0
2025-11-04T00:00:00Z,133.000000,149.600000,9.000000,15.000000,18.000000,15.000000,22.000000,18.875000,14.500000,0
2025-11-04T03:00:00Z,133.000000,149.600000,9.000000,9.000000,15.000000,18.000000,15.000000,18.875000,15.375000,0
2025-11-04T06:00:00Z,133.000000,149.600000,9.000000,7.000000,9.000000,15.000000,18.000000,19.250000,15.000000,0
2025-11-04T09:00:00Z,133.000000,149.600000,9.000000,15.000000,7.000000,9.000000,15.000000,19.625000,15.750000,0
2025-11-04T12:00:00Z,133.000000,149.600000,9.000000,6.000000,15.000000,7.000000,9.000000,20.000000,13.250000,0
2025-11-04T15:00:00Z,133.000000,149.600000,9.000000,7.000000,6.000000,15.000000,7.000000,18.875000,13.250000,0
2025-11-04T18:00:00Z,133.000000,149.600000,9.000000,6.000000,7.000000,6.000000,15.000000,15.750000,16.125000,0
2025-11-04T21:00:00Z,133.000000,149.600000,9.000000,6.000000,6.000000,7.000000,6.000000,14.875000,17.750000,0
2025-11-05T00:00:00Z,159.200000,148.900000,23.000000,22.000000,6.000000,6.000000,7.000000,13.375000,18.875000,0
2025-11-05T03:00:00Z,159.200000,148.900000,23.000000,18.000000,22.000000,6.000000,6.000000,11.500000,18.875000,0
2025-11-05T06:00:00Z,159.200000,148.900000,23.000000,27.000000,18.000000,22.000000,6.000000,10.375000,19.250000,0
2025-11-05T09:00:00Z,159.200000,148.900000,23.000000,7.000000,27.000000,18.000000,22.000000,8.875000,19.625000,0
2025-11-05T12:00:00Z,159.200000,148.900000,23.000000,6.000000,7.000000,27.000000,18.000000,9.750000,20.000000,0
2025-11-05T15:00:00Z,159.200000,148.900000,23.000000,9.000000,6.000000,7.000000,27.000000,10.875000,18.875000,0
2025-11-05T18:00:00Z,159.200000,148.900000,23.000000,27.000000,9.000000,6.000000,7.000000,13.375000,15.750000,0
2025-11-05T21:00:00Z,159.200000,148.900000,23.000000,67.000000,27.000000,9.000000,6.000000,12.375000,14.875000,0
2025-11-06T00:00:00Z,147.500000,148.300000,43.000000,48.000000,67.000000,27.000000,9.000000,12.375000,13.375000,0
2025-11-06T03:00:00Z,147.500000,148.300000,43.000000,111.000000,48.000000,67.000000,27.000000,12.625000,11.500000,0
2025-11-06T06:00:00Z,147.500000,148.300000,43.000000,80.000000,111.000000,48.000000,67.000000,15.250000,10.375000,0
2025-11-06T09:00:00Z,147.500000,148.300000,43.000000,22.000000,80.000000,111.000000,48.000000,22.875000,8.875000,0
2025-11-06T12:00:00Z,147.500000,148.300000,43.000000,7.000000,22.000000,80.000000,111.000000,26.125000,9.750000,0
2025-11-06T15:00:00Z,147.500000,148.300000,43.000000,15.000000,7.000000,22.000000,80.000000,37.750000,10.875000,0
2025-11-06T18:00:00Z,147.500000,148.300000,43.000000,22.000000,15.000000,7.000000,22.000000,44.375000,13.375000,0
2025-11-06T21:00:00Z,147.500000,148.300000,43.000000,39.000000,22.000000,15.000000,7.000000,46.250000,12.375000,0
2025-11-07T00:00:00Z,163.700000,147.800000,31.000000,56.000000,39.000000,22.000000,15.000000,46.375000,12.375000,0
2025-11-07T03:00:00Z,163.700000,147.800000,31.000000,56.000000,56.000000,39.000000,22.000000,47.125000,12.625000,0
2025-11-07T06:00:00Z,163.700000,147.800000,31.000000,48.000000,56.000000,56.000000,39.000000,46.500000,15.250000,0
2025-11-07T09:00:00Z,163.700000,147.800000,31.000000,27.000000,48.000000,56.000000,56.000000,43.000000,22.875000,0
2025-11-07T12:00:00Z,163.700000,147.800000,31.000000,18.000000,27.000000,48.000000,56.000000,44.000000,26.125000,0
2025-11-07T15:00:00Z,163.700000,147.800000,31.000000,15.000000,18.000000,27.000000,48.000000,37.125000,37.750000,0
2025-11-07T18:00:00Z,163.700000,147.800000,31.000000,15.000000,15.000000,18.000000,27.000000,33.125000,44.375000,0
2025-11-07T21:00:00Z,163.700000,147.800000,31.000000,15.000000,15.000000,15.000000,18.000000,33.750000,46.250000,0
2025-11-08T00:00:00Z,165.800000,147.100000,33.000000,80.000000,15.000000,15.000000,15.000000,35.125000,46.375000,0
2025-11-08T03:00:00Z,165.800000,147.100000,33.000000,56.000000,80.000000,15.000000,15.000000,35.125000,47.125000,0
2025-11-08T06:00:00Z,165.800000,147.100000,33.000000,56.000000,56.000000,80.000000,15.000000,34.250000,46.500000,0
2025-11-08T09:00:00Z,165.800000,147.100000,33.000000,22.000000,56.000000,56.000000,80.000000,31.250000,43.000000,0
2025-11-08T12:00:00Z,165.800000,147.100000,33.000000,18.000000,22.000000,56.000000,56.000000,34.250000,44.000000,0
2025-11-08T15:00:00Z,165.800000,147.100000,33.000000,18.000000,18.000000,22.000000,56.000000,34.250000,37.125000,0
2025-11-08T18:00:00Z,165.800000,147.100000,33.000000,12.000000,18.000000,18.000000,22.000000,35.250000,33.125000,0
2025-11-08T21:00:00Z,165.800000,147.100000,33.000000,5.000000,12.000000,18.000000,18.000000,34.625000,33.750000,0
2025-11-09T00:00:00Z,171.900000,146.300000,7.000000,6.000000,5.000000,12.000000,18.000000,34.625000,35.125000,0
2025-11-09T03:00:00Z,171.900000,146.300000,7.000000,5.000000,6.000000,5.000000,12.000000,35.000000,35.125000,0
2025-11-09T06:00:00Z,171.900000,146.300000,7.000000,9.000000,5.000000,6.000000,5.000000,34.625000,34.250000,0
2025-11-09T09:00:00Z,171.900000,146.300000,7.000000,4.000000,9.000000,5.000000,6.000000,33.375000,31.250000,0
2025-11-09T12:00:00Z,171.900000,146.300000,7.000000,7.000000,4.000000,9.000000,5.000000,24.125000,34.250000,0
2025-11-09T15:00:00Z,171.900000,146.300000,7.000000,4.000000,7.000000,4.000000,9.000000,17.750000,34.250000,0
2025-11-09T18:00:00Z,171.900000,146.300000,7.000000,4.000000,4.000000,7.000000,4.000000,11.875000,35.250000,0
2025-11-09T21:00:00Z,171.900000,146.300000,7.000000,15.000000,4.000000,4.000000,7.000000,9.625000,34.625000,0
2025-11-10T00:00:00Z,175.600000,145.400000,14.000000,12.000000,15.000000,4.000000,4.000000,8.250000,34.625000,0
2025-11-10T03:00:00Z,175.600000,145.400000,14.000000,7.000000,12.000000,15.000000,4.000000,6.500000,35.000000,0
2025-11-10T06:00:00Z,175.600000,145.400000,14.000000,4.000000,7.000000,12.000000,15.000000,5.500000,34.625000,0
2025-11-10T09:00:00Z,175.600000,145.400000,14.000000,9.000000,4.000000,7.000000,12.000000,6.750000,33.375000,0
2025-11-10T12:00:00Z,175.600000,145.400000,14.000000,12.000000,9.000000,4.000000,7.000000,7.500000,24.125000,0
2025-11-10T15:00:00Z,175.600000,145.400000,14.000000,32.000000,12.000000,9.000000,4.000000,7.750000,17.750000,0
2025-11-10T18:00:00Z,175.600000,145.400000,14.000000,15.000000,32.000000,12.000000,9.000000,7.125000,11.875000,0
2025-11-10T21:00:00Z,175.600000,145.400000,14.000000,18.000000,15.000000,32.000000,12.000000,7.750000,9.625000,0
2025-11-11T00:00:00Z,180.300000,144.700000,6.000000,5.000000,18.000000,15.000000,32.000000,8.375000,8.250000,0
2025-11-11T03:00:00Z,180.300000,144.700000,6.000000,12.000000,5.000000,18.000000,15.000000,11.875000,6.500000,0
2025-11-11T06:00:00Z,180.300000,144.700000,6.000000,4.000000,12.000000,5.000000,18.000000,13.250000,5.500000,0
2025-11-11T09:00:00Z,180.300000,144.700000,6.000000,9.000000,4.000000,12.000000,5.000000,13.625000,6.750000,0
2025-11-11T12:00:00Z,180.300000,144.700000,6.000000,3.000000,9.000000,4.000000,12.000000,12.750000,7.500000,0
2025-11-11T15:00:00Z,180.300000,144.700000,6.000000,4.000000,3.000000,9.000000,4.000000,13.375000,7.750000,0
2025-11-11T18:00:00Z,180.300000,144.700000,6.000000,2.000000,4.000000,3.000000,9.000000,13.375000,7.125000,0
2025-11-11T21:00:00Z,180.300000,144.700000,6.000000,9.000000,2.000000,4.000000,3.000000,13.375000,7.750000,0
2025-11-12T00:00:00Z,168.000000,144.300000,137.000000,300.000000,9.000000,2.000000,4.000000,12.250000,8.375000,0
2025-11-12T03:00:00Z,168.000000,144.300000,137.000000,300.000000,300.000000,9.000000,2.000000,8.750000,11.875000,0
2025-11-12T06:00:00Z,168.000000,144.300000,137.000000,132.000000,300.000000,300.000000,9.000000,7.125000,13.250000,0
2025-11-12T09:00:00Z,168.000000,144.300000,137.000000,179.000000,132.000000,300.000000,300.000000,6.000000,13.625000,0
2025-11-12T12:00:00Z,168.000000,144.300000,137.000000,56.000000,179.000000,132.000000,300.000000,42.875000,12.750000,0
2025-11-12T15:00:00Z,168.000000,144.300000,137.000000,32.000000,56.000000,179.000000,132.000000,78.875000,13.375000,0
2025-11-12T18:00:00Z,168.000000,144.300000,137.000000,67.000000,32.000000,56.000000,179.000000,94.875000,13.375000,0
2025-11-12T21:00:00Z,168.000000,144.300000,137.000000,27.000000,67.000000,32.000000,56.000000,116.125000,13.375000,0
2025-11-13T00:00:00Z,163.300000,143.900000,57.000000,111.000000,27.000000,67.000000,32.000000,122.750000,12.250000,0
2025-11-13T03:00:00Z,163.300000,143.900000,57.000000,154.000000,111.000000,27.000000,67.000000,126.250000,8.750000,0
2025-11-13T06:00:00Z,163.300000,143.900000,57.000000,94.000000,154.000000,111.000000,27.000000,134.375000,7.125000,0
2025-11-13T09:00:00Z,163.300000,143.900000,57.000000,22.000000,94.000000,154.000000,111.000000,136.625000,6.000000,0
2025-11-13T12:00:00Z,163.300000,143.900000,57.000000,39.000000,22.000000,94.000000,154.000000,113.000000,42.875000,0
2025-11-13T15:00:00Z,163.300000,143.900000,57.000000,22.000000,39.000000,22.000000,94.000000,94.750000,78.875000,0
2025-11-13T18:00:00Z,163.300000,143.900000,57.000000,12.000000,22.000000,39.000000,22.000000,90.000000,94.875000,0
2025-11-13T21:00:00Z,163.300000,143.900000,57.000000,3.000000,12.000000,22.000000,39.000000,70.375000,116.125000,0
2025-11-14T00:00:00Z,155.900000,143.600000,3.000000,3.000000,3.000000,12.000000,22.000000,68.250000,122.750000,0
2025-11-14T03:00:00Z,155.900000,143.600000,3.000000,3.000000,3.000000,3.000000,12.000000,67.000000,126.250000,0
2025-11-14T06:00:00Z,155.900000,143.600000,3.000000,3.000000,3.000000,3.000000,3.000000,60.125000,134.375000,0
2025-11-14T09:00:00Z,155.900000,143.600000,3.000000,5.000000,3.000000,3.000000,3.000000,57.125000,136.625000,0
2025-11-14T12:00:00Z,155.900000,143.600000,3.000000,4.000000,5.000000,3.000000,3.000000,43.625000,113.000000,0
2025-11-14T15:00:00Z,155.900000,143.600000,3.000000,4.000000,4.000000,5.000000,3.000000,24.750000,94.750000,0
2025-11-14T18:00:00Z,155.900000,143.600000,3.000000,2.000000,4.000000,4.000000,5.000000,13.375000,90.000000,0
2025-11-14T21:00:00Z,155.900000,143.600000,3.000000,0.000000,2.000000,4.000000,4.000000,11.250000,70.375000,0
2025-11-15T00:00:00Z,145.300000,143.800000,8.000000,5.000000,0.000000,2.000000,4.000000,6.875000,68.250000,0
2025-11-15T03:00:00Z,145.300000,143.800000,8.000000,4.000000,5.000000,0.000000,2.000000,4.625000,67.000000,0
2025-11-15T06:00:00Z,145.300000,143.800000,8.000000,7.000000,4.000000,5.000000,0.000000,3.375000,60.125000,0
2025-11-15T09:00:00Z,145.300000,143.800000,8.000000,6.000000,7.000000,4.000000,5.000000,3.000000,57.125000,0
2025-11-15T12:00:00Z,145.300000,143.800000,8.000000,6.000000,6.000000,7.000000,4.000000,3.250000,43.625000,0
2025-11-15T15:00:00Z,145.300000,143.800000,8.000000,6.000000,6.000000,6.000000,7.000000,3.375000,24.750000,0
2025-11-15T18:00:00Z,145.300000,143.800000,8.000000,18.000000,6.000000,6.000000,6.000000,3.875000,13.375000,0
2025-11-15T21:00:00Z,145.300000,143.800000,8.000000,15.000000,18.000000,6.000000,6.000000,4.000000,11.250000,0
2025-11-16T00:00:00Z,132.300000,144.200000,17.000000,18.000000,15.000000,18.000000,6.000000,4.250000,6.875000,0
2025-11-16T03:00:00Z,132.300000,144.200000,17.000000,22.000000,18.000000,15.000000,18.000000,4.500000,4.625000,0
2025-11-16T06:00:00Z,132.300000,144.200000,17.000000,12.000000,22.000000,18.000000,15.000000,6.500000,3.375000,0
2025-11-16T09:00:00Z,132.300000,144.200000,17.000000,12.000000,12.000000,22.000000,18.000000,8.375000,3.000000,0
2025-11-16T12:00:00Z,132.300000,144.200000,17.000000,22.000000,12.000000,12.000000,22.000000,10.000000,3.250000,0
2025-11-16T15:00:00Z,132.300000,144.200000,17.000000,15.000000,22.000000,12.000000,12.000000,12.250000,3.375000,0
2025-11-16T18:00:00Z,132.300000,144.200000,17.000000,15.000000,15.000000,22.000000,12.000000,12.875000,3.875000,0
2025-11-16T21:00:00Z,132.300000,144.200000,17.000000,18.000000,15.000000,15.000000,22.000000,13.625000,4.000000,0
2025-11-17T00:00:00Z,132.300000,144.800000,10.000000,22.000000,18.000000,15.000000,15.000000,15.625000,4.250000,0
2025-11-17T03:00:00Z,132.300000,144.800000,10.000000,12.000000,22.000000,18.000000,15.000000,16.750000,4.500000,0
2025-11-17T06:00:00Z,132.300000,144.800000,10.000000,15.000000,12.000000,22.000000,18.000000,16.375000,6.500000,0
2025-11-17T09:00:00Z,132.300000,144.800000,10.000000,4.000000,15.000000,12.000000,22.000000,16.750000,8.375000,0
2025-11-17T12:00:00Z,132.300000,144.800000,10.000000,7.000000,4.000000,15.000000,12.000000,17.250000,10.000000,0
2025-11-17T15:00:00Z,132.300000,144.800000,10.000000,3.000000,7.000000,4.000000,15.000000,16.000000,12.250000,0
2025-11-17T18:00:00Z,132.300000,144.800000,10.000000,7.000000,3.000000,7.000000,4.000000,16.375000,12.875000,0
2025-11-17T21:00:00Z,132.300000,144.800000,10.000000,7.000000,7.000000,3.000000,7.000000,15.375000,13.625000,0
2025-11-18T00:00:00Z,122.300000,145.600000,4.000000,9.000000,7.000000,7.000000,3.000000,13.500000,15.625000,0
2025-11-18T03:00:00Z,122.300000,145.600000,4.000000,7.000000,9.000000,7.000000,7.000000,12.000000,16.750000,0
2025-11-18T06:00:00Z,122.300000,145.600000,4.000000,7.000000,7.000000,9.000000,7.000000,11.000000,16.375000,0
2025-11-18T09:00:00Z,122.300000,145.600000,4.000000,2.000000,7.000000,7.000000,9.000000,9.625000,16.750000,0
2025-11-18T12:00:00Z,122.300000,145.600000,4.000000,0.000000,2.000000,7.000000,7.000000,8.000000,17.250000,0
2025-11-18T15:00:00Z,122.300000,145.600000,4.000000,0.000000,0.000000,2.000000,7.000000,7.375000,16.000000,0
2025-11-18T18:00:00Z,122.300000,145.600000,4.000000,0.000000,0.000000,0.000000,2.000000,6.375000,16.375000,0
2025-11-18T21:00:00Z,122.300000,145.600000,4.000000,3.000000,0.000000,0.000000,0.000000,6.125000,15.375000,0
2025-11-19T00:00:00Z,120.100000,146.600000,2.000000,2.000000,3.000000,0.000000,0.000000,5.250000,13.500000,0
2025-11-19T03:00:00Z,120.100000,146.600000,2.000000,0.000000,2.000000,3.000000,0.000000,4.875000,12.000000,0
2025-11-19T06:00:00Z,120.100000,146.600000,2.000000,3.000000,0.000000,2.000000,3.000000,4.000000,11.000000,0
2025-11-19T09:00:00Z,120.100000,146.600000,2.000000,2.000000,3.000000,0.000000,2.000000,3.500000,9.625000,0
2025-11-19T12:00:00Z,120.100000,146.600000,2.000000,2.000000,2.000000,3.000000,0.000000,2.625000,8.000000,0
2025-11-19T15:00:00Z,120.100000,146.600000,2.000000,2.000000,2.000000,2.000000,3.000000,1.750000,7.375000,0
2025-11-19T18:00:00Z,120.100000,146.600000,2.000000,4.000000,2.000000,2.000000,2.000000,1.250000,6.375000,0
2025-11-19T21:00:00Z,120.100000,146.600000,2.000000,2.000000,4.000000,2.000000,2.000000,1.250000,6.125000,0
2025-11-20T00:00:00Z,122.500000,147.300000,6.000000,2.000000,2.000000,4.000000,2.000000,1.500000,5.250000,0
2025-11-20T03:00:00Z,122.500000,147.300000,6.000000,6.000000,2.000000,2.000000,4.000000,1.750000,4.875000,0
2025-11-20T06:00:00Z,122.500000,147.300000,6.000000,4.000000,6.000000,2.000000,2.000000,2.250000,4.000000,0
2025-11-20T09:00:00Z,122.500000,147.300000,6.000000,4.000000,4.000000,6.000000,2.000000,2.125000,3.500000,0
2025-11-20T12:00:00Z,122.500000,147.300000,6.000000,2.000000,4.000000,4.000000,6.000000,2.125000,2.625000,0
2025-11-20T15:00:00Z,122.500000,147.300000,6.000000,7.000000,2.000000,4.000000,4.000000,2.875000,1.750000,0
2025-11-20T18:00:00Z,122.500000,147.300000,6.000000,12.000000,7.000000,2.000000,4.000000,3.000000,1.250000,0
2025-11-20T21:00:00Z,122.500000,147.300000,6.000000,15.000000,12.000000,7.000000,2.000000,3.250000,1.250000,0
2025-11-21T00:00:00Z,121.400000,147.800000,7.000000,12.000000,15.000000,12.000000,7.000000,3.250000,1.500000,0
2025-11-21T03:00:00Z,121.400000,147.800000,7.000000,12.000000,12.000000,15.000000,12.000000,3.875000,1.750000,0
2025-11-21T06:00:00Z,121.400000,147.800000,7.000000,3.000000,12.000000,12.000000,15.000000,4.875000,2.250000,0
2025-11-21T09:00:00Z,121.400000,147.800000,7.000000,5.000000,3.000000,12.000000,12.000000,6.500000,2.125000,0
2025-11-21T12:00:00Z,121.400000,147.800000,7.000000,6.000000,5.000000,3.000000,12.000000,7.750000,2.125000,0
2025-11-21T15:00:00Z,121.400000,147.800000,7.000000,7.000000,6.000000,5.000000,3.000000,8.500000,2.875000,0
2025-11-21T18:00:00Z,121.400000,147.800000,7.000000,7.000000,7.000000,6.000000,5.000000,8.375000,3.000000,0
2025-11-21T21:00:00Z,121.400000,147.800000,7.000000,5.000000,7.000000,7.000000,6.000000,8.500000,3.250000,0
2025-11-22T00:00:00Z,121.200000,148.100000,5.000000,7.000000,5.000000,7.000000,7.000000,9.000000,3.250000,0
2025-11-22T03:00:00Z,121.200000,148.100000,5.000000,4.000000,7.000000,5.000000,7.000000,9.000000,3.875000,0
2025-11-22T06:00:00Z,121.200000,148.100000,5.000000,3.000000,4.000000,7.000000,5.000000,8.375000,4.875000,0
2025-11-22T09:00:00Z,121.200000,148.100000,5.000000,2.000000,3.000000,4.000000,7.000000,7.125000,6.500000,0
2025-11-22T12:00:00Z,121.200000,148.100000,5.000000,4.000000,2.000000,3.000000,4.000000,6.500000,7.750000,0
2025-11-22T15:00:00Z,121.200000,148.100000,5.000000,3.000000,4.000000,2.000000,3.000000,5.500000,8.500000,0
2025-11-22T18:00:00Z,121.200000,148.100000,5.000000,6.000000,3.000000,4.000000,2.000000,5.500000,8.375000,0
2025-11-22T21:00:00Z,121.200000,148.100000,5.000000,9.000000,6.000000,3.000000,4.000000,5.125000,8.500000,0
2025-11-23T00:00:00Z,119.300000,148.400000,11.000000,12.000000,9.000000,6.000000,3.000000,4.875000,9.000000,0
2025-11-23T03:00:00Z,119.300000,148.400000,11.000000,6.000000,12.000000,9.000000,6.000000,4.375000,9.000000,0
2025-11-23T06:00:00Z,119.300000,148.400000,11.000000,6.000000,6.000000,12.000000,9.000000,4.250000,8.375000,0
2025-11-23T09:00:00Z,119.300000,148.400000,11.000000,9.000000,6.000000,6.000000,12.000000,4.750000,7.125000,0
2025-11-23T12:00:00Z,119.300000,148.400000,11.000000,15.000000,9.000000,6.000000,6.000000,5.375000,6.500000,0
2025-11-23T15:00:00Z,119.300000,148.400000,11.000000,22.000000,15.000000,9.000000,6.000000,5.625000,5.500000,0
2025-11-23T18:00:00Z,119.300000,148.400000,11.000000,12.000000,22.000000,15.000000,9.000000,6.000000,5.500000,0
2025-11-23T21:00:00Z,119.300000,148.400000,11.000000,9.000000,12.000000,22.000000,15.000000,6.875000,5.125000,0
2025-11-24T00:00:00Z,119.600000,148.600000,20.000000,15.000000,9.000000,12.000000,22.000000,8.250000,4.875000,0
2025-11-24T03:00:00Z,119.600000,148.600000,20.000000,15.000000,15.000000,9.000000,12.000000,10.625000,4.375000,0
2025-11-24T06:00:00Z,119.600000,148.600000,20.000000,18.000000,15.000000,15.000000,9.000000,11.375000,4.250000,0
2025-11-24T09:00:00Z,119.600000,148.600000,20.000000,18.000000,18.000000,15.000000,15.000000,11.375000,4.750000,0
2025-11-24T12:00:00Z,119.600000,148.600000,20.000000,39.000000,18.000000,18.000000,15.000000,11.750000,5.375000,0
2025-11-24T15:00:00Z,119.600000,148.600000,20.000000,22.000000,39.000000,18.000000,18.000000,12.875000,5.625000,0
2025-11-24T18:00:00Z,119.600000,148.600000,20.000000,18.000000,22.000000,39.000000,18.000000,14.375000,6.000000,0
2025-11-24T21:00:00Z,119.600000,148.600000,20.000000,18.000000,18.000000,22.000000,39.000000,15.500000,6.875000,0
2025-11-25T00:00:00Z,116.200000,148.500000,29.000000,39.000000,18.000000,18.000000,22.000000,18.500000,8.250000,0
2025-11-25T03:00:00Z,116.200000,148.500000,29.000000,39.000000,39.000000,18.000000,18.000000,18.500000,10.625000,0
2025-11-25T06:00:00Z,116.200000,148.500000,29.000000,32.000000,39.000000,39.000000,18.000000,19.250000,11.375000,0
2025-11-25T09:00:00Z,116.200000,148.500000,29.000000,27.000000,32.000000,39.000000,39.000000,20.375000,11.375000,0
2025-11-25T12:00:00Z,116.200000,148.500000,29.000000,27.000000,27.000000,32.000000,39.000000,23.375000,11.750000,0
2025-11-25T15:00:00Z,116.200000,148.500000,29.000000,27.000000,27.000000,27.000000,32.000000,26.375000,12.875000,0
2025-11-25T18:00:00Z,116.200000,148.500000,29.000000,27.000000,27.000000,27.000000,27.000000,28.125000,14.375000,0
2025-11-25T21:00:00Z,116.200000,148.500000,29.000000,12.000000,27.000000,27.000000,27.000000,29.250000,15.500000,0
2025-11-26T00:00:00Z,116.900000,148.400000,23.000000,12.000000,12.000000,27.000000,27.000000,27.750000,18.500000,0
2025-11-26T03:00:00Z,116.900000,148.400000,23.000000,27.000000,12.000000,12.000000,27.000000,28.375000,18.500000,0
2025-11-26T06:00:00Z,116.900000,148.400000,23.000000,32.000000,27.000000,12.000000,12.000000,29.500000,19.250000,0
2025-11-26T09:00:00Z,116.900000,148.400000,23.000000,18.000000,32.000000,27.000000,12.000000,28.750000,20.375000,0
2025-11-26T12:00:00Z,116.900000,148.400000,23.000000,27.000000,18.000000,32.000000,27.000000,25.375000,23.375000,0
2025-11-26T15:00:00Z,116.900000,148.400000,23.000000,32.000000,27.000000,18.000000,32.000000,23.875000,26.375000,0
2025-11-26T18:00:00Z,116.900000,148.400000,23.000000,18.000000,32.000000,27.000000,18.000000,23.875000,28.125000,0
2025-11-26T21:00:00Z,116.900000,148.400000,23.000000,15.000000,18.000000,32.000000,27.000000,22.750000,29.250000,0
2025-11-27T00:00:00Z,120.800000,148.200000,25.000000,12.000000,15.000000,18.000000,32.000000,22.750000,27.750000,0
2025-11-27T03:00:00Z,120.800000,148.200000,25.000000,18.000000,12.000000,15.000000,18.000000,23.375000,28.375000,0
2025-11-27T06:00:00Z,120.800000,148.200000,25.000000,27.000000,18.000000,12.000000,15.000000,22.250000,29.500000,0
2025-11-27T09:00:00Z,120.800000,148.200000,25.000000,32.000000,27.000000,18.000000,12.000000,22.625000,28.750000,0
2025-11-27T12:00:00Z,120.800000,148.200000,25.000000,27.000000,32.000000,27.000000,18.000000,22.625000,25.375000,0
2025-11-27T15:00:00Z,120.800000,148.200000,25.000000,22.000000,27.000000,32.000000,27.000000,21.500000,23.875000,0
2025-11-27T18:00:00Z,120.800000,148.200000,25.000000,32.000000,22.000000,27.000000,32.000000,20.875000,23.875000,0
2025-11-27T21:00:00Z,120.800000,148.200000,25.000000,32.000000,32.000000,22.000000,27.000000,22.625000,22.750000,0
2025-11-28T00:00:00Z,120.900000,147.900000,20.000000,18.000000,32.000000,32.000000,22.000000,22.625000,22.750000,0
2025-11-28T03:00:00Z,120.900000,147.900000,20.000000,15.000000,18.000000,32.000000,32.000000,21.375000,23.375000,0
2025-11-28T06:00:00Z,120.900000,147.900000,20.000000,22.000000,15.000000,18.000000,32.000000,23.125000,22.250000,0
2025-11-28T09:00:00Z,120.900000,147.900000,20.000000,27.000000,22.000000,15.000000,18.000000,25.250000,22.625000,0
2025-11-28T12:00:00Z,120.900000,147.900000,20.000000,22.000000,27.000000,22.000000,15.000000,26.000000,22.625000,0
2025-11-28T15:00:00Z,120.900000,147.900000,20.000000,22.000000,22.000000,27.000000,22.000000,25.625000,21.500000,0
2025-11-28T18:00:00Z,120.900000,147.900000,20.000000,18.000000,22.000000,22.000000,27.000000,25.000000,20.875000,0
2025-11-28T21:00:00Z,120.900000,147.900000,20.000000,12.000000,18.000000,22.000000,22.000000,24.375000,22.625000,0
2025-11-29T00:00:00Z,138.200000,147.800000,19.000000,9.000000,12.000000,18.000000,22.000000,23.750000,22.625000,0
2025-11-29T03:00:00Z,138.200000,147.800000,19.000000,18.000000,9.000000,12.000000,18.000000,23.750000,21.375000,0
2025-11-29T06:00:00Z,138.200000,147.800000,19.000000,22.000000,18.000000,9.000000,12.000000,22.000000,23.125000,0
2025-11-29T09:00:00Z,138.200000,147.800000,19.000000,18.000000,22.000000,18.000000,9.000000,19.500000,25.250000,0
2025-11-29T12:00:00Z,138.200000,147.800000,19.000000,27.000000,18.000000,22.000000,18.000000,18.375000,26.000000,0
2025-11-29T15:00:00Z,138.200000,147.800000,19.000000,27.000000,27.000000,18.000000,22.000000,18.750000,25.625000,0
2025-11-29T18:00:00Z,138.200000,147.800000,19.000000,15.000000,27.000000,27.000000,18.000000,18.750000,25.000000,0
2025-11-29T21:00:00Z,138.200000,147.800000,19.000000,15.000000,15.000000,27.000000,27.000000,17.625000,24.375000,0
2025-11-30T00:00:00Z,170.700000,147.500000,14.000000,22.000000,15.000000,15.000000,27.000000,18.250000,23.750000,0
2025-11-30T03:00:00Z,170.700000,147.500000,14.000000,27.000000,22.000000,15.000000,15.000000,18.875000,23.750000,0
2025-11-30T06:00:00Z,170.700000,147.500000,14.000000,9.000000,27.000000,22.000000,15.000000,18.500000,22.000000,0
2025-11-30T09:00:00Z,170.700000,147.500000,14.000000,15.000000,9.000000,27.000000,22.000000,18.875000,19.500000,0
2025-11-30T12:00:00Z,170.700000,147.500000,14.000000,5.000000,15.000000,9.000000,27.000000,20.500000,18.375000,0
2025-11-30T15:00:00Z,170.700000,147.500000,14.000000,9.000000,5.000000,15.000000,9.000000,21.625000,18.750000,0
2025-11-30T18:00:00Z,170.700000,147.500000,14.000000,15.000000,9.000000,5.000000,15.000000,20.000000,18.750000,0
2025-11-30T21:00:00Z,170.700000,147.500000,14.000000,12.000000,15.000000,9.000000,5.000000,19.625000,17.625000,0
2025-12-01T00:00:00Z,180.400000,147.300000,9.000000,22.000000,12.000000,15.000000,9.000000,16.875000,18.250000,0
2025-12-01T03:00:00Z,180.400000,147.300000,9.000000,3.000000,22.000000,12.000000,15.000000,14.625000,18.875000,0
2025-12-01T06:00:00Z,180.400000,147.300000,9.000000,6.000000,3.000000,22.000000,12.000000,14.625000,18.500000,0
2025-12-01T09:00:00Z,180.400000,147.300000,9.000000,6.000000,6.000000,3.000000,22.000000,14.250000,18.875000,0
2025-12-01T12:00:00Z,180.400000,147.300000,9.000000,7.000000,6.000000,6.000000,3.000000,14.250000,20.500000,0
2025-12-01T15:00:00Z,180.400000,147.300000,9.000000,15.000000,7.000000,6.000000,6.000000,11.250000,21.625000,0
2025-12-01T18:00:00Z,180.400000,147.300000,9.000000,7.000000,15.000000,7.000000,6.000000,10.875000,20.000000,0
2025-12-01T21:00:00Z,180.400000,147.300000,9.000000,5.000000,7.000000,15.000000,7.000000,9.750000,19.625000,0
2025-12-02T00:00:00Z,196.700000,147.000000,7.000000,7.000000,5.000000,7.000000,15.000000,10.000000,16.875000,0
2025-12-02T03:00:00Z,196.700000,147.000000,7.000000,12.000000,7.000000,5.000000,7.000000,10.750000,14.625000,0
2025-12-02T06:00:00Z,196.700000,147.000000,7.000000,3.000000,12.000000,7.000000,5.000000,9.750000,14.625000,0
2025-12-02T09:00:00Z,196.700000,147.000000,7.000000,6.000000,3.000000,12.000000,7.000000,8.875000,14.250000,0
2025-12-02T12:00:00Z,196.700000,147.000000,7.000000,4.000000,6.000000,3.000000,12.000000,7.000000,14.250000,0
2025-12-02T15:00:00Z,196.700000,147.000000,7.000000,7.000000,4.000000,6.000000,3.000000,8.125000,11.250000,0
2025-12-02T18:00:00Z,196.700000,147.000000,7.000000,12.000000,7.000000,4.000000,6.000000,7.750000,10.875000,0
2025-12-02T21:00:00Z,196.700000,147.000000,7.000000,7.000000,12.000000,7.000000,4.000000,7.750000,9.750000,0
2025-12-03T00:00:00Z,200.900000,146.800000,31.000000,4.000000,7.000000,12.000000,7.000000,7.375000,10.000000,0
2025-12-03T03:00:00Z,200.900000,146.800000,31.000000,9.000000,4.000000,7.000000,12.000000,6.375000,10.750000,0
2025-12-03T06:00:00Z,200.900000,146.800000,31.000000,6.000000,9.000000,4.000000,7.000000,7.000000,9.750000,0
2025-12-03T09:00:00Z,200.900000,146.800000,31.000000,12.000000,6.000000,9.000000,4.000000,7.250000,8.875000,0
2025-12-03T12:00:00Z,200.900000,146.800000,31.000000,27.000000,12.000000,6.000000,9.000000,6.875000,7.000000,0
2025-12-03T15:00:00Z,200.900000,146.800000,31.000000,32.000000,27.000000,12.000000,6.000000,6.500000,8.125000,0
2025-12-03T18:00:00Z,200.900000,146.800000,31.000000,111.000000,32.000000,27.000000,12.000000,6.875000,7.750000,0
2025-12-03T21:00:00Z,200.900000,146.800000,31.000000,48.000000,111.000000,32.000000,27.000000,7.625000,7.750000,0
2025-12-04T00:00:00Z,209.500000,146.600000,32.000000,48.000000,48.000000,111.000000,32.000000,10.500000,7.375000,0
2025-12-04T03:00:00Z,209.500000,146.600000,32.000000,48.000000,48.000000,48.000000,111.000000,13.625000,6.375000,0
2025-12-04T06:00:00Z,209.500000,146.600000,32.000000,39.000000,48.000000,48.000000,48.000000,26.000000,7.000000,0
2025-12-04T09:00:00Z,209.500000,146.600000,32.000000,32.000000,39.000000,48.000000,48.000000,31.125000,7.250000,0
2025-12-04T12:00:00Z,209.500000,146.600000,32.000000,27.000000,32.000000,39.000000,48.000000,36.625000,6.875000,0
2025-12-04T15:00:00Z,209.500000,146.600000,32.000000,27.000000,27.000000,32.000000,39.000000,41.500000,6.500000,0
2025-12-04T18:00:00Z,209.500000,146.600000,32.000000,22.000000,27.000000,27.000000,32.000000,45.625000,6.875000,0
2025-12-04T21:00:00Z,209.500000,146.600000,32.000000,15.000000,22.000000,27.000000,27.000000,48.125000,7.625000,0
2025-12-05T00:00:00Z,219.900000,146.600000,14.000000,15.000000,15.000000,22.000000,27.000000,48.125000,10.500000,0
2025-12-05T03:00:00Z,219.900000,146.600000,14.000000,18.000000,15.000000,15.000000,22.000000,47.500000,13.625000,0
2025-12-05T06:00:00Z,219.900000,146.600000,14.000000,18.000000,18.000000,15.000000,15.000000,36.375000,26.000000,0
2025-12-05T09:00:00Z,219.900000,146.600000,14.000000,12.000000,18.000000,18.000000,15.000000,32.250000,31.125000,0
2025-12-05T12:00:00Z,219.900000,146.600000,14.000000,9.000000,12.000000,18.000000,18.000000,28.125000,36.625000,0
2025-12-05T15:00:00Z,219.900000,146.600000,14.000000,9.000000,9.000000,12.000000,18.000000,24.375000,41.500000,0
2025-12-05T18:00:00Z,219.900000,146.600000,14.000000,18.000000,9.000000,9.000000,12.000000,21.750000,45.625000,0
2025-12-05T21:00:00Z,219.900000,146.600000,14.000000,12.000000,18.000000,9.000000,9.000000,19.250000,48.125000,0
2025-12-06T00:00:00Z,206.100000,146.800000,14.000000,18.000000,12.000000,18.000000,9.000000,17.000000,48.125000,0
2025-12-06T03:00:00Z,206.100000,146.800000,14.000000,22.000000,18.000000,12.000000,18.000000,14.750000,47.500000,0
2025-12-06T06:00:00Z,206.100000,146.800000,14.000000,27.000000,22.000000,18.000000,12.000000,14.250000,36.375000,0
2025-12-06T09:00:00Z,206.100000,146.800000,14.000000,15.000000,27.000000,22.000000,18.000000,13.875000,32.250000,0
2025-12-06T12:00:00Z,206.100000,146.800000,14.000000,12.000000,15.000000,27.000000,22.000000,14.250000,28.125000,0
2025-12-06T15:00:00Z,206.100000,146.800000,14.000000,9.000000,12.000000,15.000000,27.000000,14.750000,24.375000,0
2025-12-06T18:00:00Z,206.100000,146.800000,14.000000,7.000000,9.000000,12.000000,15.000000,15.875000,21.750000,0
2025-12-06T21:00:00Z,206.100000,146.800000,14.000000,6.000000,7.000000,9.000000,12.000000,16.250000,19.250000,0
2025-12-07T00:00:00Z,199.900000,147.100000,7.000000,9.000000,6.000000,7.000000,9.000000,16.625000,17.000000,0
2025-12-07T03:00:00Z,199.900000,147.100000,7.000000,18.000000,9.000000,6.000000,7.000000,16.625000,14.750000,0
2025-12-07T06:00:00Z,199.900000,147.100000,7.000000,15.000000,18.000000,9.000000,6.000000,15.250000,14.250000,0
2025-12-07T09:00:00Z,199.900000,147.100000,7.000000,9.000000,15.000000,18.000000,9.000000,14.500000,13.875000,0
2025-12-07T12:00:00Z,199.900000,147.100000,7.000000,5.000000,9.000000,15.000000,18.000000,13.375000,14.250000,0
2025-12-07T15:00:00Z,199.900000,147.100000,7.000000,0.000000,5.000000,9.000000,15.000000,12.875000,14.750000,0
2025-12-07T18:00:00Z,199.900000,147.100000,7.000000,0.000000,0.000000,5.000000,9.000000,11.375000,15.875000,0
2025-12-07T21:00:00Z,199.900000,147.100000,7.000000,0.000000,0.000000,0.000000,5.000000,10.625000,16.250000,0
2025-12-08T00:00:00Z,194.400000,147.600000,1.000000,0.000000,0.000000,0.000000,0.000000,9.750000,16.625000,0
2025-12-08T03:00:00Z,194.400000,147.600000,1.000000,2.000000,0.000000,0.000000,0.000000,8.625000,16.625000,0
2025-12-08T06:00:00Z,194.400000,147.600000,1.000000,0.000000,2.000000,0.000000,0.000000,7.750000,15.250000,0
2025-12-08T09:00:00Z,194.400000,147.600000,1.000000,0.000000,0.000000,2.000000,0.000000,7.000000,14.500000,0
2025-12-08T12:00:00Z,194.400000,147.600000,1.000000,0.000000,0.000000,0.000000,2.000000,5.875000,13.375000,0
2025-12-08T15:00:00Z,194.400000,147.600000,1.000000,0.000000,0.000000,0.000000,0.000000,3.875000,12.875000,0
2025-12-08T18:00:00Z,194.400000,147.600000,1.000000,4.000000,0.000000,0.000000,0.000000,2.000000,11.375000,0
2025-12-08T21:00:00Z,194.400000,147.600000,1.000000,2.000000,4.000000,0.000000,0.000000,0.875000,10.625000,0
2025-12-09T00:00:00Z,186.200000,149.000000,4.000000,3.000000,2.000000,4.000000,0.000000,0.250000,9.750000,0
2025-12-09T03:00:00Z,186.200000,149.000000,4.000000,0.000000,3.000000,2.000000,4.000000,0.250000,8.625000,0
2025-12-09T06:00:00Z,186.200000,149.000000,4.000000,3.000000,0.000000,3.000000,2.000000,0.750000,7.750000,0
2025-12-09T09:00:00Z,186.200000,149.000000,4.000000,3.000000,3.000000,0.000000,3.000000,1.000000,7.000000,0
2025-12-09T12:00:00Z,186.200000,149.000000,4.000000,5.000000,3.000000,3.000000,0.000000,1.375000,5.875000,0
2025-12-09T15:00:00Z,186.200000,149.000000,4.000000,5.000000,5.000000,3.000000,3.000000,1.125000,3.875000,0
2025-12-09T18:00:00Z,186.200000,149.000000,4.000000,5.000000,5.000000,5.000000,3.000000,1.500000,2.000000,0
2025-12-09T21:00:00Z,186.200000,149.000000,4.000000,4.000000,5.000000,5.000000,5.000000,1.875000,0.875000,0
2025-12-10T00:00:00Z,183.700000,149.600000,19.000000,7.000000,4.000000,5.000000,5.000000,2.500000,0.250000,0
2025-12-10T03:00:00Z,183.700000,149.600000,19.000000,9.000000,7.000000,4.000000,5.000000,3.125000,0.250000,0
2025-12-10T06:00:00Z,183.700000,149.600000,19.000000,18.000000,9.000000,7.000000,4.000000,3.250000,0.750000,0
2025-12-10T09:00:00Z,183.700000,149.600000,19.000000,5.000000,18.000000,9.000000,7.000000,3.500000,1.000000,0
2025-12-10T12:00:00Z,183.700000,149.600000,19.000000,7.000000,5.000000,18.000000,9.000000,4.000000,1.375000,0
2025-12-10T15:00:00Z,183.700000,149.600000,19.000000,9.000000,7.000000,5.000000,18.000000,5.125000,1.125000,0
2025-12-10T18:00:00Z,183.700000,149.600000,19.000000,15.000000,9.000000,7.000000,5.000000,7.000000,1.500000,0
2025-12-10T21:00:00Z,183.700000,149.600000,19.000000,80.000000,15.000000,9.000000,7.000000,7.250000,1.875000,0
2025-12-11T00:00:00Z,168.500000,150.300000,27.000000,80.000000,80.000000,15.000000,9.000000,7.500000,2.500000,0
2025-12-11T03:00:00Z,168.500000,150.300000,27.000000,39.000000,80.000000,80.000000,15.000000,8.000000,3.125000,0
2025-12-11T06:00:00Z,168.500000,150.300000,27.000000,9.000000,39.000000,80.000000,80.000000,9.250000,3.250000,0
2025-12-11T09:00:00Z,168.500000,150.300000,27.000000,7.000000,9.000000,39.000000,80.000000,18.750000,3.500000,0
2025-12-11T12:00:00Z,168.500000,150.300000,27.000000,7.000000,7.000000,9.000000,39.000000,27.875000,4.000000,0
2025-12-11T15:00:00Z,168.500000,150.300000,27.000000,22.000000,7.000000,7.000000,9.000000,31.625000,5.125000,0
2025-12-11T18:00:00Z,168.500000,150.300000,27.000000,39.000000,22.000000,7.000000,7.000000,30.500000,7.000000,0
2025-12-11T21:00:00Z,168.500000,150.300000,27.000000,15.000000,39.000000,22.000000,7.000000,30.750000,7.250000,0
2025-12-12T00:00:00Z,146.900000,151.200000,27.000000,27.000000,15.000000,39.000000,22.000000,30.750000,7.500000,0
2025-12-12T03:00:00Z,146.900000,151.200000,27.000000,27.000000,27.000000,15.000000,39.000000,32.375000,8.000000,0
2025-12-12T06:00:00Z,146.900000,151.200000,27.000000,15.000000,27.000000,27.000000,15.000000,35.375000,9.250000,0
2025-12-12T09:00:00Z,146.900000,151.200000,27.000000,18.000000,15.000000,27.000000,27.000000,27.250000,18.750000,0
2025-12-12T12:00:00Z,146.900000,151.200000,27.000000,15.000000,18.000000,15.000000,27.000000,20.625000,27.875000,0
2025-12-12T15:00:00Z,146.900000,151.200000,27.000000,27.000000,15.000000,18.000000,15.000000,19.125000,31.625000,0
2025-12-12T18:00:00Z,146.900000,151.200000,27.000000,48.000000,27.000000,15.000000,18.000000,19.875000,30.500000,0
2025-12-12T21:00:00Z,146.900000,151.200000,27.000000,39.000000,48.000000,27.000000,15.000000,21.250000,30.750000,0
2025-12-13T00:00:00Z,134.500000,152.100000,14.000000,39.000000,39.000000,48.000000,27.000000,22.250000,30.750000,0
2025-12-13T03:00:00Z,134.500000,152.100000,14.000000,9.000000,39.000000,39.000000,48.000000,22.875000,32.375000,0
2025-12-13T06:00:00Z,134.500000,152.100000,14.000000,7.000000,9.000000,39.000000,39.000000,24.000000,35.375000,0
2025-12-13T09:00:00Z,134.500000,152.100000,14.000000,9.000000,7.000000,9.000000,39.000000,27.000000,27.250000,0
2025-12-13T12:00:00Z,134.500000,152.100000,14.000000,9.000000,9.000000,7.000000,9.000000,28.500000,20.625000,0
2025-12-13T15:00:00Z,134.500000,152.100000,14.000000,9.000000,9.000000,9.000000,7.000000,26.250000,19.125000,0
2025-12-13T18:00:00Z,134.500000,152.100000,14.000000,18.000000,9.000000,9.000000,9.000000,25.250000,19.875000,0
2025-12-13T21:00:00Z,134.500000,152.100000,14.000000,9.000000,18.000000,9.000000,9.000000,24.125000,21.250000,0
2025-12-14T00:00:00Z,122.100000,152.600000,6.000000,12.000000,9.000000,18.000000,9.000000,23.375000,22.250000,0
2025-12-14T03:00:00Z,122.100000,152.600000,6.000000,7.000000,12.000000,9.000000,18.000000,21.125000,22.875000,0
2025-12-14T06:00:00Z,122.100000,152.600000,6.000000,4.000000,7.000000,12.000000,9.000000,17.375000,24.000000,0
2025-12-14T09:00:00Z,122.100000,152.600000,6.000000,6.000000,4.000000,7.000000,12.000000,13.625000,27.000000,0
2025-12-14T12:00:00Z,122.100000,152.600000,6.000000,4.000000,6.000000,4.000000,7.000000,10.250000,28.500000,0
2025-12-14T15:00:00Z,122.100000,152.600000,6.000000,4.000000,4.000000,6.000000,4.000000,10.000000,26.250000,0
2025-12-14T18:00:00Z,122.100000,152.600000,6.000000,5.000000,4.000000,4.000000,6.000000,9.625000,25.250000,0
2025-12-14T21:00:00Z,122.100000,152.600000,6.000000,3.000000,5.000000,4.000000,4.000000,9.250000,24.125000,0
2025-12-15T00:00:00Z,118.800000,152.800000,5.000000,3.000000,3.000000,5.000000,4.000000,8.625000,23.375000,0
2025-12-15T03:00:00Z,118.800000,152.800000,5.000000,2.000000,3.000000,3.000000,5.000000,8.000000,21.125000,0
2025-12-15T06:00:00Z,118.800000,152.800000,5.000000,4.000000,2.000000,3.000000,3.000000,6.375000,17.375000,0
2025-12-15T09:00:00Z,118.800000,152.800000,5.000000,5.000000,4.000000,2.000000,3.000000,5.625000,13.625000,0
2025-12-15T12:00:00Z,118.800000,152.800000,5.000000,15.000000,5.000000,4.000000,2.000000,4.500000,10.250000,0
2025-12-15T15:00:00Z,118.800000,152.800000,5.000000,5.000000,15.000000,5.000000,4.000000,3.875000,10.000000,0
2025-12-15T18:00:00Z,118.800000,152.800000,5.000000,2.000000,5.000000,15.000000,5.000000,3.875000,9.625000,0
2025-12-15T21:00:00Z,118.800000,152.800000,5.000000,5.000000,2.000000,5.000000,15.000000,3.750000,9.250000,0
2025-12-16T00:00:00Z,118.300000,153.000000,10.000000,15.000000,5.000000,2.000000,5.000000,5.125000,8.625000,0
2025-12-16T03:00:00Z,118.300000,153.000000,10.000000,9.000000,15.000000,5.000000,2.000000,5.250000,8.000000,0
2025-12-16T06:00:00Z,118.300000,153.000000,10.000000,6.000000,9.000000,15.000000,5.000000,4.875000,6.375000,0
2025-12-16T09:00:00Z,118.300000,153.000000,10.000000,7.000000,6.000000,9.000000,15.000000,5.125000,5.625000,0
2025-12-16T12:00:00Z,118.300000,153.000000,10.000000,9.000000,7.000000,6.000000,9.000000,6.625000,4.500000,0
2025-12-16T15:00:00Z,118.300000,153.000000,10.000000,15.000000,9.000000,7.000000,6.000000,7.500000,3.875000,0
2025-12-16T18:00:00Z,118.300000,153.000000,10.000000,9.000000,15.000000,9.000000,7.000000,7.750000,3.875000,0
2025-12-16T21:00:00Z,118.300000,153.000000,10.000000,12.000000,9.000000,15.000000,9.000000,8.000000,3.750000,0
2025-12-17T00:00:00Z,116.700000,152.900000,17.000000,9.000000,12.000000,9.000000,15.000000,7.250000,5.125000,0
2025-12-17T03:00:00Z,116.700000,152.900000,17.000000,15.000000,9.000000,12.000000,9.000000,8.500000,5.250000,0
2025-12-17T06:00:00Z,116.700000,152.900000,17.000000,12.000000,15.000000,9.000000,12.000000,9.375000,4.875000,0
2025-12-17T09:00:00Z,116.700000,152.900000,17.000000,9.000000,12.000000,15.000000,9.000000,10.250000,5.125000,0
2025-12-17T12:00:00Z,116.700000,152.900000,17.000000,12.000000,9.000000,12.000000,15.000000,9.500000,6.625000,0
2025-12-17T15:00:00Z,116.700000,152.900000,17.000000,12.000000,12.000000,9.000000,12.000000,10.250000,7.500000,0
2025-12-17T18:00:00Z,116.700000,152.900000,17.000000,27.000000,12.000000,12.000000,9.000000,11.000000,7.750000,0
2025-12-17T21:00:00Z,116.700000,152.900000,17.000000,39.000000,27.000000,12.000000,12.000000,11.250000,8.000000,0
2025-12-18T00:00:00Z,118.500000,152.600000,17.000000,32.000000,39.000000,27.000000,12.000000,11.625000,7.250000,0
2025-12-18T03:00:00Z,118.500000,152.600000,17.000000,12.000000,32.000000,39.000000,27.000000,11.250000,8.500000,0
2025-12-18T06:00:00Z,118.500000,152.600000,17.000000,22.000000,12.000000,32.000000,39.000000,13.500000,9.375000,0
2025-12-18T09:00:00Z,118.500000,152.600000,17.000000,18.000000,22.000000,12.000000,32.000000,16.875000,10.250000,0
2025-12-18T12:00:00Z,118.500000,152.600000,17.000000,7.000000,18.000000,22.000000,12.000000,19.750000,9.500000,0
2025-12-18T15:00:00Z,118.500000,152.600000,17.000000,15.000000,7.000000,18.000000,22.000000,19.375000,10.250000,0
2025-12-18T18:00:00Z,118.500000,152.600000,17.000000,15.000000,15.000000,7.000000,18.000000,20.625000,11.000000,0
2025-12-18T21:00:00Z,118.500000,152.600000,17.000000,12.000000,15.000000,15.000000,7.000000,21.750000,11.250000,0
2025-12-19T00:00:00Z,115.900000,152.100000,6.000000,9.000000,12.000000,15.000000,15.000000,21.125000,11.625000,0
2025-12-19T03:00:00Z,115.900000,152.100000,6.000000,7.000000,9.000000,12.000000,15.000000,21.500000,11.250000,0
2025-12-19T06:00:00Z,115.900000,152.100000,6.000000,5.000000,7.000000,9.000000,12.000000,20.000000,13.500000,0
2025-12-19T09:00:00Z,115.900000,152.100000,6.000000,3.000000,5.000000,7.000000,9.000000,16.625000,16.875000,0
2025-12-19T12:00:00Z,115.900000,152.100000,6.000000,4.000000,3.000000,5.000000,7.000000,13.750000,19.750000,0
2025-12-19T15:00:00Z,115.900000,152.100000,6.000000,6.000000,4.000000,3.000000,5.000000,13.125000,19.375000,0
2025-12-19T18:00:00Z,115.900000,152.100000,6.000000,7.000000,6.000000,4.000000,3.000000,11.000000,20.625000,0
2025-12-19T21:00:00Z,115.900000,152.100000,6.000000,6.000000,7.000000,6.000000,4.000000,9.125000,21.750000,0
2025-12-20T00:00:00Z,118.200000,151.500000,6.000000,7.000000,6.000000,7.000000,6.000000,8.750000,21.125000,0
2025-12-20T03:00:00Z,118.200000,151.500000,6.000000,3.000000,7.000000,6.000000,7.000000,7.625000,21.500000,0
2025-12-20T06:00:00Z,118.200000,151.500000,6.000000,5.000000,3.000000,7.000000,6.000000,6.625000,20.000000,0
2025-12-20T09:00:00Z,118.200000,151.500000,6.000000,4.000000,5.000000,3.000000,7.000000,5.875000,16.625000,0
2025-12-20T12:00:00Z,118.200000,151.500000,6.000000,6.000000,4.000000,5.000000,3.000000,5.625000,13.750000,0
2025-12-20T15:00:00Z,118.200000,151.500000,6.000000,7.000000,6.000000,4.000000,5.000000,5.125000,13.125000,0
2025-12-20T18:00:00Z,118.200000,151.500000,6.000000,6.000000,7.000000,6.000000,4.000000,5.125000,11.000000,0
2025-12-20T21:00:00Z,118.200000,151.500000,6.000000,6.000000,6.000000,7.000000,6.000000,5.250000,9.125000,0
2025-12-21T00:00:00Z,119.500000,150.900000,25.000000,18.000000,6.000000,6.000000,7.000000,5.500000,8.750000,0
2025-12-21T03:00:00Z,119.500000,150.900000,25.000000,12.000000,18.000000,6.000000,6.000000,5.625000,7.625000,0
2025-12-21T06:00:00Z,119.500000,150.900000,25.000000,15.000000,12.000000,18.000000,6.000000,5.500000,6.625000,0
2025-12-21T09:00:00Z,119.500000,150.900000,25.000000,22.000000,15.000000,12.000000,18.000000,5.500000,5.875000,0
2025-12-21T12:00:00Z,119.500000,150.900000,25.000000,39.000000,22.000000,15.000000,12.000000,6.875000,5.625000,0
2025-12-21T15:00:00Z,119.500000,150.900000,25.000000,39.000000,39.000000,22.000000,15.000000,8.000000,5.125000,0
2025-12-21T18:00:00Z,119.500000,150.900000,25.000000,18.000000,39.000000,39.000000,22.000000,9.250000,5.125000,0
2025-12-21T21:00:00Z,119.500000,150.900000,25.000000,39.000000,18.000000,39.000000,39.000000,11.500000,5.250000,0
2025-12-22T00:00:00Z,123.900000,150.600000,23.000000,18.000000,39.000000,18.000000,39.000000,15.625000,5.500000,0
2025-12-22T03:00:00Z,123.900000,150.600000,23.000000,18.000000,18.000000,39.000000,18.000000,19.625000,5.625000,0
2025-12-22T06:00:00Z,123.900000,150.600000,23.000000,18.000000,18.000000,18.000000,39.000000,21.125000,5.500000,0
2025-12-22T09:00:00Z,123.900000,150.600000,23.000000,15.000000,18.000000,18.000000,18.000000,25.250000,5.500000,0
2025-12-22T12:00:00Z,123.900000,150.600000,23.000000,39.000000,15.000000,18.000000,18.000000,25.250000,6.875000,0
2025-12-22T15:00:00Z,123.900000,150.600000,23.000000,22.000000,39.000000,15.000000,18.000000,26.000000,8.000000,0
2025-12-22T18:00:00Z,123.900000,150.600000,23.000000,22.000000,22.000000,39.000000,15.000000,26.375000,9.250000,0
2025-12-22T21:00:00Z,123.900000,150.600000,23.000000,32.000000,22.000000,22.000000,39.000000,25.500000,11.500000,0
2025-12-23T00:00:00Z,133.300000,150.500000,20.000000,15.000000,32.000000,22.000000,22.000000,25.500000,15.625000,0
2025-12-23T03:00:00Z,133.300000,150.500000,20.000000,22.000000,15.000000,32.000000,22.000000,23.375000,19.625000,0
2025-12-23T06:00:00Z,133.300000,150.500000,20.000000,18.000000,22.000000,15.000000,32.000000,23.875000,21.125000,0
2025-12-23T09:00:00Z,133.300000,150.500000,20.000000,18.000000,18.000000,22.000000,15.000000,23.000000,25.250000,0
2025-12-23T12:00:00Z,133.300000,150.500000,20.000000,18.000000,18.000000,18.000000,22.000000,22.625000,25.250000,0
2025-12-23T15:00:00Z,133.300000,150.500000,20.000000,18.000000,18.000000,18.000000,18.000000,23.125000,26.000000,0
2025-12-23T18:00:00Z,133.300000,150.500000,20.000000,27.000000,18.000000,18.000000,18.000000,23.125000,26.375000,0
2025-12-23T21:00:00Z,133.300000,150.500000,20.000000,27.000000,27.000000,18.000000,18.000000,23.500000,25.500000,0
2025-12-24T00:00:00Z,141.600000,150.800000,20.000000,27.000000,27.000000,27.000000,18.000000,20.875000,25.500000,0
2025-12-24T03:00:00Z,141.600000,150.800000,20.000000,32.000000,27.000000,27.000000,27.000000,20.375000,23.375000,0
2025-12-24T06:00:00Z,141.600000,150.800000,20.000000,22.000000,32.000000,27.000000,27.000000,21.000000,23.875000,0
2025-12-24T09:00:00Z,141.600000,150.800000,20.000000,12.000000,22.000000,32.000000,27.000000,20.375000,23.000000,0
2025-12-24T12:00:00Z,141.600000,150.800000,20.000000,18.000000,12.000000,22.000000,32.000000,21.875000,22.625000,0
2025-12-24T15:00:00Z,141.600000,150.800000,20.000000,18.000000,18.000000,12.000000,22.000000,23.125000,23.125000,0
2025-12-24T18:00:00Z,141.600000,150.800000,20.000000,15.000000,18.000000,18.000000,12.000000,23.625000,23.125000,0
2025-12-24T21:00:00Z,141.600000,150.800000,20.000000,12.000000,15.000000,18.000000,18.000000,22.875000,23.500000,0
2025-12-25T00:00:00Z,134.200000,151.200000,10.000000,15.000000,12.000000,15.000000,18.000000,22.875000,20.875000,0
2025-12-25T03:00:00Z,134.200000,151.200000,10.000000,15.000000,15.000000,12.000000,15.000000,22.875000,20.375000,0
2025-12-25T06:00:00Z,134.200000,151.200000,10.000000,15.000000,15.000000,15.000000,12.000000,21.375000,21.000000,0
2025-12-25T09:00:00Z,134.200000,151.200000,10.000000,7.000000,15.000000,15.000000,15.000000,19.500000,20.375000,0
2025-12-25T12:00:00Z,134.200000,151.200000,10.000000,9.000000,7.000000,15.000000,15.000000,18.000000,21.875000,0
2025-12-25T15:00:00Z,134.200000,151.200000,10.000000,9.000000,9.000000,7.000000,15.000000,15.875000,23.125000,0
2025-12-25T18:00:00Z,134.200000,151.200000,10.000000,5.000000,9.000000,9.000000,7.000000,15.000000,23.625000,0
2025-12-25T21:00:00Z,134.200000,151.200000,10.000000,6.000000,5.000000,9.000000,9.000000,14.375000,22.875000,0
2025-12-26T00:00:00Z,162.500000,151.600000,8.000000,5.000000,6.000000,5.000000,9.000000,13.250000,22.875000,0
2025-12-26T03:00:00Z,162.500000,151.600000,8.000000,9.000000,5.000000,6.000000,5.000000,12.125000,22.875000,0
2025-12-26T06:00:00Z,162.500000,151.600000,8.000000,7.000000,9.000000,5.000000,6.000000,10.875000,21.375000,0
2025-12-26T09:00:00Z,162.500000,151.600000,8.000000,7.000000,7.000000,9.000000,5.000000,10.125000,19.500000,0
2025-12-26T12:00:00Z,162.500000,151.600000,8.000000,9.000000,7.000000,7.000000,9.000000,8.875000,18.000000,0
2025-12-26T15:00:00Z,162.500000,151.600000,8.000000,18.000000,9.000000,7.000000,7.000000,8.125000,15.875000,0
2025-12-26T18:00:00Z,162.500000,151.600000,8.000000,3.000000,18.000000,9.000000,7.000000,7.125000,15.000000,0
2025-12-26T21:00:00Z,162.500000,151.600000,8.000000,4.000000,3.000000,18.000000,9.000000,7.125000,14.375000,0
2025-12-27T00:00:00Z,166.400000,152.100000,6.000000,4.000000,4.000000,3.000000,18.000000,7.125000,13.250000,0
2025-12-27T03:00:00Z,166.400000,152.100000,6.000000,12.000000,4.000000,4.000000,3.000000,8.250000,12.125000,0
2025-12-27T06:00:00Z,166.400000,152.100000,6.000000,6.000000,12.000000,4.000000,4.000000,8.000000,10.875000,0
2025-12-27T09:00:00Z,166.400000,152.100000,6.000000,6.000000,6.000000,12.000000,4.000000,7.750000,10.125000,0
2025-12-27T12:00:00Z,166.400000,152.100000,6.000000,4.000000,6.000000,6.000000,12.000000,7.625000,8.875000,0
2025-12-27T15:00:00Z,166.400000,152.100000,6.000000,4.000000,4.000000,6.000000,6.000000,8.000000,8.125000,0
2025-12-27T18:00:00Z,166.400000,152.100000,6.000000,9.000000,4.000000,4.000000,6.000000,7.875000,7.125000,0
2025-12-27T21:00:00Z,166.400000,152.100000,6.000000,6.000000,9.000000,4.000000,4.000000,7.750000,7.125000,0
2025-12-28T00:00:00Z,177.700000,152.600000,7.000000,7.000000,6.000000,9.000000,4.000000,7.125000,7.125000,0
2025-12-28T03:00:00Z,177.700000,152.600000,7.000000,3.000000,7.000000,6.000000,9.000000,5.375000,8.250000,0
2025-12-28T06:00:00Z,177.700000,152.600000,7.000000,3.000000,3.000000,7.000000,6.000000,6.125000,8.000000,0
2025-12-28T09:00:00Z,177.700000,152.600000,7.000000,7.000000,3.000000,3.000000,7.000000,6.375000,7.750000,0
2025-12-28T12:00:00Z,177.700000,152.600000,7.000000,7.000000,7.000000,3.000000,3.000000,6.750000,7.625000,0
2025-12-28T15:00:00Z,177.700000,152.600000,7.000000,12.000000,7.000000,7.000000,3.000000,5.625000,8.000000,0
2025-12-28T18:00:00Z,177.700000,152.600000,7.000000,9.000000,12.000000,7.000000,7.000000,5.250000,7.875000,0
2025-12-28T21:00:00Z,177.700000,152.600000,7.000000,7.000000,9.000000,12.000000,7.000000,5.375000,7.750000,0
2025-12-29T00:00:00Z,187.700000,153.200000,8.000000,15.000000,7.000000,9.000000,12.000000,5.750000,7.125000,0
2025-12-29T03:00:00Z,187.700000,153.200000,8.000000,12.000000,15.000000,7.000000,9.000000,6.750000,5.375000,0
2025-12-29T06:00:00Z,187.700000,153.200000,8.000000,9.000000,12.000000,15.000000,7.000000,6.750000,6.125000,0
2025-12-29T09:00:00Z,187.700000,153.200000,8.000000,9.000000,9.000000,12.000000,15.000000,6.875000,6.375000,0
2025-12-29T12:00:00Z,187.700000,153.200000,8.000000,7.000000,9.000000,9.000000,12.000000,7.875000,6.750000,0
2025-12-29T15:00:00Z,187.700000,153.200000,8.000000,4.000000,7.000000,9.000000,9.000000,9.000000,5.625000,0
2025-12-29T18:00:00Z,187.700000,153.200000,8.000000,2.000000,4.000000,7.000000,9.000000,9.750000,5.250000,0
2025-12-29T21:00:00Z,187.700000,153.200000,8.000000,7.000000,2.000000,4.000000,7.000000,10.000000,5.375000,0
2025-12-30T00:00:00Z,195.800000,153.800000,8.000000,5.000000,7.000000,2.000000,4.000000,10.000000,5.750000,0
2025-12-30T03:00:00Z,195.800000,153.800000,8.000000,6.000000,5.000000,7.000000,2.000000,9.000000,6.750000,0
2025-12-30T06:00:00Z,195.800000,153.800000,8.000000,6.000000,6.000000,5.000000,7.000000,8.125000,6.750000,0
2025-12-30T09:00:00Z,195.800000,153.800000,8.000000,5.000000,6.000000,6.000000,5.000000,8.125000,6.875000,0
2025-12-30T12:00:00Z,195.800000,153.800000,8.000000,15.000000,5.000000,6.000000,6.000000,6.875000,7.875000,0
2025-12-30T15:00:00Z,195.800000,153.800000,8.000000,12.000000,15.000000,5.000000,6.000000,6.125000,9.000000,0
2025-12-30T18:00:00Z,195.800000,153.800000,8.000000,7.000000,12.000000,15.000000,5.000000,5.750000,9.750000,0
2025-12-30T21:00:00Z,195.800000,153.800000,8.000000,4.000000,7.000000,12.000000,15.000000,5.250000,10.000000,0
2025-12-31T00:00:00Z,182.100000,154.100000,7.000000,7.000000,4.000000,7.000000,12.000000,6.250000,10.000000,0
2025-12-31T03:00:00Z,182.100000,154.100000,7.000000,5.000000,7.000000,4.000000,7.000000,7.250000,9.000000,0
2025-12-31T06:00:00Z,182.100000,154.100000,7.000000,7.000000,5.000000,7.000000,4.000000,7.875000,8.125000,0
2025-12-31T09:00:00Z,182.100000,154.100000,7.000000,6.000000,7.000000,5.000000,7.000000,7.500000,8.125000,0
2025-12-31T12:00:00Z,182.100000,154.100000,7.000000,18.000000,6.000000,7.000000,5.000000,7.750000,6.875000,0
2025-12-31T15:00:00Z,182.100000,154.100000,7.000000,5.000000,18.000000,6.000000,7.000000,7.625000,6.125000,0
2025-12-31T18:00:00Z,182.100000,154.100000,7.000000,4.000000,5.000000,18.000000,6.000000,7.750000,5.750000,0
2025-12-31T21:00:00Z,182.100000,154.100000,7.000000,4.000000,4.000000,5.000000,18.000000,7.875000,5.250000,0
2026-01-01T00:00:00Z,170.500000,154.300000,11.000000,7.000000,4.000000,4.000000,5.000000,8.250000,6.250000,0
2026-01-01T03:00:00Z,170.500000,154.300000,11.000000,15.000000,7.000000,4.000000,4.000000,7.375000,7.250000,0
2026-01-01T06:00:00Z,170.500000,154.300000,11.000000,9.000000,15.000000,7.000000,4.000000,7.000000,7.875000,0
2026-01-01T09:00:00Z,170.500000,154.300000,11.000000,12.000000,9.000000,15.000000,7.000000,7.000000,7.500000,0
2026-01-01T12:00:00Z,170.500000,154.300000,11.000000,15.000000,12.000000,9.000000,15.000000,7.000000,7.750000,0
2026-01-01T15:00:00Z,170.500000,154.300000,11.000000,9.000000,15.000000,12.000000,9.000000,8.250000,7.625000,0
2026-01-01T18:00:00Z,170.500000,154.300000,11.000000,9.000000,9.000000,15.000000,12.000000,8.500000,7.750000,0
2026-01-01T21:00:00Z,170.500000,154.300000,11.000000,12.000000,9.000000,9.000000,15.000000,9.250000,7.875000,0
2026-01-02T00:00:00Z,169.200000,154.500000,23.000000,12.000000,12.000000,9.000000,9.000000,8.875000,8.250000,0
2026-01-02T03:00:00Z,169.200000,154.500000,23.000000,27.000000,12.000000,12.000000,9.000000,9.375000,7.375000,0
2026-01-02T06:00:00Z,169.200000,154.500000,23.000000,15.000000,27.000000,12.000000,12.000000,10.000000,7.000000,0
2026-01-02T09:00:00Z,169.200000,154.500000,23.000000,12.000000,15.000000,27.000000,12.000000,11.000000,7.000000,0
2026-01-02T12:00:00Z,169.200000,154.500000,23.000000,22.000000,12.000000,15.000000,27.000000,11.625000,7.000000,0
2026-01-02T15:00:00Z,169.200000,154.500000,23.000000,18.000000,22.000000,12.000000,15.000000,13.125000,8.250000,0
2026-01-02T18:00:00Z,169.200000,154.500000,23.000000,48.000000,18.000000,22.000000,12.000000,13.875000,8.500000,0
2026-01-02T21:00:00Z,169.200000,154.500000,23.000000,32.000000,48.000000,18.000000,22.000000,13.875000,9.250000,0
2026-01-03T00:00:00Z,166.000000,154.600000,10.000000,15.000000,32.000000,48.000000,18.000000,14.750000,8.875000,0
2026-01-03T03:00:00Z,166.000000,154.600000,10.000000,15.000000,15.000000,32.000000,48.000000,15.875000,9.375000,0
2026-01-03T06:00:00Z,166.000000,154.600000,10.000000,7.000000,15.000000,15.000000,32.000000,20.750000,10.000000,0
2026-01-03T09:00:00Z,166.000000,154.600000,10.000000,6.000000,7.000000,15.000000,15.000000,23.250000,11.000000,0
2026-01-03T12:00:00Z,166.000000,154.600000,10.000000,15.000000,6.000000,7.000000,15.000000,23.625000,11.625000,0
2026-01-03T15:00:00Z,166.000000,154.600000,10.000000,9.000000,15.000000,6.000000,7.000000,22.125000,13.125000,0
2026-01-03T18:00:00Z,166.000000,154.600000,10.000000,9.000000,9.000000,15.000000,6.000000,21.125000,13.875000,0
2026-01-03T21:00:00Z,166.000000,154.600000,10.000000,4.000000,9.000000,9.000000,15.000000,20.375000,13.875000,0
2026-01-04T00:00:00Z,165.200000,154.600000,4.000000,0.000000,4.000000,9.000000,9.000000,19.500000,14.750000,0
2026-01-04T03:00:00Z,165.200000,154.600000,4.000000,0.000000,0.000000,4.000000,9.000000,18.375000,15.875000,0
2026-01-04T06:00:00Z,165.200000,154.600000,4.000000,0.000000,0.000000,0.000000,4.000000,13.500000,20.750000,0
2026-01-04T09:00:00Z,165.200000,154.600000,4.000000,3.000000,0.000000,0.000000,0.000000,10.000000,23.250000,0
2026-01-04T12:00:00Z,165.200000,154.600000,4.000000,2.000000,3.000000,0.000000,0.000000,8.125000,23.625000,0
2026-01-04T15:00:00Z,165.200000,154.600000,4.000000,3.000000,2.000000,3.000000,0.000000,6.250000,22.125000,0
2026-01-04T18:00:00Z,165.200000,154.600000,4.000000,7.000000,3.000000,2.000000,3.000000,5.375000,21.125000,0
2026-01-04T21:00:00Z,165.200000,154.600000,4.000000,15.000000,7.000000,3.000000,2.000000,5.000000,20.375000,0
2026-01-05T00:00:00Z,157.400000,154.600000,14.000000,15.000000,15.000000,7.000000,3.000000,3.375000,19.500000,0
2026-01-05T03:00:00Z,157.400000,154.600000,14.000000,27.000000,15.000000,15.000000,7.000000,2.625000,18.375000,0
2026-01-05T06:00:00Z,157.400000,154.600000,14.000000,32.000000,27.000000,15.000000,15.000000,2.375000,13.500000,0
2026-01-05T09:00:00Z,157.400000,154.600000,14.000000,12.000000,32.000000,27.000000,15.000000,3.750000,10.000000,0
2026-01-05T12:00:00Z,157.400000,154.600000,14.000000,12.000000,12.000000,32.000000,27.000000,5.625000,8.125000,0
2026-01-05T15:00:00Z,157.400000,154.600000,14.000000,3.000000,12.000000,12.000000,32.000000,9.000000,6.250000,0
2026-01-05T18:00:00Z,157.400000,154.600000,14.000000,2.000000,3.000000,12.000000,12.000000,13.000000,5.375000,0
2026-01-05T21:00:00Z,157.400000,154.600000,14.000000,5.000000,2.000000,3.000000,12.000000,14.125000,5.000000,0
2026-01-06T00:00:00Z,154.300000,154.500000,4.000000,3.000000,5.000000,2.000000,3.000000,15.375000,3.375000,0
2026-01-06T03:00:00Z,154.300000,154.500000,4.000000,3.000000,3.000000,5.000000,2.000000,15.375000,2.625000,0
2026-01-06T06:00:00Z,154.300000,154.500000,4.000000,4.000000,3.000000,3.000000,5.000000,14.750000,2.375000,0
2026-01-06T09:00:00Z,154.300000,154.500000,4.000000,7.000000,4.000000,3.000000,3.000000,13.500000,3.750000,0
2026-01-06T12:00:00Z,154.300000,154.500000,4.000000,9.000000,7.000000,4.000000,3.000000,12.000000,5.625000,0
2026-01-06T15:00:00Z,154.300000,154.500000,4.000000,3.000000,9.000000,7.000000,4.000000,9.000000,9.000000,0
2026-01-06T18:00:00Z,154.300000,154.500000,4.000000,2.000000,3.000000,9.000000,7.000000,5.500000,13.000000,0
2026-01-06T21:00:00Z,154.300000,154.500000,4.000000,0.000000,2.000000,3.000000,9.000000,4.875000,14.125000,0
2026-01-07T00:00:00Z,144.500000,154.500000,4.000000,0.000000,0.000000,2.000000,3.000000,4.500000,15.375000,0
2026-01-07T03:00:00Z,144.500000,154.500000,4.000000,3.000000,0.000000,0.000000,2.000000,4.500000,15.375000,0
2026-01-07T06:00:00Z,144.500000,154.500000,4.000000,0.000000,3.000000,0.000000,0.000000,4.500000,14.750000,0
2026-01-07T09:00:00Z,144.500000,154.500000,4.000000,2.000000,0.000000,3.000000,0.000000,3.875000,13.500000,0
2026-01-07T12:00:00Z,144.500000,154.500000,4.000000,3.000000,2.000000,0.000000,3.000000,3.500000,12.000000,0
2026-01-07T15:00:00Z,144.500000,154.500000,4.000000,4.000000,3.000000,2.000000,0.000000,3.500000,9.000000,0
2026-01-07T18:00:00Z,144.500000,154.500000,4.000000,9.000000,4.000000,3.000000,2.000000,3.000000,5.500000,0
2026-01-07T21:00:00Z,144.500000,154.500000,4.000000,7.000000,9.000000,4.000000,3.000000,2.375000,4.875000,0
2026-01-08T00:00:00Z,135.000000,154.300000,13.000000,27.000000,7.000000,9.000000,4.000000,1.625000,4.500000,0
2026-01-08T03:00:00Z,135.000000,154.300000,13.000000,18.000000,27.000000,7.000000,9.000000,1.750000,4.500000,0
2026-01-08T06:00:00Z,135.000000,154.300000,13.000000,22.000000,18.000000,27.000000,7.000000,2.625000,4.500000,0
2026-01-08T09:00:00Z,135.000000,154.300000,13.000000,7.000000,22.000000,18.000000,27.000000,3.500000,3.875000,0
2026-01-08T12:00:00Z,135.000000,154.300000,13.000000,4.000000,7.000000,22.000000,18.000000,6.875000,3.500000,0
2026-01-08T15:00:00Z,135.000000,154.300000,13.000000,4.000000,4.000000,7.000000,22.000000,8.750000,3.500000,0
2026-01-08T18:00:00Z,135.000000,154.300000,13.000000,7.000000,4.000000,4.000000,7.000000,11.500000,3.000000,0
2026-01-08T21:00:00Z,135.000000,154.300000,13.000000,15.000000,7.000000,4.000000,4.000000,12.125000,2.375000,0
2026-01-09T00:00:00Z,140.200000,153.700000,11.000000,18.000000,15.000000,7.000000,4.000000,12.250000,1.625000,0
2026-01-09T03:00:00Z,140.200000,153.700000,11.000000,15.000000,18.000000,15.000000,7.000000,12.250000,1.750000,0
2026-01-09T06:00:00Z,140.200000,153.700000,11.000000,7.000000,15.000000,18.000000,15.000000,12.000000,2.625000,0
2026-01-09T09:00:00Z,140.200000,153.700000,11.000000,7.000000,7.000000,15.000000,18.000000,13.000000,3.500000,0
2026-01-09T12:00:00Z,140.200000,153.700000,11.000000,6.000000,7.000000,7.000000,15.000000,11.875000,6.875000,0
2026-01-09T15:00:00Z,140.200000,153.700000,11.000000,12.000000,6.000000,7.000000,7.000000,11.500000,8.750000,0
2026-01-09T18:00:00Z,140.200000,153.700000,11.000000,15.000000,12.000000,6.000000,7.000000,9.625000,11.500000,0
2026-01-09T21:00:00Z,140.200000,153.700000,11.000000,6.000000,15.000000,12.000000,6.000000,9.625000,12.125000,0
2026-01-10T00:00:00Z,116.800000,152.900000,31.000000,7.000000,6.000000,15.000000,12.000000,9.875000,12.250000,0
2026-01-10T03:00:00Z,116.800000,152.900000,31.000000,15.000000,7.000000,6.000000,15.000000,10.875000,12.250000,0
2026-01-10T06:00:00Z,116.800000,152.900000,31.000000,18.000000,15.000000,7.000000,6.000000,11.875000,12.000000,0
2026-01-10T09:00:00Z,116.800000,152.900000,31.000000,15.000000,18.000000,15.000000,7.000000,10.750000,13.000000,0
2026-01-10T12:00:00Z,116.800000,152.900000,31.000000,39.000000,15.000000,18.000000,15.000000,9.375000,11.875000,0
2026-01-10T15:00:00Z,116.800000,152.900000,31.000000,18.000000,39.000000,15.000000,18.000000,9.375000,11.500000,0
2026-01-10T18:00:00Z,116.800000,152.900000,31.000000,67.000000,18.000000,39.000000,15.000000,10.750000,9.625000,0
2026-01-10T21:00:00Z,116.800000,152.900000,31.000000,67.000000,67.000000,18.000000,39.000000,11.750000,9.625000,0
2026-01-11T00:00:00Z,114.200000,151.800000,28.000000,32.000000,67.000000,67.000000,18.000000,15.875000,9.875000,0
2026-01-11T03:00:00Z,114.200000,151.800000,28.000000,12.000000,32.000000,67.000000,67.000000,16.625000,10.875000,0
2026-01-11T06:00:00Z,114.200000,151.800000,28.000000,15.000000,12.000000,32.000000,67.000000,23.125000,11.875000,0
2026-01-11T09:00:00Z,114.200000,151.800000,28.000000,9.000000,15.000000,12.000000,32.000000,30.750000,10.750000,0
2026-01-11T12:00:00Z,114.200000,151.800000,28.000000,27.000000,9.000000,15.000000,12.000000,33.875000,9.375000,0
2026-01-11T15:00:00Z,114.200000,151.800000,28.000000,48.000000,27.000000,9.000000,15.000000,33.500000,9.375000,0
2026-01-11T18:00:00Z,114.200000,151.800000,28.000000,56.000000,48.000000,27.000000,9.000000,33.125000,10.750000,0
2026-01-11T21:00:00Z,114.200000,151.800000,28.000000,27.000000,56.000000,48.000000,27.000000,32.375000,11.750000,0
2026-01-12T00:00:00Z,110.600000,150.700000,17.000000,15.000000,27.000000,56.000000,48.000000,30.875000,15.875000,0
2026-01-12T03:00:00Z,110.600000,150.700000,17.000000,27.000000,15.000000,27.000000,56.000000,34.625000,16.625000,0
2026-01-12T06:00:00Z,110.600000,150.700000,17.000000,22.000000,27.000000,15.000000,27.000000,33.250000,23.125000,0
2026-01-12T09:00:00Z,110.600000,150.700000,17.000000,12.000000,22.000000,27.000000,15.000000,28.250000,30.750000,0
2026-01-12T12:00:00Z,110.600000,150.700000,17.000000,6.000000,12.000000,22.000000,27.000000,26.125000,33.875000,0
2026-01-12T15:00:00Z,110.600000,150.700000,17.000000,7.000000,6.000000,12.000000,22.000000,28.000000,33.500000,0
2026-01-12T18:00:00Z,110.600000,150.700000,17.000000,15.000000,7.000000,6.000000,12.000000,28.875000,33.125000,0
2026-01-12T21:00:00Z,110.600000,150.700000,17.000000,32.000000,15.000000,7.000000,6.000000,29.250000,32.375000,0
2026-01-13T00:00:00Z,112.900000,149.500000,8.000000,18.000000,32.000000,15.000000,7.000000,26.625000,30.875000,0
2026-01-13T03:00:00Z,112.900000,149.500000,8.000000,12.000000,18.000000,32.000000,15.000000,21.500000,34.625000,0
2026-01-13T06:00:00Z,112.900000,149.500000,8.000000,6.000000,12.000000,18.000000,32.000000,16.375000,33.250000,0
2026-01-13T09:00:00Z,112.900000,149.500000,8.000000,7.000000,6.000000,12.000000,18.000000,17.000000,28.250000,0
2026-01-13T12:00:00Z,112.900000,149.500000,8.000000,2.000000,7.000000,6.000000,12.000000,17.375000,26.125000,0
2026-01-13T15:00:00Z,112.900000,149.500000,8.000000,4.000000,2.000000,7.000000,6.000000,15.500000,28.000000,0
2026-01-13T18:00:00Z,112.900000,149.500000,8.000000,9.000000,4.000000,2.000000,7.000000,13.500000,28.875000,0
2026-01-13T21:00:00Z,112.900000,149.500000,8.000000,7.000000,9.000000,4.000000,2.000000,12.875000,29.250000,0
2026-01-14T00:00:00Z,116.600000,148.100000,6.000000,6.000000,7.000000,9.000000,4.000000,12.375000,26.625000,0
2026-01-14T03:00:00Z,116.600000,148.100000,6.000000,7.000000,6.000000,7.000000,9.000000,12.000000,21.500000,0
2026-01-14T06:00:00Z,116.600000,148.100000,6.000000,3.000000,7.000000,6.000000,7.000000,11.250000,16.375000,0
2026-01-14T09:00:00Z,116.600000,148.100000,6.000000,3.000000,3.000000,7.000000,6.000000,8.125000,17.000000,0
2026-01-14T12:00:00Z,116.600000,148.100000,6.000000,7.000000,3.000000,3.000000,7.000000,6.625000,17.375000,0
2026-01-14T15:00:00Z,116.600000,148.100000,6.000000,5.000000,7.000000,3.000000,3.000000,6.000000,15.500000,0
2026-01-14T18:00:00Z,116.600000,148.100000,6.000000,6.000000,5.000000,7.000000,3.000000,5.625000,13.500000,0
2026-01-14T21:00:00Z,116.600000,148.100000,6.000000,12.000000,6.000000,5.000000,7.000000,5.125000,12.875000,0
2026-01-15T00:00:00Z,126.500000,147.000000,10.000000,12.000000,12.000000,6.000000,5.000000,5.750000,12.375000,0
2026-01-15T03:00:00Z,126.500000,147.000000,10.000000,7.000000,12.000000,12.000000,6.000000,5.875000,12.000000,0
2026-01-15T06:00:00Z,126.500000,147.000000,10.000000,12.000000,7.000000,12.000000,12.000000,5.500000,11.250000,0
2026-01-15T09:00:00Z,126.500000,147.000000,10.000000,9.000000,12.000000,7.000000,12.000000,6.125000,8.125000,0
2026-01-15T12:00:00Z,126.500000,147.000000,10.000000,4.000000,9.000000,12.000000,7.000000,6.875000,6.625000,0
2026-01-15T15:00:00Z,126.500000,147.000000,10.000000,15.000000,4.000000,9.000000,12.000000,6.875000,6.000000,0
2026-01-15T18:00:00Z,126.500000,147.000000,10.000000,15.000000,15.000000,4.000000,9.000000,8.000000,5.625000,0
2026-01-15T21:00:00Z,126.500000,147.000000,10.000000,9.000000,15.000000,15.000000,4.000000,8.750000,5.125000,0
2026-01-16T00:00:00Z,139.300000,146.100000,25.000000,18.000000,9.000000,15.000000,15.000000,8.375000,5.750000,0
2026-01-16T03:00:00Z,139.300000,146.100000,25.000000,22.000000,18.000000,9.000000,15.000000,9.625000,5.875000,0
2026-01-16T06:00:00Z,139.300000,146.100000,25.000000,18.000000,22.000000,18.000000,9.000000,10.750000,5.500000,0
2026-01-16T09:00:00Z,139.300000,146.100000,25.000000,12.000000,18.000000,22.000000,18.000000,10.375000,6.125000,0
2026-01-16T12:00:00Z,139.300000,146.100000,25.000000,18.000000,12.000000,18.000000,22.000000,11.125000,6.875000,0
2026-01-16T15:00:00Z,139.300000,146.100000,25.000000,48.000000,18.000000,12.000000,18.000000,13.000000,6.875000,0
2026-01-16T18:00:00Z,139.300000,146.100000,25.000000,27.000000,48.000000,18.000000,12.000000,13.750000,8.000000,0
2026-01-16T21:00:00Z,139.300000,146.100000,25.000000,39.000000,27.000000,48.000000,18.000000,14.125000,8.750000,0
2026-01-17T00:00:00Z,147.500000,145.300000,24.000000,48.000000,39.000000,27.000000,48.000000,15.875000,8.375000,0
2026-01-17T03:00:00Z,147.500000,145.300000,24.000000,18.000000,48.000000,39.000000,27.000000,20.000000,9.625000,0
2026-01-17T06:00:00Z,147.500000,145.300000,24.000000,27.000000,18.000000,48.000000,39.000000,21.500000,10.750000,0
2026-01-17T09:00:00Z,147.500000,145.300000,24.000000,15.000000,27.000000,18.000000,48.000000,25.250000,10.375000,0
2026-01-17T12:00:00Z,147.500000,145.300000,24.000000,15.000000,15.000000,27.000000,18.000000,29.000000,11.125000,0
2026-01-17T15:00:00Z,147.500000,145.300000,24.000000,22.000000,15.000000,15.000000,27.000000,28.500000,13.000000,0
2026-01-17T18:00:00Z,147.500000,145.300000,24.000000,27.000000,22.000000,15.000000,15.000000,29.625000,13.750000,0
2026-01-17T21:00:00Z,147.500000,145.300000,24.000000,22.000000,27.000000,22.000000,15.000000,30.000000,14.125000,0
2026-01-18T00:00:00Z,159.200000,144.700000,14.000000,12.000000,22.000000,27.000000,22.000000,29.625000,15.875000,0
2026-01-18T03:00:00Z,159.200000,144.700000,14.000000,22.000000,12.000000,22.000000,27.000000,26.375000,20.000000,0
2026-01-18T06:00:00Z,159.200000,144.700000,14.000000,12.000000,22.000000,12.000000,22.000000,26.375000,21.500000,0
2026-01-18T09:00:00Z,159.200000,144.700000,14.000000,9.000000,12.000000,22.000000,12.000000,24.250000,25.250000,0
2026-01-18T12:00:00Z,159.200000,144.700000,14.000000,9.000000,9.000000,12.000000,22.000000,19.750000,29.000000,0
2026-01-18T15:00:00Z,159.200000,144.700000,14.000000,12.000000,9.000000,9.000000,12.000000,20.250000,28.500000,0
2026-01-18T18:00:00Z,159.200000,144.700000,14.000000,22.000000,12.000000,9.000000,9.000000,18.375000,29.625000,0
2026-01-18T21:00:00Z,159.200000,144.700000,14.000000,15.000000,22.000000,12.000000,9.000000,17.625000,30.000000,0
2026-01-19T00:00:00Z,231.800000,144.200000,73.000000,18.000000,15.000000,22.000000,12.000000,16.875000,29.625000,0
2026-01-19T03:00:00Z,231.800000,144.200000,73.000000,3.000000,18.000000,15.000000,22.000000,15.625000,26.375000,0
2026-01-19T06:00:00Z,231.800000,144.200000,73.000000,2.000000,3.000000,18.000000,15.000000,15.000000,26.375000,0
2026-01-19T09:00:00Z,231.800000,144.200000,73.000000,4.000000,2.000000,3.000000,18.000000,14.125000,24.250000,0
2026-01-19T12:00:00Z,231.800000,144.200000,73.000000,5.000000,4.000000,2.000000,3.000000,14.875000,19.750000,0
2026-01-19T15:00:00Z,231.800000,144.200000,73.000000,15.000000,5.000000,4.000000,2.000000,12.500000,20.250000,0
2026-01-19T18:00:00Z,231.800000,144.200000,73.000000,236.000000,15.000000,5.000000,4.000000,11.250000,18.375000,0
2026-01-19T21:00:00Z,231.800000,144.200000,73.000000,300.000000,236.000000,15.000000,5.000000,10.625000,17.625000,0
2026-01-20T00:00:00Z,173.400000,143.900000,144.000000,111.000000,300.000000,236.000000,15.000000,10.125000,16.875000,0
2026-01-20T03:00:00Z,173.400000,143.900000,144.000000,67.000000,111.000000,300.000000,236.000000,10.500000,15.625000,0
2026-01-20T06:00:00Z,173.400000,143.900000,144.000000,154.000000,67.000000,111.000000,300.000000,37.250000,15.000000,0
2026-01-20T09:00:00Z,173.400000,143.900000,144.000000,179.000000,154.000000,67.000000,111.000000,72.875000,14.125000,0
2026-01-20T12:00:00Z,173.400000,143.900000,144.000000,154.000000,179.000000,154.000000,67.000000,84.500000,14.875000,0
2026-01-20T15:00:00Z,173.400000,143.900000,144.000000,154.000000,154.000000,179.000000,154.000000,92.500000,12.500000,0
2026-01-20T18:00:00Z,173.400000,143.900000,144.000000,154.000000,154.000000,154.000000,179.000000,111.500000,11.250000,0
2026-01-20T21:00:00Z,173.400000,143.900000,144.000000,179.000000,154.000000,154.000000,154.000000,133.375000,10.625000,0
2026-01-21T00:00:00Z,177.600000,143.900000,72.000000,154.000000,179.000000,154.000000,154.000000,152.000000,10.125000,0
2026-01-21T03:00:00Z,177.600000,143.900000,72.000000,111.000000,154.000000,179.000000,154.000000,169.375000,10.500000,0
2026-01-21T06:00:00Z,177.600000,143.900000,72.000000,132.000000,111.000000,154.000000,179.000000,159.125000,37.250000,0
2026-01-21T09:00:00Z,177.600000,143.900000,72.000000,94.000000,132.000000,111.000000,154.000000,144.000000,72.875000,0
2026-01-21T12:00:00Z,177.600000,143.900000,72.000000,32.000000,94.000000,132.000000,111.000000,149.375000,84.500000,0
2026-01-21T15:00:00Z,177.600000,143.900000,72.000000,27.000000,32.000000,94.000000,132.000000,154.875000,92.500000,0
2026-01-21T18:00:00Z,177.600000,143.900000,72.000000,18.000000,27.000000,32.000000,94.000000,152.125000,111.500000,0
2026-01-21T21:00:00Z,177.600000,143.900000,72.000000,12.000000,18.000000,27.000000,32.000000,141.500000,133.375000,0
2026-01-22T00:00:00Z,188.000000,144.000000,17.000000,27.000000,12.000000,18.000000,27.000000,126.250000,152.000000,0
2026-01-22T03:00:00Z,188.000000,144.000000,17.000000,15.000000,27.000000,12.000000,18.000000,110.375000,169.375000,0
2026-01-22T06:00:00Z,188.000000,144.000000,17.000000,9.000000,15.000000,27.000000,12.000000,93.375000,159.125000,0
2026-01-22T09:00:00Z,188.000000,144.000000,17.000000,7.000000,9.000000,15.000000,27.000000,72.500000,144.000000,0
2026-01-22T12:00:00Z,188.000000,144.000000,17.000000,9.000000,7.000000,9.000000,15.000000,56.625000,149.375000,0
2026-01-22T15:00:00Z,188.000000,144.000000,17.000000,7.000000,9.000000,7.000000,9.000000,44.625000,154.875000,0
2026-01-22T18:00:00Z,188.000000,144.000000,17.000000,6.000000,7.000000,9.000000,7.000000,29.250000,152.125000,0
2026-01-22T21:00:00Z,188.000000,144.000000,17.000000,56.000000,6.000000,7.000000,9.000000,18.375000,141.500000,0
2026-01-23T00:00:00Z,194.400000,144.300000,27.000000,27.000000,56.000000,6.000000,7.000000,15.500000,126.250000,0
2026-01-23T03:00:00Z,194.400000,144.300000,27.000000,27.000000,27.000000,56.000000,6.000000,13.000000,110.375000,0
2026-01-23T06:00:00Z,194.400000,144.300000,27.000000,22.000000,27.000000,27.000000,56.000000,11.500000,93.375000,0
2026-01-23T09:00:00Z,194.400000,144.300000,27.000000,32.000000,22.000000,27.000000,27.000000,17.000000,72.500000,0
2026-01-23T12:00:00Z,194.400000,144.300000,27.000000,18.000000,32.000000,22.000000,27.000000,17.000000,56.625000,0
2026-01-23T15:00:00Z,194.400000,144.300000,27.000000,32.000000,18.000000,32.000000,22.000000,18.500000,44.625000,0
2026-01-23T18:00:00Z,194.400000,144.300000,27.000000,32.000000,32.000000,18.000000,32.000000,20.125000,29.250000,0
2026-01-23T21:00:00Z,194.400000,144.300000,27.000000,27.000000,32.000000,32.000000,18.000000,23.250000,18.375000,0
2026-01-24T00:00:00Z,179.500000,144.600000,16.000000,32.000000,27.000000,32.000000,32.000000,24.375000,15.500000,0
2026-01-24T03:00:00Z,179.500000,144.600000,16.000000,6.000000,32.000000,27.000000,32.000000,27.500000,13.000000,0
2026-01-24T06:00:00Z,179.500000,144.600000,16.000000,9.000000,6.000000,32.000000,27.000000,30.750000,11.500000,0
2026-01-24T09:00:00Z,179.500000,144.600000,16.000000,9.000000,9.000000,6.000000,32.000000,27.125000,17.000000,0
2026-01-24T12:00:00Z,179.500000,144.600000,16.000000,15.000000,9.000000,9.000000,6.000000,27.750000,17.000000,0
2026-01-24T15:00:00Z,179.500000,144.600000,16.000000,15.000000,15.000000,9.000000,9.000000,25.125000,18.500000,0
2026-01-24T18:00:00Z,179.500000,144.600000,16.000000,27.000000,15.000000,15.000000,9.000000,23.500000,20.125000,0
2026-01-24T21:00:00Z,179.500000,144.600000,16.000000,15.000000,27.000000,15.000000,15.000000,20.625000,23.250000,0
2026-01-25T00:00:00Z,173.500000,144.900000,14.000000,18.000000,15.000000,27.000000,15.000000,20.250000,24.375000,0
2026-01-25T03:00:00Z,173.500000,144.900000,14.000000,15.000000,18.000000,15.000000,27.000000,18.125000,27.500000,0
2026-01-25T06:00:00Z,173.500000,144.900000,14.000000,15.000000,15.000000,18.000000,15.000000,17.500000,30.750000,0
2026-01-25T09:00:00Z,173.500000,144.900000,14.000000,15.000000,15.000000,15.000000,18.000000,16.000000,27.125000,0
2026-01-25T12:00:00Z,173.500000,144.900000,14.000000,18.000000,15.000000,15.000000,15.000000,14.250000,27.750000,0
2026-01-25T15:00:00Z,173.500000,144.900000,14.000000,18.000000,18.000000,15.000000,15.000000,15.375000,25.125000,0
2026-01-25T18:00:00Z,173.500000,144.900000,14.000000,9.000000,18.000000,18.000000,15.000000,16.125000,23.500000,0
2026-01-25T21:00:00Z,173.500000,144.900000,14.000000,6.000000,9.000000,18.000000,18.000000,16.875000,20.625000,0
2026-01-26T00:00:00Z,164.500000,145.100000,10.000000,7.000000,6.000000,9.000000,18.000000,17.250000,20.250000,0
2026-01-26T03:00:00Z,164.500000,145.100000,10.000000,4.000000,7.000000,6.000000,9.000000,17.625000,18.125000,0
2026-01-26T06:00:00Z,164.500000,145.100000,10.000000,7.000000,4.000000,7.000000,6.000000,15.375000,17.500000,0
2026-01-26T09:00:00Z,164.500000,145.100000,10.000000,9.000000,7.000000,4.000000,7.000000,14.250000,16.000000,0
2026-01-26T12:00:00Z,164.500000,145.100000,10.000000,12.000000,9.000000,7.000000,4.000000,12.875000,14.250000,0
2026-01-26T15:00:00Z,164.500000,145.100000,10.000000,7.000000,12.000000,9.000000,7.000000,11.500000,15.375000,0
2026-01-26T18:00:00Z,164.500000,145.100000,10.000000,15.000000,7.000000,12.000000,9.000000,10.500000,16.125000,0
2026-01-26T21:00:00Z,164.500000,145.100000,10.000000,18.000000,15.000000,7.000000,12.000000,9.750000,16.875000,0
2026-01-27T00:00:00Z,152.700000,145.300000,9.000000,6.000000,18.000000,15.000000,7.000000,9.000000,17.250000,0
2026-01-27T03:00:00Z,152.700000,145.300000,9.000000,15.000000,6.000000,18.000000,15.000000,7.625000,17.625000,0
2026-01-27T06:00:00Z,152.700000,145.300000,9.000000,4.000000,15.000000,6.000000,18.000000,8.375000,15.375000,0
2026-01-27T09:00:00Z,152.700000,145.300000,9.000000,6.000000,4.000000,15.000000,6.000000,9.875000,14.250000,0
2026-01-27T12:00:00Z,152.700000,145.300000,9.000000,4.000000,6.000000,4.000000,15.000000,9.750000,12.875000,0
2026-01-27T15:00:00Z,152.700000,145.300000,9.000000,7.000000,4.000000,6.000000,4.000000,11.125000,11.500000,0
2026-01-27T18:00:00Z,152.700000,145.300000,9.000000,15.000000,7.000000,4.000000,6.000000,10.750000,10.500000,0
2026-01-27T21:00:00Z,152.700000,145.300000,9.000000,15.000000,15.000000,7.000000,4.000000,10.375000,9.750000,0
2026-01-28T00:00:00Z,143.700000,145.500000,23.000000,18.000000,15.000000,15.000000,7.000000,9.375000,9.000000,0
2026-01-28T03:00:00Z,143.700000,145.500000,23.000000,18.000000,18.000000,15.000000,15.000000,9.375000,7.625000,0
2026-01-28T06:00:00Z,143.700000,145.500000,23.000000,12.000000,18.000000,18.000000,15.000000,9.375000,8.375000,0
2026-01-28T09:00:00Z,143.700000,145.500000,23.000000,22.000000,12.000000,18.000000,18.000000,9.000000,9.875000,0
2026-01-28T12:00:00Z,143.700000,145.500000,23.000000,18.000000,22.000000,12.000000,18.000000,10.500000,9.750000,0
2026-01-28T15:00:00Z,143.700000,145.500000,23.000000,32.000000,18.000000,22.000000,12.000000,10.875000,11.125000,0
2026-01-28T18:00:00Z,143.700000,145.500000,23.000000,18.000000,32.000000,18.000000,22.000000,11.875000,10.750000,0
2026-01-28T21:00:00Z,143.700000,145.500000,23.000000,48.000000,18.000000,32.000000,18.000000,13.875000,10.375000,0
2026-01-29T00:00:00Z,133.100000,145.600000,21.000000,32.000000,48.000000,18.000000,32.000000,15.625000,9.375000,0
2026-01-29T03:00:00Z,133.100000,145.600000,21.000000,18.000000,32.000000,48.000000,18.000000,18.750000,9.375000,0
2026-01-29T06:00:00Z,133.100000,145.600000,21.000000,7.000000,18.000000,32.000000,48.000000,19.125000,9.375000,0
2026-01-29T09:00:00Z,133.100000,145.600000,21.000000,22.000000,7.000000,18.000000,32.000000,23.250000,9.000000,0
2026-01-29T12:00:00Z,133.100000,145.600000,21.000000,22.000000,22.000000,7.000000,18.000000,25.000000,10.500000,0
2026-01-29T15:00:00Z,133.100000,145.600000,21.000000,27.000000,22.000000,22.000000,7.000000,25.000000,10.875000,0
2026-01-29T18:00:00Z,133.100000,145.600000,21.000000,22.000000,27.000000,22.000000,22.000000,24.375000,11.875000,0
2026-01-29T21:00:00Z,133.100000,145.600000,21.000000,18.000000,22.000000,27.000000,22.000000,24.375000,13.875000,0
2026-01-30T00:00:00Z,128.700000,145.600000,9.000000,22.000000,18.000000,22.000000,27.000000,24.875000,15.625000,0
2026-01-30T03:00:00Z,128.700000,145.600000,9.000000,12.000000,22.000000,18.000000,22.000000,24.250000,18.750000,0
2026-01-30T06:00:00Z,128.700000,145.600000,9.000000,7.000000,12.000000,22.000000,18.000000,24.750000,19.125000,0
2026-01-30T09:00:00Z,128.700000,145.600000,9.000000,9.000000,7.000000,12.000000,22.000000,21.000000,23.250000,0
2026-01-30T12:00:00Z,128.700000,145.600000,9.000000,6.000000,9.000000,7.000000,12.000000,19.750000,25.000000,0
2026-01-30T15:00:00Z,128.700000,145.600000,9.000000,5.000000,6.000000,9.000000,7.000000,19.000000,25.000000,0
2026-01-30T18:00:00Z,128.700000,145.600000,9.000000,0.000000,5.000000,6.000000,9.000000,19.000000,24.375000,0
2026-01-30T21:00:00Z,128.700000,145.600000,9.000000,9.000000,0.000000,5.000000,6.000000,17.375000,24.375000,0
2026-01-31T00:00:00Z,127.500000,145.600000,4.000000,7.000000,9.000000,0.000000,5.000000,15.375000,24.875000,0
2026-01-31T03:00:00Z,127.500000,145.600000,4.000000,7.000000,7.000000,9.000000,0.000000,12.625000,24.250000,0
2026-01-31T06:00:00Z,127.500000,145.600000,4.000000,5.000000,7.000000,7.000000,9.000000,9.875000,24.750000,0
2026-01-31T09:00:00Z,127.500000,145.600000,4.000000,2.000000,5.000000,7.000000,7.000000,8.750000,21.000000,0
2026-01-31T12:00:00Z,127.500000,145.600000,4.000000,3.000000,2.000000,5.000000,7.000000,6.875000,19.750000,0
2026-01-31T15:00:00Z,127.500000,145.600000,4.000000,2.000000,3.000000,2.000000,5.000000,6.250000,19.000000,0
2026-01-31T18:00:00Z,127.500000,145.600000,4.000000,4.000000,2.000000,3.000000,2.000000,6.000000,19.000000,0
2026-01-31T21:00:00Z,127.500000,145.600000,4.000000,2.000000,4.000000,2.000000,3.000000,5.125000,17.375000,0
2026-02-01T00:00:00Z,140.500000,145.400000,3.000000,0.000000,2.000000,4.000000,2.000000,4.750000,15.375000,0
2026-02-01T03:00:00Z,140.500000,145.400000,3.000000,2.000000,0.000000,2.000000,4.000000,4.375000,12.625000,0
2026-02-01T06:00:00Z,140.500000,145.400000,3.000000,5.000000,2.000000,0.000000,2.000000,4.875000,9.875000,0
2026-02-01T09:00:00Z,140.500000,145.400000,3.000000,4.000000,5.000000,2.000000,0.000000,4.000000,8.750000,0
2026-02-01T12:00:00Z,140.500000,145.400000,3.000000,4.000000,4.000000,5.000000,2.000000,3.125000,6.875000,0
2026-02-01T15:00:00Z,140.500000,145.400000,3.000000,4.000000,4.000000,4.000000,5.000000,2.500000,6.250000,0
2026-02-01T18:00:00Z,140.500000,145.400000,3.000000,4.000000,4.000000,4.000000,4.000000,2.500000,6.000000,0
2026-02-01T21:00:00Z,140.500000,145.400000,3.000000,4.000000,4.000000,4.000000,4.000000,2.750000,5.125000,0
2026-02-02T00:00:00Z,161.500000,145.100000,5.000000,9.000000,4.000000,4.000000,4.000000,2.875000,4.750000,0
2026-02-02T03:00:00Z,161.500000,145.100000,5.000000,9.000000,9.000000,4.000000,4.000000,3.125000,4.375000,0
2026-02-02T06:00:00Z,161.500000,145.100000,5.000000,4.000000,9.000000,9.000000,4.000000,3.125000,4.875000,0
2026-02-02T09:00:00Z,161.500000,145.100000,5.000000,4.000000,4.000000,9.000000,9.000000,3.375000,4.000000,0
2026-02-02T12:00:00Z,161.500000,145.100000,5.000000,5.000000,4.000000,4.000000,9.000000,4.500000,3.125000,0
2026-02-02T15:00:00Z,161.500000,145.100000,5.000000,3.000000,5.000000,4.000000,4.000000,5.375000,2.500000,0
2026-02-02T18:00:00Z,161.500000,145.100000,5.000000,4.000000,3.000000,5.000000,4.000000,5.250000,2.500000,0
2026-02-02T21:00:00Z,161.500000,145.100000,5.000000,5.000000,4.000000,3.000000,5.000000,5.250000,2.750000,0
2026-02-03T00:00:00Z,173.800000,144.700000,4.000000,7.000000,5.000000,4.000000,3.000000,5.375000,2.875000,0
2026-02-03T03:00:00Z,173.800000,144.700000,4.000000,6.000000,7.000000,5.000000,4.000000,5.250000,3.125000,0
2026-02-03T06:00:00Z,173.800000,144.700000,4.000000,3.000000,6.000000,7.000000,5.000000,5.250000,3.125000,0
2026-02-03T09:00:00Z,173.800000,144.700000,4.000000,3.000000,3.000000,6.000000,7.000000,5.375000,3.375000,0
2026-02-03T12:00:00Z,173.800000,144.700000,4.000000,3.000000,3.000000,3.000000,6.000000,5.125000,4.500000,0
2026-02-03T15:00:00Z,173.800000,144.700000,4.000000,4.000000,3.000000,3.000000,3.000000,4.750000,5.375000,0
2026-02-03T18:00:00Z,173.800000,144.700000,4.000000,7.000000,4.000000,3.000000,3.000000,4.625000,5.250000,0
2026-02-03T21:00:00Z,173.800000,144.700000,4.000000,2.000000,7.000000,4.000000,3.000000,4.500000,5.250000,0
2026-02-04T00:00:00Z,177.600000,144.100000,8.000000,0.000000,2.000000,7.000000,4.000000,4.250000,5.375000,0
2026-02-04T03:00:00Z,177.600000,144.100000,8.000000,0.000000,0.000000,2.000000,7.000000,4.375000,5.250000,0
2026-02-04T06:00:00Z,177.600000,144.100000,8.000000,3.000000,0.000000,0.000000,2.000000,4.750000,5.250000,0
2026-02-04T09:00:00Z,177.600000,144.100000,8.000000,4.000000,3.000000,0.000000,0.000000,4.375000,5.375000,0
2026-02-04T12:00:00Z,177.600000,144.100000,8.000000,9.000000,4.000000,3.000000,0.000000,3.500000,5.125000,0
2026-02-04T15:00:00Z,177.600000,144.100000,8.000000,18.000000,9.000000,4.000000,3.000000,2.750000,4.750000,0
2026-02-04T18:00:00Z,177.600000,144.100000,8.000000,9.000000,18.000000,9.000000,4.000000,2.750000,4.625000,0
2026-02-04T21:00:00Z,177.600000,144.100000,8.000000,22.000000,9.000000,18.000000,9.000000,2.875000,4.500000,0
2026-02-05T00:00:00Z,167.200000,143.400000,21.000000,27.000000,22.000000,9.000000,18.000000,3.625000,4.250000,0
2026-02-05T03:00:00Z,167.200000,143.400000,21.000000,56.000000,27.000000,22.000000,9.000000,5.375000,4.375000,0
2026-02-05T06:00:00Z,167.200000,143.400000,21.000000,32.000000,56.000000,27.000000,22.000000,5.625000,4.750000,0
2026-02-05T09:00:00Z,167.200000,143.400000,21.000000,22.000000,32.000000,56.000000,27.000000,8.125000,4.375000,0
2026-02-05T12:00:00Z,167.200000,143.400000,21.000000,18.000000,22.000000,32.000000,56.000000,11.500000,3.500000,0
2026-02-05T15:00:00Z,167.200000,143.400000,21.000000,5.000000,18.000000,22.000000,32.000000,18.500000,2.750000,0
2026-02-05T18:00:00Z,167.200000,143.400000,21.000000,5.000000,5.000000,18.000000,22.000000,22.125000,2.750000,0
2026-02-05T21:00:00Z,167.200000,143.400000,21.000000,4.000000,5.000000,5.000000,18.000000,24.375000,2.875000,0
2026-02-06T00:00:00Z,175.900000,142.600000,15.000000,0.000000,4.000000,5.000000,5.000000,25.500000,3.625000,0
2026-02-06T03:00:00Z,175.900000,142.600000,15.000000,5.000000,0.000000,4.000000,5.000000,23.875000,5.375000,0
2026-02-06T06:00:00Z,175.900000,142.600000,15.000000,7.000000,5.000000,0.000000,4.000000,23.375000,5.625000,0
2026-02-06T09:00:00Z,175.900000,142.600000,15.000000,15.000000,7.000000,5.000000,0.000000,21.125000,8.125000,0
2026-02-06T12:00:00Z,175.900000,142.600000,15.000000,22.000000,15.000000,7.000000,5.000000,17.750000,11.500000,0
2026-02-06T15:00:00Z,175.900000,142.600000,15.000000,32.000000,22.000000,15.000000,7.000000,11.375000,18.500000,0
2026-02-06T18:00:00Z,175.900000,142.600000,15.000000,22.000000,32.000000,22.000000,15.000000,8.250000,22.125000,0
2026-02-06T21:00:00Z,175.900000,142.600000,15.000000,15.000000,22.000000,32.000000,22.000000,7.375000,24.375000,0
2026-02-07T00:00:00Z,163.700000,141.600000,15.000000,22.000000,15.000000,22.000000,32.000000,7.875000,25.500000,0
2026-02-07T03:00:00Z,163.700000,141.600000,15.000000,22.000000,22.000000,15.000000,22.000000,11.250000,23.875000,0
2026-02-07T06:00:00Z,163.700000,141.600000,15.000000,12.000000,22.000000,22.000000,15.000000,13.375000,23.375000,0
2026-02-07T09:00:00Z,163.700000,141.600000,15.000000,12.000000,12.000000,22.000000,22.000000,14.750000,21.125000,0
2026-02-07T12:00:00Z,163.700000,141.600000,15.000000,7.000000,12.000000,12.000000,22.000000,17.500000,17.750000,0
2026-02-07T15:00:00Z,163.700000,141.600000,15.000000,12.000000,7.000000,12.000000,12.000000,19.625000,11.375000,0
2026-02-07T18:00:00Z,163.700000,141.600000,15.000000,12.000000,12.000000,7.000000,12.000000,20.250000,8.250000,0
2026-02-07T21:00:00Z,163.700000,141.600000,15.000000,18.000000,12.000000,12.000000,7.000000,19.875000,7.375000,0
2026-02-08T00:00:00Z,169.400000,140.500000,6.000000,9.000000,18.000000,12.000000,12.000000,18.000000,7.875000,0
2026-02-08T03:00:00Z,169.400000,140.500000,6.000000,9.000000,9.000000,18.000000,12.000000,15.500000,11.250000,0
2026-02-08T06:00:00Z,169.400000,140.500000,6.000000,3.000000,9.000000,9.000000,18.000000,14.250000,13.375000,0
2026-02-08T09:00:00Z,169.400000,140.500000,6.000000,4.000000,3.000000,9.000000,9.000000,14.625000,14.750000,0
2026-02-08T12:00:00Z,169.400000,140.500000,6.000000,4.000000,4.000000,3.000000,9.000000,13.000000,17.500000,0
2026-02-08T15:00:00Z,169.400000,140.500000,6.000000,4.000000,4.000000,4.000000,3.000000,11.375000,19.625000,0
2026-02-08T18:00:00Z,169.400000,140.500000,6.000000,7.000000,4.000000,4.000000,4.000000,10.250000,20.250000,0
2026-02-08T21:00:00Z,169.400000,140.500000,6.000000,12.000000,7.000000,4.000000,4.000000,9.250000,19.875000,0
2026-02-09T00:00:00Z,167.400000,139.500000,6.000000,9.000000,12.000000,7.000000,4.000000,8.875000,18.000000,0
2026-02-09T03:00:00Z,167.400000,139.500000,6.000000,5.000000,9.000000,12.000000,7.000000,7.875000,15.500000,0
2026-02-09T06:00:00Z,167.400000,139.500000,6.000000,5.000000,5.000000,9.000000,12.000000,7.250000,14.250000,0
2026-02-09T09:00:00Z,167.400000,139.500000,6.000000,5.000000,5.000000,5.000000,9.000000,6.500000,14.625000,0
2026-02-09T12:00:00Z,167.400000,139.500000,6.000000,9.000000,5.000000,5.000000,5.000000,6.500000,13.000000,0
2026-02-09T15:00:00Z,167.400000,139.500000,6.000000,7.000000,9.000000,5.000000,5.000000,6.000000,11.375000,0
2026-02-09T18:00:00Z,167.400000,139.500000,6.000000,4.000000,7.000000,9.000000,5.000000,6.250000,10.250000,0
2026-02-09T21:00:00Z,167.400000,139.500000,6.000000,7.000000,4.000000,7.000000,9.000000,6.375000,9.250000,0
2026-02-10T00:00:00Z,144.200000,138.900000,10.000000,4.000000,7.000000,4.000000,7.000000,7.000000,8.875000,0
2026-02-10T03:00:00Z,144.200000,138.900000,10.000000,2.000000,4.000000,7.000000,4.000000,7.375000,7.875000,0
2026-02-10T06:00:00Z,144.200000,138.900000,10.000000,3.000000,2.000000,4.000000,7.000000,7.000000,7.250000,0
2026-02-10T09:00:00Z,144.200000,138.900000,10.000000,12.000000,3.000000,2.000000,4.000000,6.375000,6.500000,0
2026-02-10T12:00:00Z,144.200000,138.900000,10.000000,7.000000,12.000000,3.000000,2.000000,5.750000,6.500000,0
2026-02-10T15:00:00Z,144.200000,138.900000,10.000000,6.000000,7.000000,12.000000,3.000000,5.375000,6.000000,0
2026-02-10T18:00:00Z,144.200000,138.900000,10.000000,12.000000,6.000000,7.000000,12.000000,5.125000,6.250000,0
2026-02-10T21:00:00Z,144.200000,138.900000,10.000000,32.000000,12.000000,6.000000,7.000000,6.000000,6.375000,0
2026-02-11T00:00:00Z,142.100000,138.400000,16.000000,27.000000,32.000000,12.000000,6.000000,5.750000,7.000000,0
2026-02-11T03:00:00Z,142.100000,138.400000,16.000000,15.000000,27.000000,32.000000,12.000000,5.625000,7.375000,0
2026-02-11T06:00:00Z,142.100000,138.400000,16.000000,12.000000,15.000000,27.000000,32.000000,6.625000,7.000000,0
2026-02-11T09:00:00Z,142.100000,138.400000,16.000000,15.000000,12.000000,15.000000,27.000000,9.750000,6.375000,0
2026-02-11T12:00:00Z,142.100000,138.400000,16.000000,9.000000,15.000000,12.000000,15.000000,12.625000,5.750000,0
2026-02-11T15:00:00Z,142.100000,138.400000,16.000000,15.000000,9.000000,15.000000,12.000000,14.250000,5.375000,0
2026-02-11T18:00:00Z,142.100000,138.400000,16.000000,15.000000,15.000000,9.000000,15.000000,15.375000,5.125000,0
2026-02-11T21:00:00Z,142.100000,138.400000,16.000000,22.000000,15.000000,15.000000,9.000000,15.750000,6.000000,0
2026-02-12T00:00:00Z,128.900000,137.900000,7.000000,9.000000,22.000000,15.000000,15.000000,16.000000,5.750000,0
2026-02-12T03:00:00Z,128.900000,137.900000,7.000000,9.000000,9.000000,22.000000,15.000000,17.125000,5.625000,0
2026-02-12T06:00:00Z,128.900000,137.900000,7.000000,7.000000,9.000000,9.000000,22.000000,17.500000,6.625000,0
2026-02-12T09:00:00Z,128.900000,137.900000,7.000000,9.000000,7.000000,9.000000,9.000000,16.250000,9.750000,0
2026-02-12T12:00:00Z,128.900000,137.900000,7.000000,4.000000,9.000000,7.000000,9.000000,14.000000,12.625000,0
2026-02-12T15:00:00Z,128.900000,137.900000,7.000000,9.000000,4.000000,9.000000,7.000000,13.250000,14.250000,0
2026-02-12T18:00:00Z,128.900000,137.900000,7.000000,3.000000,9.000000,4.000000,9.000000,12.625000,15.375000,0
2026-02-12T21:00:00Z,128.900000,137.900000,7.000000,7.000000,3.000000,9.000000,4.000000,11.875000,15.750000,0
2026-02-13T00:00:00Z,129.000000,137.600000,13.000000,27.000000,7.000000,3.000000,9.000000,11.250000,16.000000,0
2026-02-13T03:00:00Z,129.000000,137.600000,13.000000,7.000000,27.000000,7.000000,3.000000,10.500000,17.125000,0
2026-02-13T06:00:00Z,129.000000,137.600000,13.000000,7.000000,7.000000,27.000000,7.000000,9.000000,17.500000,0
2026-02-13T09:00:00Z,129.000000,137.600000,13.000000,7.000000,7.000000,7.000000,27.000000,7.125000,16.250000,0
2026-02-13T12:00:00Z,129.000000,137.600000,13.000000,6.000000,7.000000,7.000000,7.000000,9.375000,14.000000,0
2026-02-13T15:00:00Z,129.000000,137.600000,13.000000,12.000000,6.000000,7.000000,7.000000,9.125000,13.250000,0
2026-02-13T18:00:00Z,129.000000,137.600000,13.000000,9.000000,12.000000,6.000000,7.000000,9.125000,12.625000,0
2026-02-13T21:00:00Z,129.000000,137.600000,13.000000,27.000000,9.000000,12.000000,6.000000,8.875000,11.875000,0
2026-02-14T00:00:00Z,117.300000,137.500000,10.000000,12.000000,27.000000,9.000000,12.000000,9.125000,11.250000,0
2026-02-14T03:00:00Z,117.300000,137.500000,10.000000,9.000000,12.000000,27.000000,9.000000,9.500000,10.500000,0
2026-02-14T06:00:00Z,117.300000,137.500000,10.000000,2.000000,9.000000,12.000000,27.000000,10.250000,9.000000,0
2026-02-14T09:00:00Z,117.300000,137.500000,10.000000,2.000000,2.000000,9.000000,12.000000,12.750000,7.125000,0
2026-02-14T12:00:00Z,117.300000,137.500000,10.000000,3.000000,2.000000,2.000000,9.000000,10.875000,9.375000,0
2026-02-14T15:00:00Z,117.300000,137.500000,10.000000,4.000000,3.000000,2.000000,2.000000,11.125000,9.125000,0
2026-02-14T18:00:00Z,117.300000,137.500000,10.000000,9.000000,4.000000,3.000000,2.000000,10.500000,9.125000,0
2026-02-14T21:00:00Z,117.300000,137.500000,10.000000,39.000000,9.000000,4.000000,3.000000,9.875000,8.875000,0
2026-02-15T00:00:00Z,116.900000,137.500000,26.000000,48.000000,39.000000,9.000000,4.000000,9.500000,9.125000,0
2026-02-15T03:00:00Z,116.900000,137.500000,26.000000,56.000000,48.000000,39.000000,9.000000,8.500000,9.500000,0
2026-02-15T06:00:00Z,116.900000,137.500000,26.000000,18.000000,56.000000,48.000000,39.000000,8.500000,10.250000,0
2026-02-15T09:00:00Z,116.900000,137.500000,26.000000,12.000000,18.000000,56.000000,48.000000,10.000000,12.750000,0
2026-02-15T12:00:00Z,116.900000,137.500000,26.000000,12.000000,12.000000,18.000000,56.000000,14.500000,10.875000,0
2026-02-15T15:00:00Z,116.900000,137.500000,26.000000,18.000000,12.000000,12.000000,18.000000,20.375000,11.125000,0
2026-02-15T18:00:00Z,116.900000,137.500000,26.000000,15.000000,18.000000,12.000000,12.000000,22.375000,10.500000,0
2026-02-15T21:00:00Z,116.900000,137.500000,26.000000,27.000000,15.000000,18.000000,12.000000,23.625000,9.875000,0
2026-02-16T00:00:00Z,117.500000,137.800000,26.000000,32.000000,27.000000,15.000000,18.000000,24.750000,9.500000,0
2026-02-16T03:00:00Z,117.500000,137.800000,26.000000,27.000000,32.000000,27.000000,15.000000,26.500000,8.500000,0
2026-02-16T06:00:00Z,117.500000,137.800000,26.000000,27.000000,27.000000,32.000000,27.000000,27.250000,8.500000,0
2026-02-16T09:00:00Z,117.500000,137.800000,26.000000,18.000000,27.000000,27.000000,32.000000,25.750000,10.000000,0
2026-02-16T12:00:00Z,117.500000,137.800000,26.000000,7.000000,18.000000,27.000000,27.000000,23.750000,14.500000,0
2026-02-16T15:00:00Z,117.500000,137.800000,26.000000,22.000000,7.000000,18.000000,27.000000,20.125000,20.375000,0
2026-02-16T18:00:00Z,117.500000,137.800000,26.000000,67.000000,22.000000,7.000000,18.000000,21.250000,22.375000,0
2026-02-16T21:00:00Z,117.500000,137.800000,26.000000,9.000000,67.000000,22.000000,7.000000,22.000000,23.625000,0
2026-02-17T00:00:00Z,117.900000,138.000000,9.000000,7.000000,9.000000,67.000000,22.000000,21.375000,24.750000,0
2026-02-17T03:00:00Z,117.900000,138.000000,9.000000,7.000000,7.000000,9.000000,67.000000,21.875000,26.500000,0
2026-02-17T06:00:00Z,117.900000,138.000000,9.000000,9.000000,7.000000,7.000000,9.000000,28.375000,27.250000,0
2026-02-17T09:00:00Z,117.900000,138.000000,9.000000,12.000000,9.000000,7.000000,7.000000,26.125000,25.750000,0
2026-02-17T12:00:00Z,117.900000,138.000000,9.000000,9.000000,12.000000,9.000000,7.000000,23.000000,23.750000,0
2026-02-17T15:00:00Z,117.900000,138.000000,9.000000,15.000000,9.000000,12.000000,9.000000,20.500000,20.125000,0
2026-02-17T18:00:00Z,117.900000,138.000000,9.000000,7.000000,15.000000,9.000000,12.000000,18.250000,21.250000,0
2026-02-17T21:00:00Z,117.900000,138.000000,9.000000,9.000000,7.000000,15.000000,9.000000,17.500000,22.000000,0
2026-02-18T00:00:00Z,121.500000,138.200000,9.000000,7.000000,9.000000,7.000000,15.000000,17.750000,21.375000,0
2026-02-18T03:00:00Z,121.500000,138.200000,9.000000,15.000000,7.000000,9.000000,7.000000,16.875000,21.875000,0
2026-02-18T06:00:00Z,121.500000,138.200000,9.000000,7.000000,15.000000,7.000000,9.000000,9.375000,28.375000,0
2026-02-18T09:00:00Z,121.500000,138.200000,9.000000,9.000000,7.000000,15.000000,7.000000,9.375000,26.125000,0
2026-02-18T12:00:00Z,121.500000,138.200000,9.000000,9.000000,9.000000,7.000000,15.000000,9.375000,23.000000,0
2026-02-18T15:00:00Z,121.500000,138.200000,9.000000,7.000000,9.000000,9.000000,7.000000,10.375000,20.500000,0
2026-02-18T18:00:00Z,121.500000,138.200000,9.000000,9.000000,7.000000,9.000000,9.000000,10.125000,18.250000,0
2026-02-18T21:00:00Z,121.500000,138.200000,9.000000,9.000000,9.000000,7.000000,9.000000,9.750000,17.500000,0
2026-02-19T00:00:00Z,118.700000,138.500000,10.000000,15.000000,9.000000,9.000000,7.000000,9.750000,17.750000,0
2026-02-19T03:00:00Z,118.700000,138.500000,10.000000,15.000000,15.000000,9.000000,9.000000,8.750000,16.875000,0
2026-02-19T06:00:00Z,118.700000,138.500000,10.000000,12.000000,15.000000,15.000000,9.000000,9.000000,9.375000,0
2026-02-19T09:00:00Z,118.700000,138.500000,10.000000,7.000000,12.000000,15.000000,15.000000,9.000000,9.375000,0
2026-02-19T12:00:00Z,118.700000,138.500000,10.000000,15.000000,7.000000,12.000000,15.000000,10.000000,9.375000,0
2026-02-19T15:00:00Z,118.700000,138.500000,10.000000,4.000000,15.000000,7.000000,12.000000,10.000000,10.375000,0
2026-02-19T18:00:00Z,118.700000,138.500000,10.000000,4.000000,4.000000,15.000000,7.000000,10.625000,10.125000,0
2026-02-19T21:00:00Z,118.700000,138.500000,10.000000,5.000000,4.000000,4.000000,15.000000,10.375000,9.750000,0
2026-02-20T00:00:00Z,116.400000,138.800000,11.000000,3.000000,5.000000,4.000000,4.000000,11.125000,9.750000,0
2026-02-20T03:00:00Z,116.400000,138.800000,11.000000,9.000000,3.000000,5.000000,4.000000,10.750000,8.750000,0
2026-02-20T06:00:00Z,116.400000,138.800000,11.000000,7.000000,9.000000,3.000000,5.000000,10.125000,9.000000,0
2026-02-20T09:00:00Z,116.400000,138.800000,11.000000,7.000000,7.000000,9.000000,3.000000,9.625000,9.000000,0
2026-02-20T12:00:00Z,116.400000,138.800000,11.000000,12.000000,7.000000,7.000000,9.000000,8.125000,10.000000,0
2026-02-20T15:00:00Z,116.400000,138.800000,11.000000,12.000000,12.000000,7.000000,7.000000,7.375000,10.000000,0
2026-02-20T18:00:00Z,116.400000,138.800000,11.000000,12.000000,12.000000,12.000000,7.000000,6.750000,10.625000,0
2026-02-20T21:00:00Z,116.400000,138.800000,11.000000,27.000000,12.000000,12.000000,12.000000,6.750000,10.375000,0
2026-02-21T00:00:00Z,111.100000,139.200000,14.000000,27.000000,27.000000,12.000000,12.000000,6.375000,11.125000,0
2026-02-21T03:00:00Z,111.100000,139.200000,14.000000,18.000000,27.000000,27.000000,12.000000,7.375000,10.750000,0
2026-02-21T06:00:00Z,111.100000,139.200000,14.000000,12.000000,18.000000,27.000000,27.000000,8.375000,10.125000,0
2026-02-21T09:00:00Z,111.100000,139.200000,14.000000,6.000000,12.000000,18.000000,27.000000,11.125000,9.625000,0
2026-02-21T12:00:00Z,111.100000,139.200000,14.000000,5.000000,6.000000,12.000000,18.000000,14.125000,8.125000,0
2026-02-21T15:00:00Z,111.100000,139.200000,14.000000,6.000000,5.000000,6.000000,12.000000,15.250000,7.375000,0
2026-02-21T18:00:00Z,111.100000,139.200000,14.000000,12.000000,6.000000,5.000000,6.000000,15.875000,6.750000,0
2026-02-21T21:00:00Z,111.100000,139.200000,14.000000,27.000000,12.000000,6.000000,5.000000,15.750000,6.750000,0
2026-02-22T00:00:00Z,109.900000,139.500000,34.000000,22.000000,27.000000,12.000000,6.000000,14.875000,6.375000,0
2026-02-22T03:00:00Z,109.900000,139.500000,34.000000,39.000000,22.000000,27.000000,12.000000,14.125000,7.375000,0
2026-02-22T06:00:00Z,109.900000,139.500000,34.000000,56.000000,39.000000,22.000000,27.000000,14.125000,8.375000,0
2026-02-22T09:00:00Z,109.900000,139.500000,34.000000,27.000000,56.000000,39.000000,22.000000,14.125000,11.125000,0
2026-02-22T12:00:00Z,109.900000,139.500000,34.000000,27.000000,27.000000,56.000000,39.000000,13.500000,14.125000,0
2026-02-22T15:00:00Z,109.900000,139.500000,34.000000,22.000000,27.000000,27.000000,56.000000,16.125000,15.250000,0
2026-02-22T18:00:00Z,109.900000,139.500000,34.000000,27.000000,22.000000,27.000000,27.000000,21.625000,15.875000,0
2026-02-22T21:00:00Z,109.900000,139.500000,34.000000,56.000000,27.000000,22.000000,27.000000,24.250000,15.750000,0
2026-02-23T00:00:00Z,110.100000,139.600000,21.000000,15.000000,56.000000,27.000000,22.000000,27.000000,14.875000,0
2026-02-23T03:00:00Z,110.100000,139.600000,21.000000,39.000000,15.000000,56.000000,27.000000,29.000000,14.125000,0
2026-02-23T06:00:00Z,110.100000,139.600000,21.000000,15.000000,39.000000,15.000000,56.000000,30.875000,14.125000,0
2026-02-23T09:00:00Z,110.100000,139.600000,21.000000,18.000000,15.000000,39.000000,15.000000,34.500000,14.125000,0
2026-02-23T12:00:00Z,110.100000,139.600000,21.000000,18.000000,18.000000,15.000000,39.000000,33.625000,13.500000,0
2026-02-23T15:00:00Z,110.100000,139.600000,21.000000,6.000000,18.000000,18.000000,15.000000,33.625000,16.125000,0
2026-02-23T18:00:00Z,110.100000,139.600000,21.000000,32.000000,6.000000,18.000000,18.000000,28.500000,21.625000,0
2026-02-23T21:00:00Z,110.100000,139.600000,21.000000,27.000000,32.000000,6.000000,18.000000,27.375000,24.250000,0
2026-02-24T00:00:00Z,107.900000,139.500000,14.000000,12.000000,27.000000,32.000000,6.000000,26.250000,27.000000,0
2026-02-24T03:00:00Z,107.900000,139.500000,14.000000,22.000000,12.000000,27.000000,32.000000,24.250000,29.000000,0
2026-02-24T06:00:00Z,107.900000,139.500000,14.000000,12.000000,22.000000,12.000000,27.000000,24.875000,30.875000,0
2026-02-24T09:00:00Z,107.900000,139.500000,14.000000,12.000000,12.000000,22.000000,12.000000,21.250000,34.500000,0
2026-02-24T12:00:00Z,107.900000,139.500000,14.000000,18.000000,12.000000,12.000000,22.000000,20.875000,33.625000,0
2026-02-24T15:00:00Z,107.900000,139.500000,14.000000,9.000000,18.000000,12.000000,12.000000,18.750000,33.625000,0
2026-02-24T18:00:00Z,107.900000,139.500000,14.000000,18.000000,9.000000,18.000000,12.000000,18.375000,28.500000,0
2026-02-24T21:00:00Z,107.900000,139.500000,14.000000,12.000000,18.000000,9.000000,18.000000,17.625000,27.375000,0
2026-02-25T00:00:00Z,119.600000,139.200000,13.000000,18.000000,12.000000,18.000000,9.000000,17.625000,26.250000,0
2026-02-25T03:00:00Z,119.600000,139.200000,13.000000,9.000000,18.000000,12.000000,18.000000,18.000000,24.250000,0
2026-02-25T06:00:00Z,119.600000,139.200000,13.000000,7.000000,9.000000,18.000000,12.000000,16.250000,24.875000,0
2026-02-25T09:00:00Z,119.600000,139.200000,13.000000,15.000000,7.000000,9.000000,18.000000,14.375000,21.250000,0
2026-02-25T12:00:00Z,119.600000,139.200000,13.000000,12.000000,15.000000,7.000000,9.000000,15.125000,20.875000,0
2026-02-25T15:00:00Z,119.600000,139.200000,13.000000,12.000000,12.000000,15.000000,7.000000,13.500000,18.750000,0
2026-02-25T18:00:00Z,119.600000,139.200000,13.000000,7.000000,12.000000,12.000000,15.000000,12.875000,18.375000,0
2026-02-25T21:00:00Z,119.600000,139.200000,13.000000,22.000000,7.000000,12.000000,12.000000,13.250000,17.625000,0
2026-02-26T00:00:00Z,124.700000,138.800000,16.000000,22.000000,22.000000,7.000000,12.000000,12.500000,17.625000,0
2026-02-26T03:00:00Z,124.700000,138.800000,16.000000,22.000000,22.000000,22.000000,7.000000,12.875000,18.000000,0
2026-02-26T06:00:00Z,124.700000,138.800000,16.000000,22.000000,22.000000,22.000000,22.000000,11.500000,16.250000,0
2026-02-26T09:00:00Z,124.700000,138.800000,16.000000,15.000000,22.000000,22.000000,22.000000,12.750000,14.375000,0
2026-02-26T12:00:00Z,124.700000,138.800000,16.000000,12.000000,15.000000,22.000000,22.000000,13.250000,15.125000,0
2026-02-26T15:00:00Z,124.700000,138.800000,16.000000,7.000000,12.000000,15.000000,22.000000,14.875000,13.500000,0
2026-02-26T18:00:00Z,124.700000,138.800000,16.000000,18.000000,7.000000,12.000000,15.000000,16.750000,12.875000,0
2026-02-26T21:00:00Z,124.700000,138.800000,16.000000,7.000000,18.000000,7.000000,12.000000,16.750000,13.250000,0
2026-02-27T00:00:00Z,129.800000,138.100000,9.000000,15.000000,7.000000,18.000000,7.000000,16.750000,12.500000,0
2026-02-27T03:00:00Z,129.800000,138.100000,9.000000,6.000000,15.000000,7.000000,18.000000,16.125000,12.875000,0
2026-02-27T06:00:00Z,129.800000,138.100000,9.000000,6.000000,6.000000,15.000000,7.000000,17.500000,11.500000,0
2026-02-27T09:00:00Z,129.800000,138.100000,9.000000,7.000000,6.000000,6.000000,15.000000,15.625000,12.750000,0
2026-02-27T12:00:00Z,129.800000,138.100000,9.000000,12.000000,7.000000,6.000000,6.000000,14.750000,13.250000,0
2026-02-27T15:00:00Z,129.800000,138.100000,9.000000,15.000000,12.000000,7.000000,6.000000,12.750000,14.875000,0
2026-02-27T18:00:00Z,129.800000,138.100000,9.000000,5.000000,15.000000,12.000000,7.000000,10.750000,16.750000,0
2026-02-27T21:00:00Z,129.800000,138.100000,9.000000,7.000000,5.000000,15.000000,12.000000,9.750000,16.750000,0
2026-02-28T00:00:00Z,138.500000,136.500000,7.000000,6.000000,7.000000,5.000000,15.000000,9.750000,16.750000,0
2026-02-28T03:00:00Z,138.500000,136.500000,7.000000,12.000000,6.000000,7.000000,5.000000,10.750000,16.125000,0
2026-02-28T06:00:00Z,138.500000,136.500000,7.000000,5.000000,12.000000,6.000000,7.000000,9.125000,17.500000,0
2026-02-28T09:00:00Z,138.500000,136.500000,7.000000,5.000000,5.000000,12.000000,6.000000,9.125000,15.625000,0
2026-02-28T12:00:00Z,138.500000,136.500000,7.000000,9.000000,5.000000,5.000000,12.000000,8.000000,14.750000,0
2026-02-28T15:00:00Z,138.500000,136.500000,7.000000,5.000000,9.000000,5.000000,5.000000,8.750000,12.750000,0
2026-02-28T18:00:00Z,138.500000,136.500000,7.000000,7.000000,5.000000,9.000000,5.000000,8.625000,10.750000,0
2026-02-28T21:00:00Z,138.500000,136.500000,7.000000,9.000000,7.000000,5.000000,9.000000,8.375000,9.750000,0
2026-03-01T00:00:00Z,140.700000,135.500000,7.000000,12.000000,9.000000,7.000000,5.000000,8.000000,9.750000,0
2026-03-01T03:00:00Z,140.700000,135.500000,7.000000,12.000000,12.000000,9.000000,7.000000,6.750000,10.750000,0
2026-03-01T06:00:00Z,140.700000,135.500000,7.000000,9.000000,12.000000,12.000000,9.000000,7.000000,9.125000,0
2026-03-01T09:00:00Z,140.700000,135.500000,7.000000,6.000000,9.000000,12.000000,12.000000,7.250000,9.125000,0
2026-03-01T12:00:00Z,140.700000,135.500000,7.000000,5.000000,6.000000,9.000000,12.000000,8.000000,8.000000,0
2026-03-01T15:00:00Z,140.700000,135.500000,7.000000,4.000000,5.000000,6.000000,9.000000,8.000000,8.750000,0
2026-03-01T18:00:00Z,140.700000,135.500000,7.000000,6.000000,4.000000,5.000000,6.000000,8.500000,8.625000,0
2026-03-01T21:00:00Z,140.700000,135.500000,7.000000,5.000000,6.000000,4.000000,5.000000,8.625000,8.375000,0
2026-03-02T00:00:00Z,147.000000,134.400000,4.000000,5.000000,5.000000,6.000000,4.000000,8.125000,8.000000,0
2026-03-02T03:00:00Z,147.000000,134.400000,4.000000,4.000000,5.000000,5.000000,6.000000,8.000000,6.750000,0
2026-03-02T06:00:00Z,147.000000,134.400000,4.000000,4.000000,4.000000,5.000000,5.000000,7.875000,7.000000,0
2026-03-02T09:00:00Z,147.000000,134.400000,4.000000,2.000000,4.000000,4.000000,5.000000,7.375000,7.250000,0
2026-03-02T12:00:00Z,147.000000,134.400000,4.000000,6.000000,2.000000,4.000000,4.000000,6.500000,8.000000,0
2026-03-02T15:00:00Z,147.000000,134.400000,4.000000,4.000000,6.000000,2.000000,4.000000,5.500000,8.000000,0
2026-03-02T18:00:00Z,147.000000,134.400000,4.000000,4.000000,4.000000,6.000000,2.000000,4.875000,8.500000,0
2026-03-02T21:00:00Z,147.000000,134.400000,4.000000,4.000000,4.000000,4.000000,6.000000,4.375000,8.625000,0
2026-03-03T00:00:00Z,147.600000,133.300000,14.000000,2.000000,4.000000,4.000000,4.000000,4.500000,8.125000,0
2026-03-03T03:00:00Z,147.600000,133.300000,14.000000,9.000000,2.000000,4.000000,4.000000,4.500000,8.000000,0
2026-03-03T06:00:00Z,147.600000,133.300000,14.000000,7.000000,9.000000,2.000000,4.000000,4.250000,7.875000,0
2026-03-03T09:00:00Z,147.600000,133.300000,14.000000,7.000000,7.000000,9.000000,2.000000,4.125000,7.375000,0
2026-03-03T12:00:00Z,147.600000,133.300000,14.000000,7.000000,7.000000,7.000000,9.000000,3.750000,6.500000,0
2026-03-03T15:00:00Z,147.600000,133.300000,14.000000,15.000000,7.000000,7.000000,7.000000,4.375000,5.500000,0
2026-03-03T18:00:00Z,147.600000,133.300000,14.000000,18.000000,15.000000,7.000000,7.000000,4.750000,4.875000,0
2026-03-03T21:00:00Z,147.600000,133.300000,14.000000,48.000000,18.000000,15.000000,7.000000,5.375000,4.375000,0
2026-03-04T00:00:00Z,143.500000,132.100000,7.000000,7.000000,48.000000,18.000000,15.000000,5.500000,4.500000,0
2026-03-04T03:00:00Z,143.500000,132.100000,7.000000,15.000000,7.000000,48.000000,18.000000,6.875000,4.500000,0
2026-03-04T06:00:00Z,143.500000,132.100000,7.000000,5.000000,15.000000,7.000000,48.000000,8.625000,4.250000,0
2026-03-04T09:00:00Z,143.500000,132.100000,7.000000,7.000000,5.000000,15.000000,7.000000,14.125000,4.125000,0
2026-03-04T12:00:00Z,143.500000,132.100000,7.000000,4.000000,7.000000,5.000000,15.000000,14.750000,3.750000,0
2026-03-04T15:00:00Z,143.500000,132.100000,7.000000,5.000000,4.000000,7.000000,5.000000,15.500000,4.375000,0
2026-03-04T18:00:00Z,143.500000,132.100000,7.000000,6.000000,5.000000,4.000000,7.000000,15.250000,4.750000,0
2026-03-04T21:00:00Z,143.500000,132.100000,7.000000,6.000000,6.000000,5.000000,4.000000,15.250000,5.375000,0
2026-03-05T00:00:00Z,141.200000,131.200000,3.000000,6.000000,6.000000,6.000000,5.000000,14.875000,5.500000,0
2026-03-05T03:00:00Z,141.200000,131.200000,3.000000,0.000000,6.000000,6.000000,6.000000,13.625000,6.875000,0
2026-03-05T06:00:00Z,141.200000,131.200000,3.000000,5.000000,0.000000,6.000000,6.000000,12.125000,8.625000,0
2026-03-05T09:00:00Z,141.200000,131.200000,3.000000,2.000000,5.000000,0.000000,6.000000,6.875000,14.125000,0
2026-03-05T12:00:00Z,141.200000,131.200000,3.000000,4.000000,2.000000,5.000000,0.000000,6.750000,14.750000,0
2026-03-05T15:00:00Z,141.200000,131.200000,3.000000,2.000000,4.000000,2.000000,5.000000,4.875000,15.500000,0
2026-03-05T18:00:00Z,141.200000,131.200000,3.000000,2.000000,2.000000,4.000000,2.000000,4.875000,15.250000,0
2026-03-05T21:00:00Z,141.200000,131.200000,3.000000,2.000000,2.000000,2.000000,4.000000,4.250000,15.250000,0
2026-03-06T00:00:00Z,146.200000,130.300000,7.000000,4.000000,2.000000,2.000000,2.000000,4.250000,14.875000,0
2026-03-06T03:00:00Z,146.200000,130.300000,7.000000,9.000000,4.000000,2.000000,2.000000,3.875000,13.625000,0
2026-03-06T06:00:00Z,146.200000,130.300000,7.000000,6.000000,9.000000,4.000000,2.000000,3.375000,12.125000,0
2026-03-06T09:00:00Z,146.200000,130.300000,7.000000,4.000000,6.000000,9.000000,4.000000,2.875000,6.875000,0
2026-03-06T12:00:00Z,146.200000,130.300000,7.000000,7.000000,4.000000,6.000000,9.000000,2.625000,6.750000,0
2026-03-06T15:00:00Z,146.200000,130.300000,7.000000,4.000000,7.000000,4.000000,6.000000,3.750000,4.875000,0
2026-03-06T18:00:00Z,146.200000,130.300000,7.000000,4.000000,4.000000,7.000000,4.000000,3.875000,4.875000,0
2026-03-06T21:00:00Z,146.200000,130.300000,7.000000,15.000000,4.000000,4.000000,7.000000,4.125000,4.250000,0
2026-03-07T00:00:00Z,142.800000,129.600000,17.000000,27.000000,15.000000,4.000000,4.000000,4.500000,4.250000,0
2026-03-07T03:00:00Z,142.800000,129.600000,17.000000,18.000000,27.000000,15.000000,4.000000,4.750000,3.875000,0
2026-03-07T06:00:00Z,142.800000,129.600000,17.000000,15.000000,18.000000,27.000000,15.000000,5.000000,3.375000,0
2026-03-07T09:00:00Z,142.800000,129.600000,17.000000,7.000000,15.000000,18.000000,27.000000,6.625000,2.875000,0
2026-03-07T12:00:00Z,142.800000,129.600000,17.000000,6.000000,7.000000,15.000000,18.000000,9.500000,2.625000,0
2026-03-07T15:00:00Z,142.800000,129.600000,17.000000,15.000000,6.000000,7.000000,15.000000,10.625000,3.750000,0
2026-03-07T18:00:00Z,142.800000,129.600000,17.000000,22.000000,15.000000,6.000000,7.000000,11.750000,3.875000,0
2026-03-07T21:00:00Z,142.800000,129.600000,17.000000,27.000000,22.000000,15.000000,6.000000,12.125000,4.125000,0
2026-03-08T00:00:00Z,135.400000,129.100000,21.000000,32.000000,27.000000,22.000000,15.000000,12.000000,4.500000,0
2026-03-08T03:00:00Z,135.400000,129.100000,21.000000,22.000000,32.000000,27.000000,22.000000,13.375000,4.750000,0
2026-03-08T06:00:00Z,135.400000,129.100000,21.000000,27.000000,22.000000,32.000000,27.000000,15.625000,5.000000,0
2026-03-08T09:00:00Z,135.400000,129.100000,21.000000,12.000000,27.000000,22.000000,32.000000,17.125000,6.625000,0
2026-03-08T12:00:00Z,135.400000,129.100000,21.000000,22.000000,12.000000,27.000000,22.000000,17.750000,9.500000,0
2026-03-08T15:00:00Z,135.400000,129.100000,21.000000,27.000000,22.000000,12.000000,27.000000,18.250000,10.625000,0
2026-03-08T18:00:00Z,135.400000,129.100000,21.000000,15.000000,27.000000,22.000000,12.000000,19.750000,11.750000,0
2026-03-08T21:00:00Z,135.400000,129.100000,21.000000,9.000000,15.000000,27.000000,22.000000,20.375000,12.125000,0
2026-03-09T00:00:00Z,134.500000,128.600000,6.000000,6.000000,9.000000,15.000000,27.000000,22.375000,12.000000,0
2026-03-09T03:00:00Z,134.500000,128.600000,6.000000,5.000000,6.000000,9.000000,15.000000,23.875000,13.375000,0
2026-03-09T06:00:00Z,134.500000,128.600000,6.000000,3.000000,5.000000,6.000000,9.000000,23.000000,15.625000,0
2026-03-09T09:00:00Z,134.500000,128.600000,6.000000,5.000000,3.000000,5.000000,6.000000,20.750000,17.125000,0
2026-03-09T12:00:00Z,134.500000,128.600000,6.000000,6.000000,5.000000,3.000000,5.000000,17.500000,17.750000,0
2026-03-09T15:00:00Z,134.500000,128.600000,6.000000,7.000000,6.000000,5.000000,3.000000,15.375000,18.250000,0
2026-03-09T18:00:00Z,134.500000,128.600000,6.000000,7.000000,7.000000,6.000000,5.000000,12.375000,19.750000,0
2026-03-09T21:00:00Z,134.500000,128.600000,6.000000,9.000000,7.000000,7.000000,6.000000,11.500000,20.375000,0
2026-03-10T00:00:00Z,128.400000,128.200000,13.000000,18.000000,9.000000,7.000000,7.000000,9.500000,22.375000,0
2026-03-10T03:00:00Z,128.400000,128.200000,13.000000,12.000000,18.000000,9.000000,7.000000,7.000000,23.875000,0
2026-03-10T06:00:00Z,128.400000,128.200000,13.000000,7.000000,12.000000,18.000000,9.000000,6.000000,23.000000,0
2026-03-10T09:00:00Z,128.400000,128.200000,13.000000,7.000000,7.000000,12.000000,18.000000,6.000000,20.750000,0
2026-03-10T12:00:00Z,128.400000,128.200000,13.000000,12.000000,7.000000,7.000000,12.000000,7.500000,17.500000,0
2026-03-10T15:00:00Z,128.400000,128.200000,13.000000,27.000000,12.000000,7.000000,7.000000,8.375000,15.375000,0
2026-03-10T18:00:00Z,128.400000,128.200000,13.000000,15.000000,27.000000,12.000000,7.000000,8.875000,12.375000,0
2026-03-10T21:00:00Z,128.400000,128.200000,13.000000,6.000000,15.000000,27.000000,12.000000,9.125000,11.500000,0
2026-03-11T00:00:00Z,126.900000,127.900000,10.000000,18.000000,6.000000,15.000000,27.000000,9.875000,9.500000,0
2026-03-11T03:00:00Z,126.900000,127.900000,10.000000,22.000000,18.000000,6.000000,15.000000,12.375000,7.000000,0
2026-03-11T06:00:00Z,126.900000,127.900000,10.000000,7.000000,22.000000,18.000000,6.000000,13.375000,6.000000,0
2026-03-11T09:00:00Z,126.900000,127.900000,10.000000,6.000000,7.000000,22.000000,18.000000,13.000000,6.000000,0
2026-03-11T12:00:00Z,126.900000,127.900000,10.000000,9.000000,6.000000,7.000000,22.000000,13.000000,7.500000,0
2026-03-11T15:00:00Z,126.900000,127.900000,10.000000,2.000000,9.000000,6.000000,7.000000,14.250000,8.375000,0
2026-03-11T18:00:00Z,126.900000,127.900000,10.000000,7.000000,2.000000,9.000000,6.000000,14.250000,8.875000,0
2026-03-11T21:00:00Z,126.900000,127.900000,10.000000,5.000000,7.000000,2.000000,9.000000,14.125000,9.125000,0
2026-03-12T00:00:00Z,122.800000,127.800000,7.000000,9.000000,5.000000,7.000000,2.000000,13.750000,9.875000,0
2026-03-12T03:00:00Z,122.800000,127.800000,7.000000,9.000000,9.000000,5.000000,7.000000,10.625000,12.375000,0
2026-03-12T06:00:00Z,122.800000,127.800000,7.000000,5.000000,9.000000,9.000000,5.000000,9.625000,13.375000,0
2026-03-12T09:00:00Z,122.800000,127.800000,7.000000,4.000000,5.000000,9.000000,9.000000,9.500000,13.000000,0
2026-03-12T12:00:00Z,122.800000,127.800000,7.000000,7.000000,4.000000,5.000000,9.000000,8.375000,13.000000,0
2026-03-12T15:00:00Z,122.800000,127.800000,7.000000,9.000000,7.000000,4.000000,5.000000,6.750000,14.250000,0
2026-03-12T18:00:00Z,122.800000,127.800000,7.000000,6.000000,9.000000,7.000000,4.000000,6.500000,14.250000,0
2026-03-12T21:00:00Z,122.800000,127.800000,7.000000,5.000000,6.000000,9.000000,7.000000,6.250000,14.125000,0
2026-03-13T00:00:00Z,120.800000,127.500000,22.000000,15.000000,5.000000,6.000000,9.000000,6.000000,13.750000,0
2026-03-13T03:00:00Z,120.800000,127.500000,22.000000,22.000000,15.000000,5.000000,6.000000,6.875000,10.625000,0
2026-03-13T06:00:00Z,120.800000,127.500000,22.000000,12.000000,22.000000,15.000000,5.000000,6.750000,9.625000,0
2026-03-13T09:00:00Z,120.800000,127.500000,22.000000,32.000000,12.000000,22.000000,15.000000,6.750000,9.500000,0
2026-03-13T12:00:00Z,120.800000,127.500000,22.000000,6.000000,32.000000,12.000000,22.000000,7.500000,8.375000,0
2026-03-13T15:00:00Z,120.800000,127.500000,22.000000,9.000000,6.000000,32.000000,12.000000,9.125000,6.750000,0
2026-03-13T18:00:00Z,120.800000,127.500000,22.000000,12.000000,9.000000,6.000000,32.000000,10.000000,6.500000,0
2026-03-13T21:00:00Z,120.800000,127.500000,22.000000,67.000000,12.000000,9.000000,6.000000,13.500000,6.250000,0
2026-03-14T00:00:00Z,120.300000,127.000000,42.000000,80.000000,67.000000,12.000000,9.000000,13.375000,6.000000,0
2026-03-14T03:00:00Z,120.300000,127.000000,42.000000,80.000000,80.000000,67.000000,12.000000,13.375000,6.875000,0
2026-03-14T06:00:00Z,120.300000,127.000000,42.000000,39.000000,80.000000,80.000000,67.000000,14.125000,6.750000,0
2026-03-14T09:00:00Z,120.300000,127.000000,42.000000,32.000000,39.000000,80.000000,80.000000,21.875000,6.750000,0
2026-03-14T12:00:00Z,120.300000,127.000000,42.000000,48.000000,32.000000,39.000000,80.000000,30.000000,7.500000,0
2026-03-14T15:00:00Z,120.300000,127.000000,42.000000,22.000000,48.000000,32.000000,39.000000,37.250000,9.125000,0
2026-03-14T18:00:00Z,120.300000,127.000000,42.000000,12.000000,22.000000,48.000000,32.000000,40.625000,10.000000,0
2026-03-14T21:00:00Z,120.300000,127.000000,42.000000,22.000000,12.000000,22.000000,48.000000,40.625000,13.500000,0
2026-03-15T00:00:00Z,111.600000,126.700000,17.000000,27.000000,22.000000,12.000000,22.000000,45.875000,13.375000,0
2026-03-15T03:00:00Z,111.600000,126.700000,17.000000,7.000000,27.000000,22.000000,12.000000,47.500000,13.375000,0
2026-03-15T06:00:00Z,111.600000,126.700000,17.000000,9.000000,7.000000,27.000000,22.000000,47.500000,14.125000,0
2026-03-15T09:00:00Z,111.600000,126.700000,17.000000,27.000000,9.000000,7.000000,27.000000,41.875000,21.875000,0
2026-03-15T12:00:00Z,111.600000,126.700000,17.000000,12.000000,27.000000,9.000000,7.000000,35.250000,30.000000,0
2026-03-15T15:00:00Z,111.600000,126.700000,17.000000,15.000000,12.000000,27.000000,9.000000,26.125000,37.250000,0
2026-03-15T18:00:00Z,111.600000,126.700000,17.000000,15.000000,15.000000,12.000000,27.000000,22.375000,40.625000,0
2026-03-15T21:00:00Z,111.600000,126.700000,17.000000,22.000000,15.000000,15.000000,12.000000,21.750000,40.625000,0
2026-03-16T00:00:00Z,108.900000,126.300000,8.000000,12.000000,22.000000,15.000000,15.000000,17.250000,45.875000,0
2026-03-16T03:00:00Z,108.900000,126.300000,8.000000,12.000000,12.000000,22.000000,15.000000,16.375000,47.500000,0
2026-03-16T06:00:00Z,108.900000,126.300000,8.000000,7.000000,12.000000,12.000000,22.000000,16.750000,47.500000,0
2026-03-16T09:00:00Z,108.900000,126.300000,8.000000,6.000000,7.000000,12.000000,12.000000,16.750000,41.875000,0
2026-03-16T12:00:00Z,108.900000,126.300000,8.000000,7.000000,6.000000,7.000000,12.000000,14.875000,35.250000,0
2026-03-16T15:00:00Z,108.900000,126.300000,8.000000,7.000000,7.000000,6.000000,7.000000,15.500000,26.125000,0
2026-03-16T18:00:00Z,108.900000,126.300000,8.000000,5.000000,7.000000,7.000000,6.000000,15.250000,22.375000,0
2026-03-16T21:00:00Z,108.900000,126.300000,8.000000,4.000000,5.000000,7.000000,7.000000,12.625000,21.750000,0
2026-03-17T00:00:00Z,111.200000,126.200000,4.000000,6.000000,4.000000,5.000000,7.000000,12.000000,17.250000,0
2026-03-17T03:00:00Z,111.200000,126.200000,4.000000,4.000000,6.000000,4.000000,5.000000,11.000000,16.375000,0
2026-03-17T06:00:00Z,111.200000,126.200000,4.000000,4.000000,4.000000,6.000000,4.000000,9.750000,16.750000,0
2026-03-17T09:00:00Z,111.200000,126.200000,4.000000,3.000000,4.000000,4.000000,6.000000,7.500000,16.750000,0
2026-03-17T12:00:00Z,111.200000,126.200000,4.000000,3.000000,3.000000,4.000000,4.000000,6.750000,14.875000,0
2026-03-17T15:00:00Z,111.200000,126.200000,4.000000,2.000000,3.000000,3.000000,4.000000,5.750000,15.500000,0
2026-03-17T18:00:00Z,111.200000,126.200000,4.000000,3.000000,2.000000,3.000000,3.000000,5.375000,15.250000,0
2026-03-17T21:00:00Z,111.200000,126.200000,4.000000,3.000000,3.000000,2.000000,3.000000,5.000000,12.625000,0
2026-03-18T00:00:00Z,111.100000,125.800000,4.000000,2.000000,3.000000,3.000000,2.000000,4.500000,12.000000,0
2026-03-18T03:00:00Z,111.100000,125.800000,4.000000,4.000000,2.000000,3.000000,3.000000,3.875000,11.000000,0
2026-03-18T06:00:00Z,111.100000,125.800000,4.000000,4.000000,4.000000,2.000000,3.000000,3.625000,9.750000,0
2026-03-18T09:00:00Z,111.100000,125.800000,4.000000,5.000000,4.000000,4.000000,2.000000,3.500000,7.500000,0
2026-03-18T12:00:00Z,111.100000,125.800000,4.000000,3.000000,5.000000,4.000000,4.000000,3.000000,6.750000,0
2026-03-18T15:00:00Z,111.100000,125.800000,4.000000,3.000000,3.000000,5.000000,4.000000,3.000000,5.750000,0
2026-03-18T18:00:00Z,111.100000,125.800000,4.000000,3.000000,3.000000,3.000000,5.000000,3.000000,5.375000,0
2026-03-18T21:00:00Z,111.100000,125.800000,4.000000,6.000000,3.000000,3.000000,3.000000,3.250000,5.000000,0
2026-03-19T00:00:00Z,112.900000,125.600000,2.000000,0.000000,6.000000,3.000000,3.000000,3.250000,4.500000,0
2026-03-19T03:00:00Z,112.900000,125.600000,2.000000,2.000000,0.000000,6.000000,3.000000,3.375000,3.875000,0
2026-03-19T06:00:00Z,112.900000,125.600000,2.000000,2.000000,2.000000,0.000000,6.000000,3.375000,3.625000,0
2026-03-19T09:00:00Z,112.900000,125.600000,2.000000,2.000000,2.000000,2.000000,0.000000,3.750000,3.500000,0
2026-03-19T12:00:00Z,112.900000,125.600000,2.000000,4.000000,2.000000,2.000000,2.000000,3.500000,3.000000,0
2026-03-19T15:00:00Z,112.900000,125.600000,2.000000,3.000000,4.000000,2.000000,2.000000,3.250000,3.000000,0
2026-03-19T18:00:00Z,112.900000,125.600000,2.000000,0.000000,3.000000,4.000000,2.000000,3.000000,3.000000,0
2026-03-19T21:00:00Z,112.900000,125.600000,2.000000,0.000000,0.000000,3.000000,4.000000,2.625000,3.250000,0
2026-03-20T00:00:00Z,106.000000,125.300000,30.000000,5.000000,0.000000,0.000000,3.000000,2.750000,3.250000,0
2026-03-20T03:00:00Z,106.000000,125.300000,30.000000,12.000000,5.000000,0.000000,0.000000,2.750000,3.375000,0
2026-03-20T06:00:00Z,106.000000,125.300000,30.000000,18.000000,12.000000,5.000000,0.000000,2.375000,3.375000,0
2026-03-20T09:00:00Z,106.000000,125.300000,30.000000,22.000000,18.000000,12.000000,5.000000,1.625000,3.750000,0
2026-03-20T12:00:00Z,106.000000,125.300000,30.000000,15.000000,22.000000,18.000000,12.000000,2.250000,3.500000,0
2026-03-20T15:00:00Z,106.000000,125.300000,30.000000,18.000000,15.000000,22.000000,18.000000,3.500000,3.250000,0
2026-03-20T18:00:00Z,106.000000,125.300000,30.000000,56.000000,18.000000,15.000000,22.000000,5.500000,3.000000,0
2026-03-20T21:00:00Z,106.000000,125.300000,30.000000,94.000000,56.000000,18.000000,15.000000,8.000000,2.625000,0
2026-03-21T00:00:00Z,102.100000,125.000000,43.000000,132.000000,94.000000,56.000000,18.000000,9.375000,2.750000,0
2026-03-21T03:00:00Z,102.100000,125.000000,43.000000,67.000000,132.000000,94.000000,56.000000,11.250000,2.750000,0
2026-03-21T06:00:00Z,102.100000,125.000000,43.000000,48.000000,67.000000,132.000000,94.000000,18.250000,2.375000,0
2026-03-21T09:00:00Z,102.100000,125.000000,43.000000,27.000000,48.000000,67.000000,132.000000,30.000000,1.625000,0
2026-03-21T12:00:00Z,102.100000,125.000000,43.000000,18.000000,27.000000,48.000000,67.000000,45.875000,2.250000,0
2026-03-21T15:00:00Z,102.100000,125.000000,43.000000,15.000000,18.000000,27.000000,48.000000,52.750000,3.500000,0
2026-03-21T18:00:00Z,102.100000,125.000000,43.000000,22.000000,15.000000,18.000000,27.000000,56.500000,5.500000,0
2026-03-21T21:00:00Z,102.100000,125.000000,43.000000,12.000000,22.000000,15.000000,18.000000,57.125000,8.000000,0
2026-03-22T00:00:00Z,107.200000,125.000000,78.000000,22.000000,12.000000,22.000000,15.000000,57.500000,9.375000,0
2026-03-22T03:00:00Z,107.200000,125.000000,78.000000,39.000000,22.000000,12.000000,22.000000,57.125000,11.250000,0
2026-03-22T06:00:00Z,107.200000,125.000000,78.000000,39.000000,39.000000,22.000000,12.000000,52.875000,18.250000,0
2026-03-22T09:00:00Z,107.200000,125.000000,78.000000,94.000000,39.000000,39.000000,22.000000,42.625000,30.000000,0
2026-03-22T12:00:00Z,107.200000,125.000000,78.000000,80.000000,94.000000,39.000000,39.000000,28.875000,45.875000,0
2026-03-22T15:00:00Z,107.200000,125.000000,78.000000,132.000000,80.000000,94.000000,39.000000,25.375000,52.750000,0
2026-03-22T18:00:00Z,107.200000,125.000000,78.000000,111.000000,132.000000,80.000000,94.000000,24.250000,56.500000,0
2026-03-22T21:00:00Z,107.200000,125.000000,78.000000,111.000000,111.000000,132.000000,80.000000,32.625000,57.125000,0
2026-03-23T00:00:00Z,120.100000,125.200000,31.000000,48.000000,111.000000,111.000000,132.000000,40.375000,57.500000,0
2026-03-23T03:00:00Z,120.100000,125.200000,31.000000,22.000000,48.000000,111.000000,111.000000,55.000000,57.125000,0
2026-03-23T06:00:00Z,120.100000,125.200000,31.000000,18.000000,22.000000,48.000000,111.000000,66.125000,52.875000,0
2026-03-23T09:00:00Z,120.100000,125.200000,31.000000,12.000000,18.000000,22.000000,48.000000,78.500000,42.625000,0
2026-03-23T12:00:00Z,120.100000,125.200000,31.000000,39.000000,12.000000,18.000000,22.000000,81.750000,28.875000,0
2026-03-23T15:00:00Z,120.100000,125.200000,31.000000,48.000000,39.000000,12.000000,18.000000,79.625000,25.375000,0
2026-03-23T18:00:00Z,120.100000,125.200000,31.000000,32.000000,48.000000,39.000000,12.000000,77.000000,24.250000,0
2026-03-23T21:00:00Z,120.100000,125.200000,31.000000,32.000000,32.000000,48.000000,39.000000,66.750000,32.625000,0
2026-03-24T00:00:00Z,124.300000,125.400000,15.000000,12.000000,32.000000,32.000000,48.000000,61.625000,40.375000,0
2026-03-24T03:00:00Z,124.300000,125.400000,15.000000,22.000000,12.000000,32.000000,32.000000,51.125000,55.000000,0
2026-03-24T06:00:00Z,124.300000,125.400000,15.000000,15.000000,22.000000,12.000000,32.000000,41.250000,66.125000,0
2026-03-24T09:00:00Z,124.300000,125.400000,15.000000,18.000000,15.000000,22.000000,12.000000,31.375000,78.500000,0
2026-03-24T12:00:00Z,124.300000,125.400000,15.000000,15.000000,18.000000,15.000000,22.000000,26.875000,81.750000,0
2026-03-24T15:00:00Z,124.300000,125.400000,15.000000,15.000000,15.000000,18.000000,15.000000,26.875000,79.625000,0
2026-03-24T18:00:00Z,124.300000,125.400000,15.000000,15.000000,15.000000,15.000000,18.000000,26.500000,77.000000,0
2026-03-24T21:00:00Z,124.300000,125.400000,15.000000,9.000000,15.000000,15.000000,15.000000,27.250000,66.750000,0
2026-03-25T00:00:00Z,128.300000,125.500000,15.000000,12.000000,9.000000,15.000000,15.000000,24.250000,61.625000,0
2026-03-25T03:00:00Z,128.300000,125.500000,15.000000,18.000000,12.000000,9.000000,15.000000,20.125000,51.125000,0
2026-03-25T06:00:00Z,128.300000,125.500000,15.000000,48.000000,18.000000,12.000000,9.000000,18.000000,41.250000,0
2026-03-25T09:00:00Z,128.300000,125.500000,15.000000,18.000000,48.000000,18.000000,12.000000,15.125000,31.375000,0
2026-03-25T12:00:00Z,128.300000,125.500000,15.000000,4.000000,18.000000,48.000000,18.000000,15.125000,26.875000,0
2026-03-25T15:00:00Z,128.300000,125.500000,15.000000,6.000000,4.000000,18.000000,48.000000,14.625000,26.875000,0
2026-03-25T18:00:00Z,128.300000,125.500000,15.000000,12.000000,6.000000,4.000000,18.000000,18.750000,26.500000,0
2026-03-25T21:00:00Z,128.300000,125.500000,15.000000,2.000000,12.000000,6.000000,4.000000,18.750000,27.250000,0
2026-03-26T00:00:00Z,140.100000,125.600000,8.000000,9.000000,2.000000,12.000000,6.000000,17.375000,24.250000,0
2026-03-26T03:00:00Z,140.100000,125.600000,8.000000,6.000000,9.000000,2.000000,12.000000,16.250000,20.125000,0
2026-03-26T06:00:00Z,140.100000,125.600000,8.000000,7.000000,6.000000,9.000000,2.000000,15.875000,18.000000,0
2026-03-26T09:00:00Z,140.100000,125.600000,8.000000,6.000000,7.000000,6.000000,9.000000,15.000000,15.125000,0
2026-03-26T12:00:00Z,140.100000,125.600000,8.000000,9.000000,6.000000,7.000000,6.000000,14.625000,15.125000,0
2026-03-26T15:00:00Z,140.100000,125.600000,8.000000,15.000000,9.000000,6.000000,7.000000,13.125000,14.625000,0
2026-03-26T18:00:00Z,140.100000,125.600000,8.000000,7.000000,15.000000,9.000000,6.000000,8.000000,18.750000,0
2026-03-26T21:00:00Z,140.100000,125.600000,8.000000,7.000000,7.000000,15.000000,9.000000,6.500000,18.750000,0
2026-03-27T00:00:00Z,152.200000,125.700000,6.000000,5.000000,7.000000,7.000000,15.000000,7.125000,17.375000,0
2026-03-27T03:00:00Z,152.200000,125.700000,6.000000,7.000000,5.000000,7.000000,7.000000,8.250000,16.250000,0
2026-03-27T06:00:00Z,152.200000,125.700000,6.000000,5.000000,7.000000,5.000000,7.000000,7.625000,15.875000,0
2026-03-27T09:00:00Z,152.200000,125.700000,6.000000,4.000000,5.000000,7.000000,5.000000,8.250000,15.000000,0
2026-03-27T12:00:00Z,152.200000,125.700000,6.000000,4.000000,4.000000,5.000000,7.000000,7.750000,14.625000,0
2026-03-27T15:00:00Z,152.200000,125.700000,6.000000,7.000000,4.000000,4.000000,5.000000,7.875000,13.125000,0
2026-03-27T18:00:00Z,152.200000,125.700000,6.000000,6.000000,7.000000,4.000000,4.000000,7.625000,8.000000,0
2026-03-27T21:00:00Z,152.200000,125.700000,6.000000,9.000000,6.000000,7.000000,4.000000,7.375000,6.500000,0
2026-03-28T00:00:00Z,156.400000,125.700000,9.000000,18.000000,9.000000,6.000000,7.000000,6.750000,7.125000,0
2026-03-28T03:00:00Z,156.400000,125.700000,9.000000,5.000000,18.000000,9.000000,6.000000,5.750000,8.250000,0
2026-03-28T06:00:00Z,156.400000,125.700000,9.000000,12.000000,5.000000,18.000000,9.000000,5.625000,7.625000,0
2026-03-28T09:00:00Z,156.400000,125.700000,9.000000,9.000000,12.000000,5.000000,18.000000,5.875000,8.250000,0
2026-03-28T12:00:00Z,156.400000,125.700000,9.000000,5.000000,9.000000,12.000000,5.000000,7.500000,7.750000,0
2026-03-28T15:00:00Z,156.400000,125.700000,9.000000,6.000000,5.000000,9.000000,12.000000,7.250000,7.875000,0
2026-03-28T18:00:00Z,156.400000,125.700000,9.000000,5.000000,6.000000,5.000000,9.000000,8.125000,7.625000,0
2026-03-28T21:00:00Z,156.400000,125.700000,9.000000,15.000000,5.000000,6.000000,5.000000,8.750000,7.375000,0
2026-03-29T00:00:00Z,161.800000,125.700000,14.000000,18.000000,15.000000,5.000000,6.000000,8.875000,6.750000,0
2026-03-29T03:00:00Z,161.800000,125.700000,14.000000,22.000000,18.000000,15.000000,5.000000,8.750000,5.750000,0
2026-03-29T06:00:00Z,161.800000,125.700000,14.000000,15.000000,22.000000,18.000000,15.000000,8.625000,5.625000,0
2026-03-29T09:00:00Z,161.800000,125.700000,14.000000,6.000000,15.000000,22.000000,18.000000,9.375000,5.875000,0
2026-03-29T12:00:00Z,161.800000,125.700000,14.000000,18.000000,6.000000,15.000000,22.000000,9.375000,7.500000,0
2026-03-29T15:00:00Z,161.800000,125.700000,14.000000,22.000000,18.000000,6.000000,15.000000,11.500000,7.250000,0
2026-03-29T18:00:00Z,161.800000,125.700000,14.000000,4.000000,22.000000,18.000000,6.000000,11.875000,8.125000,0
2026-03-29T21:00:00Z,161.800000,125.700000,14.000000,6.000000,4.000000,22.000000,18.000000,11.500000,8.750000,0
2026-03-30T00:00:00Z,157.900000,125.700000,10.000000,7.000000,6.000000,4.000000,22.000000,13.125000,8.875000,0
2026-03-30T03:00:00Z,157.900000,125.700000,10.000000,12.000000,7.000000,6.000000,4.000000,15.125000,8.750000,0
2026-03-30T06:00:00Z,157.900000,125.700000,10.000000,18.000000,12.000000,7.000000,6.000000,15.000000,8.625000,0
2026-03-30T09:00:00Z,157.900000,125.700000,10.000000,12.000000,18.000000,12.000000,7.000000,13.875000,9.375000,0
2026-03-30T12:00:00Z,157.900000,125.700000,10.000000,18.000000,12.000000,18.000000,12.000000,12.500000,9.375000,0
2026-03-30T15:00:00Z,157.900000,125.700000,10.000000,6.000000,18.000000,12.000000,18.000000,11.250000,11.500000,0
2026-03-30T18:00:00Z,157.900000,125.700000,10.000000,7.000000,6.000000,18.000000,12.000000,11.625000,11.875000,0
2026-03-30T21:00:00Z,157.900000,125.700000,10.000000,4.000000,7.000000,6.000000,18.000000,12.375000,11.500000,0
2026-03-31T00:00:00Z,151.800000,125.800000,6.000000,4.000000,4.000000,7.000000,6.000000,12.375000,13.125000,0
2026-03-31T03:00:00Z,151.800000,125.800000,6.000000,12.000000,4.000000,4.000000,7.000000,10.375000,15.125000,0
2026-03-31T06:00:00Z,151.800000,125.800000,6.000000,6.000000,12.000000,4.000000,4.000000,10.750000,15.000000,0
2026-03-31T09:00:00Z,151.800000,125.800000,6.000000,6.000000,6.000000,12.000000,4.000000,10.500000,13.875000,0
2026-03-31T12:00:00Z,151.800000,125.800000,6.000000,7.000000,6.000000,6.000000,12.000000,10.125000,12.500000,0
2026-03-31T15:00:00Z,151.800000,125.800000,6.000000,6.000000,7.000000,6.000000,6.000000,10.125000,11.250000,0
2026-03-31T18:00:00Z,151.800000,125.800000,6.000000,4.000000,6.000000,7.000000,6.000000,8.625000,11.625000,0
2026-03-31T21:00:00Z,151.800000,125.800000,6.000000,5.000000,4.000000,6.000000,7.000000,7.875000,12.375000,0
2026-04-01T00:00:00Z,140.800000,125.800000,8.000000,15.000000,5.000000,4.000000,6.000000,6.500000,12.375000,0
2026-04-01T03:00:00Z,140.800000,125.800000,8.000000,7.000000,15.000000,5.000000,4.000000,6.500000,10.375000,0
2026-04-01T06:00:00Z,140.800000,125.800000,8.000000,4.000000,7.000000,15.000000,5.000000,6.125000,10.750000,0
2026-04-01T09:00:00Z,140.800000,125.800000,8.000000,4.000000,4.000000,7.000000,15.000000,6.250000,10.500000,0
2026-04-01T12:00:00Z,140.800000,125.800000,8.000000,15.000000,4.000000,4.000000,7.000000,7.625000,10.125000,0
2026-04-01T15:00:00Z,140.800000,125.800000,8.000000,9.000000,15.000000,4.000000,4.000000,7.000000,10.125000,0
2026-04-01T18:00:00Z,140.800000,125.800000,8.000000,5.000000,9.000000,15.000000,4.000000,6.750000,8.625000,0
2026-04-01T21:00:00Z,140.800000,125.800000,8.000000,9.000000,5.000000,9.000000,15.000000,6.500000,7.875000,0
2026-04-02T00:00:00Z,141.900000,125.800000,43.000000,32.000000,9.000000,5.000000,9.000000,7.500000,6.500000,0
2026-04-02T03:00:00Z,141.900000,125.800000,43.000000,27.000000,32.000000,9.000000,5.000000,7.875000,6.500000,0
2026-04-02T06:00:00Z,141.900000,125.800000,43.000000,48.000000,27.000000,32.000000,9.000000,8.000000,6.125000,0
2026-04-02T09:00:00Z,141.900000,125.800000,43.000000,39.000000,48.000000,27.000000,32.000000,8.500000,6.250000,0
2026-04-02T12:00:00Z,141.900000,125.800000,43.000000,48.000000,39.000000,48.000000,27.000000,10.625000,7.625000,0
2026-04-02T15:00:00Z,141.900000,125.800000,43.000000,80.000000,48.000000,39.000000,48.000000,13.125000,7.000000,0
2026-04-02T18:00:00Z,141.900000,125.800000,43.000000,48.000000,80.000000,48.000000,39.000000,18.625000,6.750000,0
2026-04-02T21:00:00Z,141.900000,125.800000,43.000000,22.000000,48.000000,80.000000,48.000000,23.000000,6.500000,0
2026-04-03T00:00:00Z,140.300000,125.700000,46.000000,22.000000,22.000000,48.000000,80.000000,27.125000,7.500000,0
2026-04-03T03:00:00Z,140.300000,125.700000,46.000000,22.000000,22.000000,22.000000,48.000000,36.000000,7.875000,0
2026-04-03T06:00:00Z,140.300000,125.700000,46.000000,56.000000,22.000000,22.000000,22.000000,41.375000,8.000000,0
2026-04-03T09:00:00Z,140.300000,125.700000,46.000000,27.000000,56.000000,22.000000,22.000000,43.000000,8.500000,0
2026-04-03T12:00:00Z,140.300000,125.700000,46.000000,22.000000,27.000000,56.000000,22.000000,41.750000,10.625000,0
2026-04-03T15:00:00Z,140.300000,125.700000,46.000000,94.000000,22.000000,27.000000,56.000000,41.125000,13.125000,0
2026-04-03T18:00:00Z,140.300000,125.700000,46.000000,56.000000,94.000000,22.000000,27.000000,42.125000,18.625000,0
2026-04-03T21:00:00Z,140.300000,125.700000,46.000000,67.000000,56.000000,94.000000,22.000000,40.625000,23.000000,0
2026-04-04T00:00:00Z,135.800000,125.600000,14.000000,27.000000,67.000000,56.000000,94.000000,37.375000,27.125000,0
2026-04-04T03:00:00Z,135.800000,125.600000,14.000000,22.000000,27.000000,67.000000,56.000000,39.125000,36.000000,0
2026-04-04T06:00:00Z,135.800000,125.600000,14.000000,12.000000,22.000000,27.000000,67.000000,40.125000,41.375000,0
2026-04-04T09:00:00Z,135.800000,125.600000,14.000000,9.000000,12.000000,22.000000,27.000000,45.750000,43.000000,0
2026-04-04T12:00:00Z,135.800000,125.600000,14.000000,4.000000,9.000000,12.000000,22.000000,46.375000,41.750000,0
2026-04-04T15:00:00Z,135.800000,125.600000,14.000000,6.000000,4.000000,9.000000,12.000000,46.375000,41.125000,0
2026-04-04T18:00:00Z,135.800000,125.600000,14.000000,27.000000,6.000000,4.000000,9.000000,40.875000,42.125000,0
2026-04-04T21:00:00Z,135.800000,125.600000,14.000000,7.000000,27.000000,6.000000,4.000000,38.625000,40.625000,0
2026-04-05T00:00:00Z,128.100000,125.600000,12.000000,22.000000,7.000000,27.000000,6.000000,36.375000,37.375000,0
2026-04-05T03:00:00Z,128.100000,125.600000,12.000000,18.000000,22.000000,7.000000,27.000000,25.375000,39.125000,0
2026-04-05T06:00:00Z,128.100000,125.600000,12.000000,15.000000,18.000000,22.000000,7.000000,21.750000,40.125000,0
2026-04-05T09:00:00Z,128.100000,125.600000,12.000000,9.000000,15.000000,18.000000,22.000000,14.250000,45.750000,0
2026-04-05T12:00:00Z,128.100000,125.600000,12.000000,9.000000,9.000000,15.000000,18.000000,13.625000,46.375000,0
2026-04-05T15:00:00Z,128.100000,125.600000,12.000000,15.000000,9.000000,9.000000,15.000000,13.125000,46.375000,0
2026-04-05T18:00:00Z,128.100000,125.600000,12.000000,5.000000,15.000000,9.000000,9.000000,13.500000,40.875000,0
2026-04-05T21:00:00Z,128.100000,125.600000,12.000000,3.000000,5.000000,15.000000,9.000000,13.500000,38.625000,0
2026-04-06T00:00:00Z,118.000000,125.400000,9.000000,4.000000,3.000000,5.000000,15.000000,14.125000,36.375000,0
2026-04-06T03:00:00Z,118.000000,125.400000,9.000000,12.000000,4.000000,3.000000,5.000000,15.250000,25.375000,0
2026-04-06T06:00:00Z,118.000000,125.400000,9.000000,7.000000,12.000000,4.000000,3.000000,12.500000,21.750000,0
2026-04-06T09:00:00Z,118.000000,125.400000,9.000000,7.000000,7.000000,12.000000,4.000000,12.000000,14.250000,0
2026-04-06T12:00:00Z,118.000000,125.400000,9.000000,7.000000,7.000000,7.000000,12.000000,9.750000,13.625000,0
2026-04-06T15:00:00Z,118.000000,125.400000,9.000000,12.000000,7.000000,7.000000,7.000000,9.000000,13.125000,0
2026-04-06T18:00:00Z,118.000000,125.400000,9.000000,12.000000,12.000000,7.000000,7.000000,8.000000,13.500000,0
2026-04-06T21:00:00Z,118.000000,125.400000,9.000000,9.000000,12.000000,12.000000,7.000000,7.750000,13.500000,0
2026-04-07T00:00:00Z,116.400000,125.200000,8.000000,15.000000,9.000000,12.000000,12.000000,7.500000,14.125000,0
2026-04-07T03:00:00Z,116.400000,125.200000,8.000000,7.000000,15.000000,9.000000,12.000000,7.125000,15.250000,0
2026-04-07T06:00:00Z,116.400000,125.200000,8.000000,5.000000,7.000000,15.000000,9.000000,8.000000,12.500000,0
2026-04-07T09:00:00Z,116.400000,125.200000,8.000000,2.000000,5.000000,7.000000,15.000000,8.750000,12.000000,0
2026-04-07T12:00:00Z,116.400000,125.200000,8.000000,6.000000,2.000000,5.000000,7.000000,10.125000,9.750000,0
2026-04-07T15:00:00Z,116.400000,125.200000,8.000000,9.000000,6.000000,2.000000,5.000000,9.500000,9.000000,0
2026-04-07T18:00:00Z,116.400000,125.200000,8.000000,5.000000,9.000000,6.000000,2.000000,9.250000,8.000000,0
2026-04-07T21:00:00Z,116.400000,125.200000,8.000000,12.000000,5.000000,9.000000,6.000000,8.625000,7.750000,0
2026-04-08T00:00:00Z,108.900000,124.900000,6.000000,7.000000,12.000000,5.000000,9.000000,8.500000,7.500000,0
2026-04-08T03:00:00Z,108.900000,124.900000,6.000000,5.000000,7.000000,12.000000,5.000000,8.125000,7.125000,0
2026-04-08T06:00:00Z,108.900000,124.900000,6.000000,4.000000,5.000000,7.000000,12.000000,7.250000,8.000000,0
2026-04-08T09:00:00Z,108.900000,124.900000,6.000000,6.000000,4.000000,5.000000,7.000000,7.625000,8.750000,0
2026-04-08T12:00:00Z,108.900000,124.900000,6.000000,7.000000,6.000000,4.000000,5.000000,6.625000,10.125000,0
2026-04-08T15:00:00Z,108.900000,124.900000,6.000000,6.000000,7.000000,6.000000,4.000000,6.375000,9.500000,0
2026-04-08T18:00:00Z,108.900000,124.900000,6.000000,9.000000,6.000000,7.000000,6.000000,6.250000,9.250000,0
2026-04-08T21:00:00Z,108.900000,124.900000,6.000000,5.000000,9.000000,6.000000,7.000000,6.750000,8.625000,0
2026-04-09T00:00:00Z,108.400000,124.500000,6.000000,4.000000,5.000000,9.000000,6.000000,6.875000,8.500000,0
2026-04-09T03:00:00Z,108.400000,124.500000,6.000000,4.000000,4.000000,5.000000,9.000000,6.500000,8.125000,0
2026-04-09T06:00:00Z,108.400000,124.500000,6.000000,6.000000,4.000000,4.000000,5.000000,7.000000,7.250000,0
2026-04-09T09:00:00Z,108.400000,124.500000,6.000000,3.000000,6.000000,4.000000,4.000000,6.125000,7.625000,0
2026-04-09T12:00:00Z,108.400000,124.500000,6.000000,9.000000,3.000000,6.000000,4.000000,5.750000,6.625000,0
2026-04-09T15:00:00Z,108.400000,124.500000,6.000000,7.000000,9.000000,3.000000,6.000000,5.625000,6.375000,0
2026-04-09T18:00:00Z,108.400000,124.500000,6.000000,6.000000,7.000000,9.000000,3.000000,5.875000,6.250000,0
2026-04-09T21:00:00Z,108.400000,124.500000,6.000000,7.000000,6.000000,7.000000,9.000000,5.500000,6.750000,0
2026-04-10T00:00:00Z,96.700000,124.100000,17.000000,22.000000,7.000000,6.000000,7.000000,5.750000,6.875000,0
2026-04-10T03:00:00Z,96.700000,124.100000,17.000000,12.000000,22.000000,7.000000,6.000000,5.875000,6.500000,0
2026-04-10T06:00:00Z,96.700000,124.100000,17.000000,9.000000,12.000000,22.000000,7.000000,5.500000,7.000000,0
2026-04-10T09:00:00Z,96.700000,124.100000,17.000000,5.000000,9.000000,12.000000,22.000000,5.750000,6.125000,0
2026-04-10T12:00:00Z,96.700000,124.100000,17.000000,32.000000,5.000000,9.000000,12.000000,8.000000,5.750000,0
2026-04-10T15:00:00Z,96.700000,124.100000,17.000000,27.000000,32.000000,5.000000,9.000000,9.000000,5.625000,0
2026-04-10T18:00:00Z,96.700000,124.100000,17.000000,22.000000,27.000000,32.000000,5.000000,9.375000,5.875000,0
2026-04-10T21:00:00Z,96.700000,124.100000,17.000000,5.000000,22.000000,27.000000,32.000000,9.625000,5.500000,0
2026-04-11T00:00:00Z,93.700000,123.800000,12.000000,7.000000,5.000000,22.000000,27.000000,12.500000,5.750000,0
2026-04-11T03:00:00Z,93.700000,123.800000,12.000000,22.000000,7.000000,5.000000,22.000000,15.000000,5.875000,0
2026-04-11T06:00:00Z,93.700000,123.800000,12.000000,22.000000,22.000000,7.000000,5.000000,17.000000,5.500000,0
2026-04-11T09:00:00Z,93.700000,123.800000,12.000000,18.000000,22.000000,22.000000,7.000000,16.750000,5.750000,0
2026-04-11T12:00:00Z,93.700000,123.800000,12.000000,9.000000,18.000000,22.000000,22.000000,14.875000,8.000000,0
2026-04-11T15:00:00Z,93.700000,123.800000,12.000000,6.000000,9.000000,18.000000,22.000000,16.125000,9.000000,0
2026-04-11T18:00:00Z,93.700000,123.800000,12.000000,6.000000,6.000000,9.000000,18.000000,17.750000,9.375000,0
2026-04-11T21:00:00Z,93.700000,123.800000,12.000000,4.000000,6.000000,6.000000,9.000000,19.375000,9.625000,0
2026-04-12T00:00:00Z,93.300000,123.500000,7.000000,7.000000,4.000000,6.000000,6.000000,16.500000,12.500000,0
2026-04-12T03:00:00Z,93.300000,123.500000,7.000000,7.000000,7.000000,4.000000,6.000000,13.875000,15.000000,0
2026-04-12T06:00:00Z,93.300000,123.500000,7.000000,7.000000,7.000000,7.000000,4.000000,11.875000,17.000000,0
2026-04-12T09:00:00Z,93.300000,123.500000,7.000000,7.000000,7.000000,7.000000,7.000000,11.750000,16.750000,0
2026-04-12T12:00:00Z,93.300000,123.500000,7.000000,12.000000,7.000000,7.000000,7.000000,11.750000,14.875000,0
2026-04-12T15:00:00Z,93.300000,123.500000,7.000000,5.000000,12.000000,7.000000,7.000000,9.875000,16.125000,0
2026-04-12T18:00:00Z,93.300000,123.500000,7.000000,6.000000,5.000000,12.000000,7.000000,8.000000,17.750000,0
2026-04-12T21:00:00Z,93.300000,123.500000,7.000000,6.000000,6.000000,5.000000,12.000000,6.625000,19.375000,0
2026-04-13T00:00:00Z,98.800000,123.400000,3.000000,2.000000,6.000000,6.000000,5.000000,7.000000,16.500000,0
2026-04-13T03:00:00Z,98.800000,123.400000,3.000000,4.000000,2.000000,6.000000,6.000000,6.875000,13.875000,0
2026-04-13T06:00:00Z,98.800000,123.400000,3.000000,3.000000,4.000000,2.000000,6.000000,6.875000,11.875000,0
2026-04-13T09:00:00Z,98.800000,123.400000,3.000000,3.000000,3.000000,4.000000,2.000000,7.125000,11.750000,0
2026-04-13T12:00:00Z,98.800000,123.400000,3.000000,2.000000,3.000000,3.000000,4.000000,6.500000,11.750000,0
2026-04-13T15:00:00Z,98.800000,123.400000,3.000000,4.000000,2.000000,3.000000,3.000000,6.125000,9.875000,0
2026-04-13T18:00:00Z,98.800000,123.400000,3.000000,3.000000,4.000000,2.000000,3.000000,5.625000,8.000000,0
2026-04-13T21:00:00Z,98.800000,123.400000,3.000000,3.000000,3.000000,4.000000,2.000000,5.125000,6.625000,0
2026-04-14T00:00:00Z,98.700000,123.300000,3.000000,4.000000,3.000000,3.000000,4.000000,3.875000,7.000000,0
2026-04-14T03:00:00Z,98.700000,123.300000,3.000000,0.000000,4.000000,3.000000,3.000000,3.750000,6.875000,0
2026-04-14T06:00:00Z,98.700000,123.300000,3.000000,2.000000,0.000000,4.000000,3.000000,3.375000,6.875000,0
2026-04-14T09:00:00Z,98.700000,123.300000,3.000000,4.000000,2.000000,0.000000,4.000000,3.000000,7.125000,0
2026-04-14T12:00:00Z,98.700000,123.300000,3.000000,5.000000,4.000000,2.000000,0.000000,3.250000,6.500000,0
2026-04-14T15:00:00Z,98.700000,123.300000,3.000000,5.000000,5.000000,4.000000,2.000000,2.750000,6.125000,0
2026-04-14T18:00:00Z,98.700000,123.300000,3.000000,2.000000,5.000000,5.000000,4.000000,2.625000,5.625000,0
2026-04-14T21:00:00Z,98.700000,123.300000,3.000000,0.000000,2.000000,5.000000,5.000000,2.750000,5.125000,0
2026-04-15T00:00:00Z,100.900000,123.200000,4.000000,3.000000,0.000000,2.000000,5.000000,3.125000,3.875000,0
2026-04-15T03:00:00Z,100.900000,123.200000,4.000000,4.000000,3.000000,0.000000,2.000000,3.250000,3.750000,0
2026-04-15T06:00:00Z,100.900000,123.200000,4.000000,4.000000,4.000000,3.000000,0.000000,3.125000,3.375000,0
2026-04-15T09:00:00Z,100.900000,123.200000,4.000000,2.000000,4.000000,4.000000,3.000000,2.750000,3.000000,0
2026-04-15T12:00:00Z,100.900000,123.200000,4.000000,4.000000,2.000000,4.000000,4.000000,2.625000,3.250000,0
2026-04-15T15:00:00Z,100.900000,123.200000,4.000000,7.000000,4.000000,2.000000,4.000000,3.125000,2.750000,0
2026-04-15T18:00:00Z,100.900000,123.200000,4.000000,4.000000,7.000000,4.000000,2.000000,3.375000,2.625000,0
2026-04-15T21:00:00Z,100.900000,123.200000,4.000000,5.000000,4.000000,7.000000,4.000000,3.125000,2.750000,0
2026-04-16T00:00:00Z,104.800000,123.200000,2.000000,0.000000,5.000000,4.000000,7.000000,3.000000,3.125000,0
2026-04-16T03:00:00Z,104.800000,123.200000,2.000000,4.000000,0.000000,5.000000,4.000000,3.250000,3.250000,0
2026-04-16T06:00:00Z,104.800000,123.200000,2.000000,3.000000,4.000000,0.000000,5.000000,3.500000,3.125000,0
2026-04-16T09:00:00Z,104.800000,123.200000,2.000000,2.000000,3.000000,4.000000,0.000000,4.125000,2.750000,0
2026-04-16T12:00:00Z,104.800000,123.200000,2.000000,2.000000,2.000000,3.000000,4.000000,3.750000,2.625000,0
2026-04-16T15:00:00Z,104.800000,123.200000,2.000000,2.000000,2.000000,2.000000,3.000000,3.750000,3.125000,0
2026-04-16T18:00:00Z,104.800000,123.200000,2.000000,4.000000,2.000000,2.000000,2.000000,3.625000,3.375000,0
2026-04-16T21:00:00Z,104.800000,123.200000,2.000000,2.000000,4.000000,2.000000,2.000000,3.625000,3.125000,0
2026-04-17T00:00:00Z,108.000000,123.300000,3.000000,0.000000,2.000000,4.000000,2.000000,3.375000,3.000000,0
2026-04-17T03:00:00Z,108.000000,123.300000,3.000000,0.000000,0.000000,2.000000,4.000000,2.750000,3.250000,0
2026-04-17T06:00:00Z,108.000000,123.300000,3.000000,0.000000,0.000000,0.000000,2.000000,2.750000,3.500000,0
2026-04-17T09:00:00Z,108.000000,123.300000,3.000000,2.000000,0.000000,0.000000,0.000000,2.375000,4.125000,0
2026-04-17T12:00:00Z,108.000000,123.300000,3.000000,2.000000,2.000000,0.000000,0.000000,2.375000,3.750000,0
2026-04-17T15:00:00Z,108.000000,123.300000,3.000000,2.000000,2.000000,2.000000,0.000000,1.875000,3.750000,0
2026-04-17T18:00:00Z,108.000000,123.300000,3.000000,7.000000,2.000000,2.000000,2.000000,1.500000,3.625000,0
2026-04-17T21:00:00Z,108.000000,123.300000,3.000000,12.000000,7.000000,2.000000,2.000000,1.500000,3.625000,0
2026-04-18T00:00:00Z,107.100000,123.400000,33.000000,18.000000,12.000000,7.000000,2.000000,1.500000,3.375000,0
2026-04-18T03:00:00Z,107.100000,123.400000,33.000000,48.000000,18.000000,12.000000,7.000000,1.500000,2.750000,0
2026-04-18T06:00:00Z,107.100000,123.400000,33.000000,56.000000,48.000000,18.000000,12.000000,1.875000,2.750000,0
2026-04-18T09:00:00Z,107.100000,123.400000,33.000000,48.000000,56.000000,48.000000,18.000000,3.125000,2.375000,0
2026-04-18T12:00:00Z,107.100000,123.400000,33.000000,22.000000,48.000000,56.000000,48.000000,5.375000,2.375000,0
2026-04-18T15:00:00Z,107.100000,123.400000,33.000000,18.000000,22.000000,48.000000,56.000000,11.375000,1.875000,0
2026-04-18T18:00:00Z,107.100000,123.400000,33.000000,18.000000,18.000000,22.000000,48.000000,18.375000,1.500000,0
2026-04-18T21:00:00Z,107.100000,123.400000,33.000000,39.000000,18.000000,18.000000,22.000000,24.125000,1.500000,0
2026-04-19T00:00:00Z,105.100000,123.600000,21.000000,18.000000,39.000000,18.000000,18.000000,26.625000,1.500000,0
2026-04-19T03:00:00Z,105.100000,123.600000,21.000000,32.000000,18.000000,39.000000,18.000000,28.625000,1.500000,0
2026-04-19T06:00:00Z,105.100000,123.600000,21.000000,56.000000,32.000000,18.000000,39.000000,30.000000,1.875000,0
2026-04-19T09:00:00Z,105.100000,123.600000,21.000000,18.000000,56.000000,32.000000,18.000000,33.375000,3.125000,0
2026-04-19T12:00:00Z,105.100000,123.600000,21.000000,12.000000,18.000000,56.000000,32.000000,33.375000,5.375000,0
2026-04-19T15:00:00Z,105.100000,123.600000,21.000000,15.000000,12.000000,18.000000,56.000000,31.375000,11.375000,0
2026-04-19T18:00:00Z,105.100000,123.600000,21.000000,9.000000,15.000000,12.000000,18.000000,31.375000,18.375000,0
2026-04-19T21:00:00Z,105.100000,123.600000,21.000000,5.000000,9.000000,15.000000,12.000000,27.625000,24.125000,0
2026-04-20T00:00:00Z,104.500000,123.800000,23.000000,2.000000,5.000000,9.000000,15.000000,26.375000,26.625000,0
2026-04-20T03:00:00Z,104.500000,123.800000,23.000000,7.000000,2.000000,5.000000,9.000000,26.000000,28.625000,0
2026-04-20T06:00:00Z,104.500000,123.800000,23.000000,22.000000,7.000000,2.000000,5.000000,24.875000,30.000000,0
2026-04-20T09:00:00Z,104.500000,123.800000,23.000000,18.000000,22.000000,7.000000,2.000000,20.625000,33.375000,0
2026-04-20T12:00:00Z,104.500000,123.800000,23.000000,18.000000,18.000000,22.000000,7.000000,18.625000,33.375000,0
2026-04-20T15:00:00Z,104.500000,123.800000,23.000000,48.000000,18.000000,18.000000,22.000000,15.500000,31.375000,0
2026-04-20T18:00:00Z,104.500000,123.800000,23.000000,48.000000,48.000000,18.000000,18.000000,11.250000,31.375000,0
2026-04-20T21:00:00Z,104.500000,123.800000,23.000000,22.000000,48.000000,48.000000,18.000000,11.250000,27.625000,0
2026-04-21T00:00:00Z,105.100000,124.000000,20.000000,39.000000,22.000000,48.000000,48.000000,12.000000,26.375000,0
2026-04-21T03:00:00Z,105.100000,124.000000,20.000000,27.000000,39.000000,22.000000,48.000000,16.125000,26.000000,0
2026-04-21T06:00:00Z,105.100000,124.000000,20.000000,7.000000,27.000000,39.000000,22.000000,21.000000,24.875000,0
2026-04-21T09:00:00Z,105.100000,124.000000,20.000000,6.000000,7.000000,27.000000,39.000000,23.125000,20.625000,0
2026-04-21T12:00:00Z,105.100000,124.000000,20.000000,22.000000,6.000000,7.000000,27.000000,27.750000,18.625000,0
2026-04-21T15:00:00Z,105.100000,124.000000,20.000000,32.000000,22.000000,6.000000,7.000000,30.250000,15.500000,0
2026-04-21T18:00:00Z,105.100000,124.000000,20.000000,18.000000,32.000000,22.000000,6.000000,28.375000,11.250000,0
2026-04-21T21:00:00Z,105.100000,124.000000,20.000000,7.000000,18.000000,32.000000,22.000000,26.875000,11.250000,0
2026-04-22T00:00:00Z,112.300000,124.100000,4.000000,3.000000,7.000000,18.000000,32.000000,27.375000,12.000000,0
2026-04-22T03:00:00Z,112.300000,124.100000,4.000000,4.000000,3.000000,7.000000,18.000000,25.375000,16.125000,0
2026-04-22T06:00:00Z,112.300000,124.100000,4.000000,2.000000,4.000000,3.000000,7.000000,21.625000,21.000000,0
2026-04-22T09:00:00Z,112.300000,124.100000,4.000000,6.000000,2.000000,4.000000,3.000000,19.750000,23.125000,0
2026-04-22T12:00:00Z,112.300000,124.100000,4.000000,6.000000,6.000000,2.000000,4.000000,15.250000,27.750000,0
2026-04-22T15:00:00Z,112.300000,124.100000,4.000000,4.000000,6.000000,6.000000,2.000000,12.375000,30.250000,0
2026-04-22T18:00:00Z,112.300000,124.100000,4.000000,5.000000,4.000000,6.000000,6.000000,11.750000,28.375000,0
2026-04-22T21:00:00Z,112.300000,124.100000,4.000000,5.000000,5.000000,4.000000,6.000000,11.750000,26.875000,0
2026-04-23T00:00:00Z,116.200000,124.400000,6.000000,6.000000,5.000000,5.000000,4.000000,9.750000,27.375000,0
2026-04-23T03:00:00Z,116.200000,124.400000,6.000000,12.000000,6.000000,5.000000,5.000000,6.250000,25.375000,0
2026-04-23T06:00:00Z,116.200000,124.400000,6.000000,7.000000,12.000000,6.000000,5.000000,4.625000,21.625000,0
2026-04-23T09:00:00Z,116.200000,124.400000,6.000000,5.000000,7.000000,12.000000,6.000000,4.375000,19.750000,0
2026-04-23T12:00:00Z,116.200000,124.400000,6.000000,5.000000,5.000000,7.000000,12.000000,4.750000,15.250000,0
2026-04-23T15:00:00Z,116.200000,124.400000,6.000000,5.000000,5.000000,5.000000,7.000000,5.750000,12.375000,0
2026-04-23T18:00:00Z,116.200000,124.400000,6.000000,4.000000,5.000000,5.000000,5.000000,6.375000,11.750000,0
2026-04-23T21:00:00Z,116.200000,124.400000,6.000000,5.000000,4.000000,5.000000,5.000000,6.250000,11.750000,0
2026-04-24T00:00:00Z,127.900000,124.900000,8.000000,9.000000,5.000000,4.000000,5.000000,6.125000,9.750000,0
2026-04-24T03:00:00Z,127.900000,124.900000,8.000000,4.000000,9.000000,5.000000,4.000000,6.250000,6.250000,0
2026-04-24T06:00:00Z,127.900000,124.900000,8.000000,6.000000,4.000000,9.000000,5.000000,6.125000,4.625000,0
2026-04-24T09:00:00Z,127.900000,124.900000,8.000000,4.000000,6.000000,4.000000,9.000000,6.125000,4.375000,0
2026-04-24T12:00:00Z,127.900000,124.900000,8.000000,5.000000,4.000000,6.000000,4.000000,6.500000,4.750000,0
2026-04-24T15:00:00Z,127.900000,124.900000,8.000000,6.000000,5.000000,4.000000,6.000000,5.500000,5.750000,0
2026-04-24T18:00:00Z,127.900000,124.900000,8.000000,18.000000,6.000000,5.000000,4.000000,5.375000,6.375000,0
2026-04-24T21:00:00Z,127.900000,124.900000,8.000000,15.000000,18.000000,6.000000,5.000000,5.250000,6.250000,0
2026-04-25T00:00:00Z,146.300000,125.300000,9.000000,18.000000,15.000000,18.000000,6.000000,5.250000,6.125000,0
2026-04-25T03:00:00Z,146.300000,125.300000,9.000000,4.000000,18.000000,15.000000,18.000000,5.375000,6.250000,0
2026-04-25T06:00:00Z,146.300000,125.300000,9.000000,3.000000,4.000000,18.000000,15.000000,7.125000,6.125000,0
2026-04-25T09:00:00Z,146.300000,125.300000,9.000000,3.000000,3.000000,4.000000,18.000000,8.375000,6.125000,0
2026-04-25T12:00:00Z,146.300000,125.300000,9.000000,4.000000,3.000000,3.000000,4.000000,9.500000,6.500000,0
2026-04-25T15:00:00Z,146.300000,125.300000,9.000000,6.000000,4.000000,3.000000,3.000000,9.500000,5.500000,0
2026-04-25T18:00:00Z,146.300000,125.300000,9.000000,18.000000,6.000000,4.000000,3.000000,9.125000,5.375000,0
2026-04-25T21:00:00Z,146.300000,125.300000,9.000000,15.000000,18.000000,6.000000,4.000000,9.000000,5.250000,0
2026-04-26T00:00:00Z,148.400000,125.700000,11.000000,9.000000,15.000000,18.000000,6.000000,8.875000,5.250000,0
2026-04-26T03:00:00Z,148.400000,125.700000,11.000000,18.000000,9.000000,15.000000,18.000000,8.875000,5.375000,0
2026-04-26T06:00:00Z,148.400000,125.700000,11.000000,9.000000,18.000000,9.000000,15.000000,8.875000,7.125000,0
2026-04-26T09:00:00Z,148.400000,125.700000,11.000000,15.000000,9.000000,18.000000,9.000000,8.875000,8.375000,0
2026-04-26T12:00:00Z,148.400000,125.700000,11.000000,4.000000,15.000000,9.000000,18.000000,7.750000,9.500000,0
2026-04-26T15:00:00Z,148.400000,125.700000,11.000000,5.000000,4.000000,15.000000,9.000000,9.500000,9.500000,0
2026-04-26T18:00:00Z,148.400000,125.700000,11.000000,12.000000,5.000000,4.000000,15.000000,10.250000,9.125000,0
2026-04-26T21:00:00Z,148.400000,125.700000,11.000000,18.000000,12.000000,5.000000,4.000000,11.750000,9.000000,0
2026-04-27T00:00:00Z,156.300000,126.000000,6.000000,15.000000,18.000000,12.000000,5.000000,11.750000,8.875000,0
2026-04-27T03:00:00Z,156.300000,126.000000,6.000000,7.000000,15.000000,18.000000,12.000000,11.625000,8.875000,0
2026-04-27T06:00:00Z,156.300000,126.000000,6.000000,3.000000,7.000000,15.000000,18.000000,10.875000,8.875000,0
2026-04-27T09:00:00Z,156.300000,126.000000,6.000000,5.000000,3.000000,7.000000,15.000000,11.250000,8.875000,0
2026-04-27T12:00:00Z,156.300000,126.000000,6.000000,4.000000,5.000000,3.000000,7.000000,12.000000,7.750000,0
2026-04-27T15:00:00Z,156.300000,126.000000,6.000000,6.000000,4.000000,5.000000,3.000000,10.625000,9.500000,0
2026-04-27T18:00:00Z,156.300000,126.000000,6.000000,4.000000,6.000000,4.000000,5.000000,9.875000,10.250000,0
2026-04-27T21:00:00Z,156.300000,126.000000,6.000000,3.000000,4.000000,6.000000,4.000000,8.625000,11.750000,0
2026-04-28T00:00:00Z,142.400000,126.300000,2.000000,0.000000,3.000000,4.000000,6.000000,8.625000,11.750000,0
2026-04-28T03:00:00Z,142.400000,126.300000,2.000000,3.000000,0.000000,3.000000,4.000000,8.750000,11.625000,0
2026-04-28T06:00:00Z,142.400000,126.300000,2.000000,0.000000,3.000000,0.000000,3.000000,7.750000,10.875000,0
2026-04-28T09:00:00Z,142.400000,126.300000,2.000000,2.000000,0.000000,3.000000,0.000000,5.875000,11.250000,0
2026-04-28T12:00:00Z,142.400000,126.300000,2.000000,3.000000,2.000000,0.000000,3.000000,4.000000,12.000000,0
2026-04-28T15:00:00Z,142.400000,126.300000,2.000000,3.000000,3.000000,2.000000,0.000000,3.500000,10.625000,0
2026-04-28T18:00:00Z,142.400000,126.300000,2.000000,5.000000,3.000000,3.000000,2.000000,3.125000,9.875000,0
2026-04-28T21:00:00Z,142.400000,126.300000,2.000000,0.000000,5.000000,3.000000,3.000000,2.750000,8.625000,0
2026-04-29T00:00:00Z,149.400000,126.600000,3.000000,0.000000,0.000000,5.000000,3.000000,2.625000,8.625000,0
2026-04-29T03:00:00Z,149.400000,126.600000,3.000000,0.000000,0.000000,0.000000,5.000000,2.250000,8.750000,0
2026-04-29T06:00:00Z,149.400000,126.600000,3.000000,2.000000,0.000000,0.000000,0.000000,2.375000,7.750000,0
2026-04-29T09:00:00Z,149.400000,126.600000,3.000000,3.000000,2.000000,0.000000,0.000000,2.000000,5.875000,0
2026-04-29T12:00:00Z,149.400000,126.600000,3.000000,5.000000,3.000000,2.000000,0.000000,2.000000,4.000000,0
2026-04-29T15:00:00Z,149.400000,126.600000,3.000000,2.000000,5.000000,3.000000,2.000000,1.625000,3.500000,0
2026-04-29T18:00:00Z,149.400000,126.600000,3.000000,6.000000,2.000000,5.000000,3.000000,1.875000,3.125000,0
2026-04-29T21:00:00Z,149.400000,126.600000,3.000000,5.000000,6.000000,2.000000,5.000000,2.000000,2.750000,0
2026-04-30T00:00:00Z,143.100000,126.900000,14.000000,7.000000,5.000000,6.000000,2.000000,2.250000,2.625000,0
2026-04-30T03:00:00Z,143.100000,126.900000,14.000000,5.000000,7.000000,5.000000,6.000000,2.125000,2.250000,0
2026-04-30T06:00:00Z,143.100000,126.900000,14.000000,3.000000,5.000000,7.000000,5.000000,2.250000,2.375000,0
2026-04-30T09:00:00Z,143.100000,126.900000,14.000000,6.000000,3.000000,5.000000,7.000000,2.875000,2.000000,0
2026-04-30T12:00:00Z,143.100000,126.900000,14.000000,9.000000,6.000000,3.000000,5.000000,3.750000,2.000000,0
2026-04-30T15:00:00Z,143.100000,126.900000,14.000000,12.000000,9.000000,6.000000,3.000000,4.375000,1.625000,0
2026-04-30T18:00:00Z,143.100000,126.900000,14.000000,27.000000,12.000000,9.000000,6.000000,4.500000,1.875000,0
2026-04-30T21:00:00Z,143.100000,126.900000,14.000000,39.000000,27.000000,12.000000,9.000000,4.875000,2.000000,0
2026-05-01T00:00:00Z,143.300000,127.200000,13.000000,22.000000,39.000000,27.000000,12.000000,5.375000,2.250000,0
2026-05-01T03:00:00Z,143.300000,127.200000,13.000000,32.000000,22.000000,39.000000,27.000000,6.625000,2.125000,0
2026-05-01T06:00:00Z,143.300000,127.200000,13.000000,12.000000,32.000000,22.000000,39.000000,9.250000,2.250000,0
2026-05-01T09:00:00Z,143.300000,127.200000,13.000000,5.000000,12.000000,32.000000,22.000000,13.500000,2.875000,0
2026-05-01T12:00:00Z,143.300000,127.200000,13.000000,2.000000,5.000000,12.000000,32.000000,15.375000,3.750000,0
2026-05-01T15:00:00Z,143.300000,127.200000,13.000000,7.000000,2.000000,5.000000,12.000000,18.750000,4.375000,0
2026-05-01T18:00:00Z,143.300000,127.200000,13.000000,18.000000,7.000000,2.000000,5.000000,19.875000,4.500000,0
2026-05-01T21:00:00Z,143.300000,127.200000,13.000000,5.000000,18.000000,7.000000,2.000000,19.750000,4.875000,0
2026-05-02T00:00:00Z,144.800000,127.200000,6.000000,9.000000,5.000000,18.000000,7.000000,18.875000,5.375000,0
2026-05-02T03:00:00Z,144.800000,127.200000,6.000000,5.000000,9.000000,5.000000,18.000000,18.250000,6.625000,0
2026-05-02T06:00:00Z,144.800000,127.200000,6.000000,3.000000,5.000000,9.000000,5.000000,17.125000,9.250000,0
2026-05-02T09:00:00Z,144.800000,127.200000,6.000000,6.000000,3.000000,5.000000,9.000000,12.875000,13.500000,0
2026-05-02T12:00:00Z,144.800000,127.200000,6.000000,5.000000,6.000000,3.000000,5.000000,11.250000,15.375000,0
2026-05-02T15:00:00Z,144.800000,127.200000,6.000000,6.000000,5.000000,6.000000,3.000000,7.875000,18.750000,0
2026-05-02T18:00:00Z,144.800000,127.200000,6.000000,6.000000,6.000000,5.000000,6.000000,6.750000,19.875000,0
2026-05-02T21:00:00Z,144.800000,127.200000,6.000000,12.000000,6.000000,6.000000,5.000000,6.875000,19.750000,0
2026-05-03T00:00:00Z,158.700000,127.300000,8.000000,15.000000,12.000000,6.000000,6.000000,7.250000,18.875000,0
2026-05-03T03:00:00Z,158.700000,127.300000,8.000000,9.000000,15.000000,12.000000,6.000000,7.125000,18.250000,0
2026-05-03T06:00:00Z,158.700000,127.300000,8.000000,7.000000,9.000000,15.000000,12.000000,5.625000,17.125000,0
2026-05-03T09:00:00Z,158.700000,127.300000,8.000000,4.000000,7.000000,9.000000,15.000000,6.500000,12.875000,0
2026-05-03T12:00:00Z,158.700000,127.300000,8.000000,6.000000,4.000000,7.000000,9.000000,7.250000,11.250000,0
2026-05-03T15:00:00Z,158.700000,127.300000,8.000000,12.000000,6.000000,4.000000,7.000000,7.750000,7.875000,0
2026-05-03T18:00:00Z,158.700000,127.300000,8.000000,4.000000,12.000000,6.000000,4.000000,8.250000,6.750000,0
2026-05-03T21:00:00Z,158.700000,127.300000,8.000000,3.000000,4.000000,12.000000,6.000000,8.000000,6.875000,0
2026-05-04T00:00:00Z,143.300000,127.200000,23.000000,6.000000,3.000000,4.000000,12.000000,8.125000,7.250000,0
2026-05-04T03:00:00Z,143.300000,127.200000,23.000000,7.000000,6.000000,3.000000,4.000000,8.875000,7.125000,0
2026-05-04T06:00:00Z,143.300000,127.200000,23.000000,6.000000,7.000000,6.000000,3.000000,8.625000,5.625000,0
2026-05-04T09:00:00Z,143.300000,127.200000,23.000000,12.000000,6.000000,7.000000,6.000000,7.500000,6.500000,0
2026-05-04T12:00:00Z,143.300000,127.200000,23.000000,12.000000,12.000000,6.000000,7.000000,6.375000,7.250000,0
2026-05-04T15:00:00Z,143.300000,127.200000,23.000000,32.000000,12.000000,12.000000,6.000000,6.125000,7.750000,0
2026-05-04T18:00:00Z,143.300000,127.200000,23.000000,80.000000,32.000000,12.000000,12.000000,6.000000,8.250000,0
2026-05-04T21:00:00Z,143.300000,127.200000,23.000000,27.000000,80.000000,32.000000,12.000000,7.000000,8.000000,0
2026-05-05T00:00:00Z,138.000000,127.100000,11.000000,39.000000,27.000000,80.000000,32.000000,7.750000,8.125000,0
2026-05-05T03:00:00Z,138.000000,127.100000,11.000000,22.000000,39.000000,27.000000,80.000000,10.250000,8.875000,0
2026-05-05T06:00:00Z,138.000000,127.100000,11.000000,6.000000,22.000000,39.000000,27.000000,19.750000,8.625000,0
2026-05-05T09:00:00Z,138.000000,127.100000,11.000000,4.000000,6.000000,22.000000,39.000000,22.750000,7.500000,0
2026-05-05T12:00:00Z,138.000000,127.100000,11.000000,3.000000,4.000000,6.000000,22.000000,26.875000,6.375000,0
2026-05-05T15:00:00Z,138.000000,127.100000,11.000000,4.000000,3.000000,4.000000,6.000000,28.750000,6.125000,0
2026-05-05T18:00:00Z,138.000000,127.100000,11.000000,5.000000,4.000000,3.000000,4.000000,28.750000,6.000000,0
2026-05-05T21:00:00Z,138.000000,127.100000,11.000000,3.000000,5.000000,4.000000,3.000000,27.750000,7.000000,0
2026-05-06T00:00:00Z,127.500000,126.600000,2.000000,2.000000,3.000000,5.000000,4.000000,26.625000,7.750000,0
2026-05-06T03:00:00Z,127.500000,126.600000,2.000000,0.000000,2.000000,3.000000,5.000000,23.125000,10.250000,0
2026-05-06T06:00:00Z,127.500000,126.600000,2.000000,2.000000,0.000000,2.000000,3.000000,13.750000,19.750000,0
2026-05-06T09:00:00Z,127.500000,126.600000,2.000000,2.000000,2.000000,0.000000,2.000000,10.750000,22.750000,0
2026-05-06T12:00:00Z,127.500000,126.600000,2.000000,2.000000,2.000000,2.000000,0.000000,6.125000,26.875000,0
2026-05-06T15:00:00Z,127.500000,126.600000,2.000000,3.000000,2.000000,2.000000,2.000000,3.375000,28.750000,0
2026-05-06T18:00:00Z,127.500000,126.600000,2.000000,3.000000,3.000000,2.000000,2.000000,2.875000,28.750000,0
2026-05-06T21:00:00Z,127.500000,126.600000,2.000000,3.000000,3.000000,3.000000,2.000000,2.625000,27.750000,0
2026-05-07T00:00:00Z,120.000000,126.100000,7.000000,2.000000,3.000000,3.000000,3.000000,2.500000,26.625000,0
2026-05-07T03:00:00Z,120.000000,126.100000,7.000000,2.000000,2.000000,3.000000,3.000000,2.375000,23.125000,0
2026-05-07T06:00:00Z,120.000000,126.100000,7.000000,2.000000,2.000000,2.000000,3.000000,2.125000,13.750000,0
2026-05-07T09:00:00Z,120.000000,126.100000,7.000000,2.000000,2.000000,2.000000,2.000000,2.125000,10.750000,0
2026-05-07T12:00:00Z,120.000000,126.100000,7.000000,3.000000,2.000000,2.000000,2.000000,2.125000,6.125000,0
2026-05-07T15:00:00Z,120.000000,126.100000,7.000000,18.000000,3.000000,2.000000,2.000000,2.375000,3.375000,0
2026-05-07T18:00:00Z,120.000000,126.100000,7.000000,22.000000,18.000000,3.000000,2.000000,2.375000,2.875000,0
2026-05-07T21:00:00Z,120.000000,126.100000,7.000000,7.000000,22.000000,18.000000,3.000000,2.375000,2.625000,0
2026-05-08T00:00:00Z,116.500000,125.400000,12.000000,12.000000,7.000000,22.000000,18.000000,2.500000,2.500000,0
2026-05-08T03:00:00Z,116.500000,125.400000,12.000000,4.000000,12.000000,7.000000,22.000000,4.375000,2.375000,0
2026-05-08T06:00:00Z,116.500000,125.400000,12.000000,7.000000,4.000000,12.000000,7.000000,6.750000,2.125000,0
2026-05-08T09:00:00Z,116.500000,125.400000,12.000000,18.000000,7.000000,4.000000,12.000000,7.250000,2.125000,0
2026-05-08T12:00:00Z,116.500000,125.400000,12.000000,18.000000,18.000000,7.000000,4.000000,8.500000,2.125000,0
2026-05-08T15:00:00Z,116.500000,125.400000,12.000000,18.000000,18.000000,18.000000,7.000000,8.750000,2.375000,0
2026-05-08T18:00:00Z,116.500000,125.400000,12.000000,9.000000,18.000000,18.000000,18.000000,9.375000,2.375000,0
2026-05-08T21:00:00Z,116.500000,125.400000,12.000000,12.000000,9.000000,18.000000,18.000000,11.375000,2.375000,0
2026-05-09T00:00:00Z,119.500000,124.900000,4.000000,7.000000,12.000000,9.000000,18.000000,13.250000,2.500000,0
2026-05-09T03:00:00Z,119.500000,124.900000,4.000000,5.000000,7.000000,12.000000,9.000000,13.250000,4.375000,0
2026-05-09T06:00:00Z,119.500000,124.900000,4.000000,3.000000,5.000000,7.000000,12.000000,11.625000,6.750000,0
2026-05-09T09:00:00Z,119.500000,124.900000,4.000000,5.000000,3.000000,5.000000,7.000000,12.250000,7.250000,0
2026-05-09T12:00:00Z,119.500000,124.900000,4.000000,3.000000,5.000000,3.000000,5.000000,11.625000,8.500000,0
2026-05-09T15:00:00Z,119.500000,124.900000,4.000000,5.000000,3.000000,5.000000,3.000000,11.750000,8.750000,0
2026-05-09T18:00:00Z,119.500000,124.900000,4.000000,3.000000,5.000000,3.000000,5.000000,11.250000,9.375000,0
2026-05-09T21:00:00Z,119.500000,124.900000,4.000000,3.000000,3.000000,5.000000,3.000000,9.625000,11.375000,0
2026-05-10T00:00:00Z,122.600000,124.400000,4.000000,0.000000,3.000000,3.000000,5.000000,7.750000,13.250000,1
2026-05-10T03:00:00Z,122.600000,124.400000,4.000000,3.000000,0.000000,3.000000,3.000000,6.125000,13.250000,1
2026-05-10T06:00:00Z,122.600000,124.400000,4.000000,3.000000,3.000000,0.000000,3.000000,5.375000,11.625000,1
2026-05-10T09:00:00Z,122.600000,124.400000,4.000000,3.000000,3.000000,3.000000,0.000000,4.250000,12.250000,1
2026-05-10T12:00:00Z,122.600000,124.400000,4.000000,4.000000,3.000000,3.000000,3.000000,3.375000,11.625000,1
2026-05-10T15:00:00Z,122.600000,124.400000,4.000000,5.000000,4.000000,3.000000,3.000000,3.125000,11.750000,1
2026-05-10T18:00:00Z,122.600000,124.400000,4.000000,7.000000,5.000000,4.000000,3.000000,3.125000,11.250000,1
